{
  "scores": {
    "clip": 0.6326646417379379,
    "vit": 0.35433719158172605,
    "slowfast": 0.11732462793588638,
    "audio": 0.0,
    "text": 0.5174030661582947,
    "violence_stream": 0.11732462793588638,
    "final": 0.3368331681936979
  },
  "fusion_weights": {
    "clip": 0.15,
    "vit": 0.6,
    "violence": 0.25,
    "audio": 0.0,
    "text": 0.0
  },
  "thresholds": {
    "allow": 0.3,
    "review": 0.55,
    "block": 0.78
  },
  "decision": "ALLOW"
}