{
  "model": "jaranohaal/vit-base-violence-detection",
  "frames_dir": "/home/jovyan/kau-muhayu-multimodal-harmful-content-detect/임영재/팀원_라벨링/팀원_데이터/video_frames/EUgjFWbm_0",
  "num_frames_total": 120,
  "num_frames_used": 12,
  "per_frame": {
    "clip_000_frame_000.jpg": {
      "violence_prob": 0.351991206407547
    },
    "clip_000_frame_010.jpg": {
      "violence_prob": 0.3558425009250641
    },
    "clip_000_frame_020.jpg": {
      "violence_prob": 0.35241782665252686
    },
    "clip_000_frame_030.jpg": {
      "violence_prob": 0.3479698896408081
    },
    "clip_000_frame_040.jpg": {
      "violence_prob": 0.34917259216308594
    },
    "clip_000_frame_050.jpg": {
      "violence_prob": 0.3480944335460663
    },
    "clip_001_frame_000.jpg": {
      "violence_prob": 0.3531055748462677
    },
    "clip_001_frame_010.jpg": {
      "violence_prob": 0.3486016094684601
    },
    "clip_001_frame_020.jpg": {
      "violence_prob": 0.34813278913497925
    },
    "clip_001_frame_030.jpg": {
      "violence_prob": 0.3443882167339325
    },
    "clip_001_frame_040.jpg": {
      "violence_prob": 0.34484225511550903
    },
    "clip_001_frame_050.jpg": {
      "violence_prob": 0.3450075089931488
    }
  },
  "overall": {
    "avg_violence_prob": 0.3491305336356163,
    "max_violence_prob": 0.3558425009250641,
    "p95_violence_prob": 0.35433719158172605
  }
}