{
  "scores": {
    "clip": 0.9139426380395889,
    "vit": 0.30091697722673416,
    "slowfast": 0.07098306715488434,
    "audio": 0.0,
    "text": 0.8587605357170105,
    "violence_stream": 0.07098306715488434,
    "final": 0.33538734883069987
  },
  "fusion_weights": {
    "clip": 0.15,
    "vit": 0.6,
    "violence": 0.25,
    "audio": 0.0,
    "text": 0.0
  },
  "thresholds": {
    "allow": 0.3,
    "review": 0.55,
    "block": 0.78
  },
  "decision": "ALLOW"
}