{
  "scores": {
    "clip": 0.5783401668071746,
    "vit": 0.14318960458040236,
    "slowfast": 0.82789146900177,
    "audio": 0.0,
    "text": 0.0,
    "violence_stream": 0.82789146900177,
    "final": 0.5597802408039569
  },
  "fusion_weights": {
    "clip": 0.8,
    "vit": 0.1,
    "violence": 0.1,
    "audio": 0.0,
    "text": 0.0
  },
  "thresholds": {
    "allow": 0.3,
    "review": 0.55,
    "block": 0.78
  },
  "decision": "REVIEW"
}