{
  "model": "jaranohaal/vit-base-violence-detection",
  "frames_dir": "/home/jovyan/kau-muhayu-multimodal-harmful-content-detect/임영재/팀원_라벨링_모델선정/결과_데이터_training/팀원_데이터/video_frames/비디오/V_765",
  "num_frames_total": 119,
  "num_frames_used": 32,
  "per_frame": {
    "clip_000_frame_000.jpg": {
      "violence_prob": 0.09097161889076233
    },
    "clip_000_frame_003.jpg": {
      "violence_prob": 0.09316813200712204
    },
    "clip_000_frame_007.jpg": {
      "violence_prob": 0.10339374095201492
    },
    "clip_000_frame_011.jpg": {
      "violence_prob": 0.09461197257041931
    },
    "clip_000_frame_015.jpg": {
      "violence_prob": 0.0993572250008583
    },
    "clip_000_frame_019.jpg": {
      "violence_prob": 0.09917420148849487
    },
    "clip_000_frame_022.jpg": {
      "violence_prob": 0.10134002566337585
    },
    "clip_000_frame_026.jpg": {
      "violence_prob": 0.09326652437448502
    },
    "clip_000_frame_030.jpg": {
      "violence_prob": 0.10108637064695358
    },
    "clip_000_frame_034.jpg": {
      "violence_prob": 0.09822636097669601
    },
    "clip_000_frame_038.jpg": {
      "violence_prob": 0.10152550786733627
    },
    "clip_000_frame_041.jpg": {
      "violence_prob": 0.10020807385444641
    },
    "clip_000_frame_045.jpg": {
      "violence_prob": 0.09976482391357422
    },
    "clip_000_frame_049.jpg": {
      "violence_prob": 0.09731943905353546
    },
    "clip_000_frame_053.jpg": {
      "violence_prob": 0.09916868060827255
    },
    "clip_000_frame_057.jpg": {
      "violence_prob": 0.10137983411550522
    },
    "clip_001_frame_001.jpg": {
      "violence_prob": 0.0996583104133606
    },
    "clip_001_frame_005.jpg": {
      "violence_prob": 0.10984638333320618
    },
    "clip_001_frame_009.jpg": {
      "violence_prob": 0.10095550119876862
    },
    "clip_001_frame_013.jpg": {
      "violence_prob": 0.09070282429456711
    },
    "clip_001_frame_017.jpg": {
      "violence_prob": 0.11376979202032089
    },
    "clip_001_frame_020.jpg": {
      "violence_prob": 0.15621770918369293
    },
    "clip_001_frame_024.jpg": {
      "violence_prob": 0.14639528095722198
    },
    "clip_001_frame_028.jpg": {
      "violence_prob": 0.1978120654821396
    },
    "clip_001_frame_032.jpg": {
      "violence_prob": 0.21129542589187622
    },
    "clip_001_frame_036.jpg": {
      "violence_prob": 0.21903550624847412
    },
    "clip_001_frame_039.jpg": {
      "violence_prob": 0.20280510187149048
    },
    "clip_001_frame_043.jpg": {
      "violence_prob": 0.1581902801990509
    },
    "clip_001_frame_047.jpg": {
      "violence_prob": 0.17089031636714935
    },
    "clip_001_frame_051.jpg": {
      "violence_prob": 0.12170738726854324
    },
    "clip_001_frame_055.jpg": {
      "violence_prob": 0.13272137939929962
    },
    "clip_001_frame_059.jpg": {
      "violence_prob": 0.19384156167507172
    }
  },
  "overall": {
    "avg_violence_prob": 0.12499397993087769,
    "max_violence_prob": 0.21903550624847412,
    "p95_violence_prob": 0.20662574768066405
  }
}