{
  "scores": {
    "clip": 0.769705280661583,
    "vit": 0.14316663295030593,
    "slowfast": 1.2637638974410947e-05,
    "audio": 0.0,
    "text": 0.0,
    "violence_stream": 1.2637638974410947e-05,
    "final": 0.6300821515881944
  },
  "fusion_weights": {
    "clip": 0.8,
    "vit": 0.1,
    "violence": 0.1,
    "audio": 0.0,
    "text": 0.0
  },
  "thresholds": {
    "allow": 0.3,
    "review": 0.55,
    "block": 0.78
  },
  "decision": "REVIEW"
}