{
  "scores": {
    "clip": 0.6936784446239471,
    "vit": 0.6168941050767899,
    "slowfast": 0.044904354959726334,
    "audio": 0.0,
    "text": 0.40844637155532837,
    "violence_stream": 0.044904354959726334,
    "final": 0.48541431847959754
  },
  "fusion_weights": {
    "clip": 0.15,
    "vit": 0.6,
    "violence": 0.25,
    "audio": 0.0,
    "text": 0.0
  },
  "thresholds": {
    "allow": 0.3,
    "review": 0.55,
    "block": 0.78
  },
  "decision": "ALLOW"
}