{
  "scores": {
    "clip": 0.6071984529495239,
    "vit": 0.38934582769870757,
    "slowfast": 0.04588758572936058,
    "audio": 0.0,
    "text": 0.0,
    "violence_stream": 0.04588758572936058,
    "final": 0.33615916099399323
  },
  "fusion_weights": {
    "clip": 0.15,
    "vit": 0.6,
    "violence": 0.25,
    "audio": 0.0,
    "text": 0.0
  },
  "thresholds": {
    "allow": 0.3,
    "review": 0.55,
    "block": 0.78
  },
  "decision": "ALLOW"
}