{
  "scores": {
    "clip": 0.5379889339208602,
    "vit": 0.4438220769166946,
    "slowfast": 0.04588758572936058,
    "audio": 0.0,
    "text": 0.0,
    "violence_stream": 0.04588758572936058,
    "final": 0.35846348267048594
  },
  "fusion_weights": {
    "clip": 0.15,
    "vit": 0.6,
    "violence": 0.25,
    "audio": 0.0,
    "text": 0.0
  },
  "thresholds": {
    "allow": 0.3,
    "review": 0.55,
    "block": 0.78
  },
  "decision": "ALLOW"
}