{
  "scores": {
    "clip": 0.6331560134887695,
    "vit": 0.8175607562065125,
    "slowfast": 0.0,
    "audio": 0.0,
    "text": 0.17946818470954895,
    "violence_stream": 0.0,
    "final": 0.5855098557472229
  },
  "fusion_weights": {
    "clip": 0.15,
    "vit": 0.6,
    "violence": 0.25,
    "audio": 0.0,
    "text": 0.0
  },
  "thresholds": {
    "allow": 0.3,
    "review": 0.55,
    "block": 0.78
  },
  "decision": "REVIEW"
}