{
  "scores": {
    "clip": 0.8883380860090255,
    "vit": 0.6835626721382141,
    "slowfast": 0.10428503155708313,
    "audio": 0.0,
    "text": 0.019846236333251,
    "violence_stream": 0.10428503155708313,
    "final": 0.5694595740735531
  },
  "fusion_weights": {
    "clip": 0.15,
    "vit": 0.6,
    "violence": 0.25,
    "audio": 0.0,
    "text": 0.0
  },
  "thresholds": {
    "allow": 0.3,
    "review": 0.55,
    "block": 0.78
  },
  "decision": "REVIEW"
}