{
  "model": "jaranohaal/vit-base-violence-detection",
  "frames_dir": "/home/jovyan/kau-muhayu-multimodal-harmful-content-detect/임영재/팀원_라벨링/팀원_데이터/video_frames/V_294",
  "num_frames_total": 119,
  "num_frames_used": 12,
  "per_frame": {
    "clip_000_frame_000.jpg": {
      "violence_prob": 0.8460927605628967
    },
    "clip_000_frame_010.jpg": {
      "violence_prob": 0.8278521299362183
    },
    "clip_000_frame_020.jpg": {
      "violence_prob": 0.7583338022232056
    },
    "clip_000_frame_030.jpg": {
      "violence_prob": 0.794613778591156
    },
    "clip_000_frame_040.jpg": {
      "violence_prob": 0.759564220905304
    },
    "clip_000_frame_050.jpg": {
      "violence_prob": 0.7593345046043396
    },
    "clip_001_frame_001.jpg": {
      "violence_prob": 0.7049140334129333
    },
    "clip_001_frame_011.jpg": {
      "violence_prob": 0.7252333164215088
    },
    "clip_001_frame_021.jpg": {
      "violence_prob": 0.6407249569892883
    },
    "clip_001_frame_031.jpg": {
      "violence_prob": 0.7218514084815979
    },
    "clip_001_frame_041.jpg": {
      "violence_prob": 0.7926099300384521
    },
    "clip_001_frame_051.jpg": {
      "violence_prob": 0.7760400772094727
    }
  },
  "overall": {
    "avg_violence_prob": 0.7589304099480311,
    "max_violence_prob": 0.8460927605628967,
    "p95_violence_prob": 0.8360604137182236
  }
}