{
  "model": "jaranohaal/vit-base-violence-detection",
  "frames_dir": "/home/jovyan/kau-muhayu-multimodal-harmful-content-detect/임영재/팀원_라벨링_모델선정/결과_데이터_32/안지산/video_frames/비디오/sexual__clips__3804812-uhd_2160_4096_25fps_0.00_28.64",
  "num_frames_total": 700,
  "num_frames_used": 32,
  "per_frame": {
    "clip_000_frame_000.jpg": {
      "violence_prob": 0.41330432891845703
    },
    "clip_000_frame_022.jpg": {
      "violence_prob": 0.4092056453227997
    },
    "clip_000_frame_045.jpg": {
      "violence_prob": 0.4115859270095825
    },
    "clip_001_frame_017.jpg": {
      "violence_prob": 0.37590309977531433
    },
    "clip_001_frame_040.jpg": {
      "violence_prob": 0.38717252016067505
    },
    "clip_002_frame_012.jpg": {
      "violence_prob": 0.3510028123855591
    },
    "clip_002_frame_035.jpg": {
      "violence_prob": 0.4310368299484253
    },
    "clip_003_frame_007.jpg": {
      "violence_prob": 0.3648136556148529
    },
    "clip_003_frame_030.jpg": {
      "violence_prob": 0.3989519774913788
    },
    "clip_004_frame_002.jpg": {
      "violence_prob": 0.3951449394226074
    },
    "clip_004_frame_025.jpg": {
      "violence_prob": 0.38715818524360657
    },
    "clip_004_frame_048.jpg": {
      "violence_prob": 0.32465851306915283
    },
    "clip_005_frame_020.jpg": {
      "violence_prob": 0.32305845618247986
    },
    "clip_005_frame_043.jpg": {
      "violence_prob": 0.33707085251808167
    },
    "clip_006_frame_015.jpg": {
      "violence_prob": 0.36768075823783875
    },
    "clip_006_frame_038.jpg": {
      "violence_prob": 0.32994306087493896
    },
    "clip_007_frame_010.jpg": {
      "violence_prob": 0.380807101726532
    },
    "clip_007_frame_033.jpg": {
      "violence_prob": 0.4075300097465515
    },
    "clip_008_frame_005.jpg": {
      "violence_prob": 0.3947300314903259
    },
    "clip_008_frame_028.jpg": {
      "violence_prob": 0.35334962606430054
    },
    "clip_009_frame_000.jpg": {
      "violence_prob": 0.398607075214386
    },
    "clip_009_frame_023.jpg": {
      "violence_prob": 0.3789597451686859
    },
    "clip_009_frame_046.jpg": {
      "violence_prob": 0.3499888777732849
    },
    "clip_010_frame_018.jpg": {
      "violence_prob": 0.34839463233947754
    },
    "clip_010_frame_041.jpg": {
      "violence_prob": 0.31394895911216736
    },
    "clip_011_frame_013.jpg": {
      "violence_prob": 0.33860763907432556
    },
    "clip_011_frame_036.jpg": {
      "violence_prob": 0.3366182744503021
    },
    "clip_012_frame_008.jpg": {
      "violence_prob": 0.37073782086372375
    },
    "clip_012_frame_031.jpg": {
      "violence_prob": 0.35074055194854736
    },
    "clip_013_frame_003.jpg": {
      "violence_prob": 0.34441038966178894
    },
    "clip_013_frame_026.jpg": {
      "violence_prob": 0.3518877625465393
    },
    "clip_013_frame_049.jpg": {
      "violence_prob": 0.34757429361343384
    }
  },
  "overall": {
    "avg_violence_prob": 0.36795576103031635,
    "max_violence_prob": 0.4310368299484253,
    "p95_violence_prob": 0.41235920786857605
  }
}