{
  "scores": {
    "clip": 0.4838351279497146,
    "vit": 0.7516268581151963,
    "slowfast": 0.0,
    "audio": 0.0012652300065383315,
    "text": 0.6022340059280396,
    "violence_stream": 0.0,
    "final": 0.5235513840615749
  },
  "fusion_weights": {
    "clip": 0.15,
    "vit": 0.6,
    "violence": 0.25,
    "audio": 0.0,
    "text": 0.0
  },
  "thresholds": {
    "allow": 0.3,
    "review": 0.55,
    "block": 0.78
  },
  "decision": "ALLOW"
}