{
  "model": "jaranohaal/vit-base-violence-detection",
  "frames_dir": "/home/jovyan/kau-muhayu-multimodal-harmful-content-detect/임영재/팀원_라벨링/팀원_데이터/video_frames/NV_31",
  "num_frames_total": 120,
  "num_frames_used": 12,
  "per_frame": {
    "clip_000_frame_000.jpg": {
      "violence_prob": 0.697481095790863
    },
    "clip_000_frame_010.jpg": {
      "violence_prob": 0.724182665348053
    },
    "clip_000_frame_020.jpg": {
      "violence_prob": 0.7462301850318909
    },
    "clip_000_frame_030.jpg": {
      "violence_prob": 0.7496386170387268
    },
    "clip_000_frame_040.jpg": {
      "violence_prob": 0.7307697534561157
    },
    "clip_000_frame_050.jpg": {
      "violence_prob": 0.7496296763420105
    },
    "clip_001_frame_000.jpg": {
      "violence_prob": 0.7540569305419922
    },
    "clip_001_frame_010.jpg": {
      "violence_prob": 0.6521286964416504
    },
    "clip_001_frame_020.jpg": {
      "violence_prob": 0.6113961935043335
    },
    "clip_001_frame_030.jpg": {
      "violence_prob": 0.6451848149299622
    },
    "clip_001_frame_040.jpg": {
      "violence_prob": 0.5993193984031677
    },
    "clip_001_frame_050.jpg": {
      "violence_prob": 0.5623083114624023
    }
  },
  "overall": {
    "avg_violence_prob": 0.685193861524264,
    "max_violence_prob": 0.7540569305419922,
    "p95_violence_prob": 0.7516268581151963
  }
}