{
  "scores": {
    "clip": 0.5936029434204102,
    "vit": 0.470790883898735,
    "slowfast": 0.02091878466308117,
    "audio": 0.003738356987014413,
    "text": 0.12360025197267532,
    "violence_stream": 0.02091878466308117,
    "final": 0.3767446680180728
  },
  "fusion_weights": {
    "clip": 0.15,
    "vit": 0.6,
    "violence": 0.25,
    "audio": 0.0,
    "text": 0.0
  },
  "thresholds": {
    "allow": 0.3,
    "review": 0.55,
    "block": 0.78
  },
  "decision": "ALLOW"
}