{
  "scores": {
    "clip": 0.5949688822031021,
    "vit": 0.834332138299942,
    "slowfast": 0.0,
    "audio": 0.003738356987014413,
    "text": 0.12360025197267532,
    "violence_stream": 0.0,
    "final": 0.5898446153104304
  },
  "fusion_weights": {
    "clip": 0.15,
    "vit": 0.6,
    "violence": 0.25,
    "audio": 0.0,
    "text": 0.0
  },
  "thresholds": {
    "allow": 0.3,
    "review": 0.55,
    "block": 0.78
  },
  "decision": "REVIEW"
}