{
  "model": "jaranohaal/vit-base-violence-detection",
  "frames_dir": "/home/jovyan/kau-muhayu-multimodal-harmful-content-detect/임영재/팀원_라벨링/팀원_데이터/video_frames/NV_319",
  "num_frames_total": 100,
  "num_frames_used": 10,
  "per_frame": {
    "clip_000_frame_000.jpg": {
      "violence_prob": 0.7116482257843018
    },
    "clip_000_frame_010.jpg": {
      "violence_prob": 0.730639636516571
    },
    "clip_000_frame_020.jpg": {
      "violence_prob": 0.7796019911766052
    },
    "clip_000_frame_030.jpg": {
      "violence_prob": 0.7888833284378052
    },
    "clip_000_frame_040.jpg": {
      "violence_prob": 0.7904633283615112
    },
    "clip_001_frame_000.jpg": {
      "violence_prob": 0.7856367230415344
    },
    "clip_001_frame_010.jpg": {
      "violence_prob": 0.8239942789077759
    },
    "clip_001_frame_020.jpg": {
      "violence_prob": 0.829284131526947
    },
    "clip_001_frame_030.jpg": {
      "violence_prob": 0.8342472314834595
    },
    "clip_001_frame_040.jpg": {
      "violence_prob": 0.8344016075134277
    }
  },
  "overall": {
    "avg_violence_prob": 0.7908800482749939,
    "max_violence_prob": 0.8344016075134277,
    "p95_violence_prob": 0.834332138299942
  }
}