{
  "scores": {
    "clip": 0.8955449819564819,
    "vit": 0.11961786299943923,
    "slowfast": 0.030326226726174355,
    "audio": 0.0,
    "text": 0.0,
    "violence_stream": 0.030326226726174355,
    "final": 0.7314303945377469
  },
  "fusion_weights": {
    "clip": 0.8,
    "vit": 0.1,
    "violence": 0.1,
    "audio": 0.0,
    "text": 0.0
  },
  "thresholds": {
    "allow": 0.3,
    "review": 0.55,
    "block": 0.78
  },
  "decision": "REVIEW"
}