{
  "model": "jaranohaal/vit-base-violence-detection",
  "frames_dir": "/home/jovyan/kau-muhayu-multimodal-harmful-content-detect/임영재/팀원_라벨링_모델선정/결과_데이터_32/박상원/video_frames/비디오/video_066_aggression_fight",
  "num_frames_total": 500,
  "num_frames_used": 32,
  "per_frame": {
    "clip_000_frame_000.jpg": {
      "violence_prob": 0.1077682375907898
    },
    "clip_000_frame_016.jpg": {
      "violence_prob": 0.11243151873350143
    },
    "clip_000_frame_032.jpg": {
      "violence_prob": 0.1192365512251854
    },
    "clip_000_frame_048.jpg": {
      "violence_prob": 0.12333078682422638
    },
    "clip_001_frame_014.jpg": {
      "violence_prob": 0.12768694758415222
    },
    "clip_001_frame_030.jpg": {
      "violence_prob": 0.1231474056839943
    },
    "clip_001_frame_046.jpg": {
      "violence_prob": 0.13169191777706146
    },
    "clip_002_frame_012.jpg": {
      "violence_prob": 0.1339251548051834
    },
    "clip_002_frame_028.jpg": {
      "violence_prob": 0.12720884382724762
    },
    "clip_002_frame_044.jpg": {
      "violence_prob": 0.13268671929836273
    },
    "clip_003_frame_010.jpg": {
      "violence_prob": 0.147147536277771
    },
    "clip_003_frame_027.jpg": {
      "violence_prob": 0.14810144901275635
    },
    "clip_003_frame_043.jpg": {
      "violence_prob": 0.15115778148174286
    },
    "clip_004_frame_009.jpg": {
      "violence_prob": 0.15154361724853516
    },
    "clip_004_frame_025.jpg": {
      "violence_prob": 0.14249102771282196
    },
    "clip_004_frame_041.jpg": {
      "violence_prob": 0.1502339243888855
    },
    "clip_005_frame_007.jpg": {
      "violence_prob": 0.14693503081798553
    },
    "clip_005_frame_023.jpg": {
      "violence_prob": 0.13596144318580627
    },
    "clip_005_frame_039.jpg": {
      "violence_prob": 0.12958410382270813
    },
    "clip_006_frame_005.jpg": {
      "violence_prob": 0.13650014996528625
    },
    "clip_006_frame_021.jpg": {
      "violence_prob": 0.14849160611629486
    },
    "clip_006_frame_038.jpg": {
      "violence_prob": 0.14214526116847992
    },
    "clip_007_frame_004.jpg": {
      "violence_prob": 0.14716607332229614
    },
    "clip_007_frame_020.jpg": {
      "violence_prob": 0.15120692551136017
    },
    "clip_007_frame_036.jpg": {
      "violence_prob": 0.1537345051765442
    },
    "clip_008_frame_002.jpg": {
      "violence_prob": 0.1507856398820877
    },
    "clip_008_frame_018.jpg": {
      "violence_prob": 0.15212693810462952
    },
    "clip_008_frame_034.jpg": {
      "violence_prob": 0.12809455394744873
    },
    "clip_009_frame_000.jpg": {
      "violence_prob": 0.14540493488311768
    },
    "clip_009_frame_016.jpg": {
      "violence_prob": 0.14345316588878632
    },
    "clip_009_frame_032.jpg": {
      "violence_prob": 0.141235813498497
    },
    "clip_009_frame_049.jpg": {
      "violence_prob": 0.1357540488243103
    }
  },
  "overall": {
    "avg_violence_prob": 0.1380740504246205,
    "max_violence_prob": 0.1537345051765442,
    "p95_violence_prob": 0.1518061116337776
  }
}