{
  "scores": {
    "clip": 0.3484846010804176,
    "vit": 0.681843426823616,
    "slowfast": 0.0,
    "audio": 0.0,
    "text": 0.26357588171958923,
    "violence_stream": 0.0,
    "final": 0.4613787462562322
  },
  "fusion_weights": {
    "clip": 0.15,
    "vit": 0.6,
    "violence": 0.25,
    "audio": 0.0,
    "text": 0.0
  },
  "thresholds": {
    "allow": 0.3,
    "review": 0.55,
    "block": 0.78
  },
  "decision": "ALLOW"
}