{
  "model": "jaranohaal/vit-base-violence-detection",
  "frames_dir": "/home/jovyan/kau-muhayu-multimodal-harmful-content-detect/임영재/팀원_라벨링_모델선정/결과_데이터_32/안지산/video_frames/안전비디오/clips__3973312-uhd_3840_2160_25fps_9.21_12.28",
  "num_frames_total": 115,
  "num_frames_used": 32,
  "per_frame": {
    "clip_000_frame_000.jpg": {
      "violence_prob": 0.3852695822715759
    },
    "clip_000_frame_003.jpg": {
      "violence_prob": 0.37591397762298584
    },
    "clip_000_frame_007.jpg": {
      "violence_prob": 0.3796308934688568
    },
    "clip_000_frame_011.jpg": {
      "violence_prob": 0.3884204626083374
    },
    "clip_000_frame_014.jpg": {
      "violence_prob": 0.38372933864593506
    },
    "clip_000_frame_018.jpg": {
      "violence_prob": 0.38505929708480835
    },
    "clip_000_frame_022.jpg": {
      "violence_prob": 0.38473352789878845
    },
    "clip_000_frame_025.jpg": {
      "violence_prob": 0.37783539295196533
    },
    "clip_000_frame_029.jpg": {
      "violence_prob": 0.38060227036476135
    },
    "clip_000_frame_033.jpg": {
      "violence_prob": 0.3875344395637512
    },
    "clip_000_frame_036.jpg": {
      "violence_prob": 0.3872985243797302
    },
    "clip_000_frame_040.jpg": {
      "violence_prob": 0.3817276358604431
    },
    "clip_000_frame_044.jpg": {
      "violence_prob": 0.38490596413612366
    },
    "clip_000_frame_047.jpg": {
      "violence_prob": 0.3867168724536896
    },
    "clip_000_frame_051.jpg": {
      "violence_prob": 0.3869836628437042
    },
    "clip_000_frame_055.jpg": {
      "violence_prob": 0.38362932205200195
    },
    "clip_000_frame_058.jpg": {
      "violence_prob": 0.38501378893852234
    },
    "clip_000_frame_062.jpg": {
      "violence_prob": 0.387845516204834
    },
    "clip_000_frame_066.jpg": {
      "violence_prob": 0.38498854637145996
    },
    "clip_000_frame_069.jpg": {
      "violence_prob": 0.3802306354045868
    },
    "clip_000_frame_073.jpg": {
      "violence_prob": 0.3826482594013214
    },
    "clip_000_frame_077.jpg": {
      "violence_prob": 0.39069128036499023
    },
    "clip_000_frame_080.jpg": {
      "violence_prob": 0.38678303360939026
    },
    "clip_000_frame_084.jpg": {
      "violence_prob": 0.38118475675582886
    },
    "clip_000_frame_088.jpg": {
      "violence_prob": 0.38871821761131287
    },
    "clip_000_frame_091.jpg": {
      "violence_prob": 0.38531458377838135
    },
    "clip_000_frame_095.jpg": {
      "violence_prob": 0.3861544132232666
    },
    "clip_000_frame_099.jpg": {
      "violence_prob": 0.3843667209148407
    },
    "clip_000_frame_102.jpg": {
      "violence_prob": 0.38540181517601013
    },
    "clip_000_frame_106.jpg": {
      "violence_prob": 0.3833117187023163
    },
    "clip_000_frame_110.jpg": {
      "violence_prob": 0.3887465000152588
    },
    "clip_000_frame_114.jpg": {
      "violence_prob": 0.3811728358268738
    }
  },
  "overall": {
    "avg_violence_prob": 0.3844551183283329,
    "max_violence_prob": 0.39069128036499023,
    "p95_violence_prob": 0.38873094469308855
  }
}