{
  "scores": {
    "clip": 0.8002885848283767,
    "vit": 0.6121716439723969,
    "slowfast": 0.0,
    "audio": 0.0,
    "text": 0.10343444347381592,
    "violence_stream": 0.0,
    "final": 0.4873462741076946
  },
  "fusion_weights": {
    "clip": 0.15,
    "vit": 0.6,
    "violence": 0.25,
    "audio": 0.0,
    "text": 0.0
  },
  "thresholds": {
    "allow": 0.3,
    "review": 0.55,
    "block": 0.78
  },
  "decision": "ALLOW"
}