{
  "scores": {
    "clip": 0.5123163685202599,
    "vit": 0.07597532644867895,
    "slowfast": 0.48530054092407227,
    "audio": 0.0,
    "text": 0.008650942705571651,
    "violence_stream": 0.48530054092407227,
    "final": 0.2437577863782644
  },
  "fusion_weights": {
    "clip": 0.15,
    "vit": 0.6,
    "violence": 0.25,
    "audio": 0.0,
    "text": 0.0
  },
  "thresholds": {
    "allow": 0.3,
    "review": 0.55,
    "block": 0.78
  },
  "decision": "ALLOW"
}