{
  "model": "jaranohaal/vit-base-violence-detection",
  "frames_dir": "/home/jovyan/kau-muhayu-multimodal-harmful-content-detect/임영재/팀원_라벨링_모델선정/결과_데이터_32/안지산/video_frames/비디오/sexual__clips__3804812-uhd_2160_4096_25fps_28.64_57.28",
  "num_frames_total": 700,
  "num_frames_used": 32,
  "per_frame": {
    "clip_000_frame_000.jpg": {
      "violence_prob": 0.3523617386817932
    },
    "clip_000_frame_022.jpg": {
      "violence_prob": 0.40167123079299927
    },
    "clip_000_frame_045.jpg": {
      "violence_prob": 0.2827625572681427
    },
    "clip_001_frame_017.jpg": {
      "violence_prob": 0.3668367862701416
    },
    "clip_001_frame_040.jpg": {
      "violence_prob": 0.3951628506183624
    },
    "clip_002_frame_012.jpg": {
      "violence_prob": 0.40200671553611755
    },
    "clip_002_frame_035.jpg": {
      "violence_prob": 0.4063355624675751
    },
    "clip_003_frame_007.jpg": {
      "violence_prob": 0.35596978664398193
    },
    "clip_003_frame_030.jpg": {
      "violence_prob": 0.3711486756801605
    },
    "clip_004_frame_002.jpg": {
      "violence_prob": 0.36184048652648926
    },
    "clip_004_frame_025.jpg": {
      "violence_prob": 0.3709859848022461
    },
    "clip_004_frame_048.jpg": {
      "violence_prob": 0.35399287939071655
    },
    "clip_005_frame_020.jpg": {
      "violence_prob": 0.35588201880455017
    },
    "clip_005_frame_043.jpg": {
      "violence_prob": 0.39138054847717285
    },
    "clip_006_frame_015.jpg": {
      "violence_prob": 0.3830859363079071
    },
    "clip_006_frame_038.jpg": {
      "violence_prob": 0.3539823591709137
    },
    "clip_007_frame_010.jpg": {
      "violence_prob": 0.324259877204895
    },
    "clip_007_frame_033.jpg": {
      "violence_prob": 0.34183570742607117
    },
    "clip_008_frame_005.jpg": {
      "violence_prob": 0.29821881651878357
    },
    "clip_008_frame_028.jpg": {
      "violence_prob": 0.29981011152267456
    },
    "clip_009_frame_000.jpg": {
      "violence_prob": 0.33797168731689453
    },
    "clip_009_frame_023.jpg": {
      "violence_prob": 0.3146478235721588
    },
    "clip_009_frame_046.jpg": {
      "violence_prob": 0.3067203760147095
    },
    "clip_010_frame_018.jpg": {
      "violence_prob": 0.34365537762641907
    },
    "clip_010_frame_041.jpg": {
      "violence_prob": 0.38513901829719543
    },
    "clip_011_frame_013.jpg": {
      "violence_prob": 0.35012087225914
    },
    "clip_011_frame_036.jpg": {
      "violence_prob": 0.3377431631088257
    },
    "clip_012_frame_008.jpg": {
      "violence_prob": 0.369413286447525
    },
    "clip_012_frame_031.jpg": {
      "violence_prob": 0.3506679832935333
    },
    "clip_013_frame_003.jpg": {
      "violence_prob": 0.34426772594451904
    },
    "clip_013_frame_026.jpg": {
      "violence_prob": 0.3607885539531708
    },
    "clip_013_frame_049.jpg": {
      "violence_prob": 0.358868271112442
    }
  },
  "overall": {
    "avg_violence_prob": 0.3540479615330696,
    "max_violence_prob": 0.4063355624675751,
    "p95_violence_prob": 0.4018221989274025
  }
}