{
  "model": "jaranohaal/vit-base-violence-detection",
  "frames_dir": "/home/jovyan/kau-muhayu-multimodal-harmful-content-detect/임영재/팀원_라벨링/팀원_데이터/video_frames/V_457",
  "num_frames_total": 120,
  "num_frames_used": 12,
  "per_frame": {
    "clip_000_frame_000.jpg": {
      "violence_prob": 0.8071168661117554
    },
    "clip_000_frame_010.jpg": {
      "violence_prob": 0.8084392547607422
    },
    "clip_000_frame_020.jpg": {
      "violence_prob": 0.8174724578857422
    },
    "clip_000_frame_030.jpg": {
      "violence_prob": 0.8153473138809204
    },
    "clip_000_frame_040.jpg": {
      "violence_prob": 0.8101164102554321
    },
    "clip_000_frame_050.jpg": {
      "violence_prob": 0.8044813871383667
    },
    "clip_001_frame_000.jpg": {
      "violence_prob": 0.8163933157920837
    },
    "clip_001_frame_010.jpg": {
      "violence_prob": 0.8277394771575928
    },
    "clip_001_frame_020.jpg": {
      "violence_prob": 0.8177695274353027
    },
    "clip_001_frame_030.jpg": {
      "violence_prob": 0.8086645603179932
    },
    "clip_001_frame_040.jpg": {
      "violence_prob": 0.7693425416946411
    },
    "clip_001_frame_050.jpg": {
      "violence_prob": 0.7391123175621033
    }
  },
  "overall": {
    "avg_violence_prob": 0.8034996191660563,
    "max_violence_prob": 0.8277394771575928,
    "p95_violence_prob": 0.8222560048103332
  }
}