{
  "scores": {
    "clip": 0.559569501876831,
    "vit": 0.4565733775496483,
    "slowfast": 0.0,
    "audio": 0.001151153352111578,
    "text": 0.0,
    "violence_stream": 0.0,
    "final": 0.4933129392564296
  },
  "fusion_weights": {
    "clip": 0.8,
    "vit": 0.1,
    "violence": 0.1,
    "audio": 0.0,
    "text": 0.0
  },
  "thresholds": {
    "allow": 0.3,
    "review": 0.55,
    "block": 0.78
  },
  "decision": "ALLOW"
}