{
  "model": "jaranohaal/vit-base-violence-detection",
  "frames_dir": "/home/jovyan/kau-muhayu-multimodal-harmful-content-detect/임영재/팀원_라벨링_모델선정/결과_데이터_32/안지산/video_frames/안전비디오/clips__3297378-hd_1280_720_25fps_0.00_4.52",
  "num_frames_total": 174,
  "num_frames_used": 32,
  "per_frame": {
    "clip_000_frame_000.jpg": {
      "violence_prob": 0.13981053233146667
    },
    "clip_000_frame_005.jpg": {
      "violence_prob": 0.13566207885742188
    },
    "clip_000_frame_011.jpg": {
      "violence_prob": 0.1375509649515152
    },
    "clip_000_frame_016.jpg": {
      "violence_prob": 0.13964490592479706
    },
    "clip_000_frame_022.jpg": {
      "violence_prob": 0.1372268795967102
    },
    "clip_000_frame_027.jpg": {
      "violence_prob": 0.13309761881828308
    },
    "clip_000_frame_033.jpg": {
      "violence_prob": 0.13742534816265106
    },
    "clip_000_frame_039.jpg": {
      "violence_prob": 0.13770869374275208
    },
    "clip_000_frame_044.jpg": {
      "violence_prob": 0.13777008652687073
    },
    "clip_000_frame_050.jpg": {
      "violence_prob": 0.1373981088399887
    },
    "clip_000_frame_055.jpg": {
      "violence_prob": 0.1348285973072052
    },
    "clip_000_frame_061.jpg": {
      "violence_prob": 0.13304556906223297
    },
    "clip_000_frame_066.jpg": {
      "violence_prob": 0.13236764073371887
    },
    "clip_000_frame_072.jpg": {
      "violence_prob": 0.13053768873214722
    },
    "clip_000_frame_078.jpg": {
      "violence_prob": 0.13019680976867676
    },
    "clip_000_frame_083.jpg": {
      "violence_prob": 0.131787970662117
    },
    "clip_001_frame_002.jpg": {
      "violence_prob": 0.13144168257713318
    },
    "clip_001_frame_007.jpg": {
      "violence_prob": 0.13150885701179504
    },
    "clip_001_frame_013.jpg": {
      "violence_prob": 0.12997391819953918
    },
    "clip_001_frame_019.jpg": {
      "violence_prob": 0.13981053233146667
    },
    "clip_001_frame_024.jpg": {
      "violence_prob": 0.13566207885742188
    },
    "clip_001_frame_030.jpg": {
      "violence_prob": 0.1375509649515152
    },
    "clip_001_frame_035.jpg": {
      "violence_prob": 0.13964490592479706
    },
    "clip_001_frame_041.jpg": {
      "violence_prob": 0.1372268795967102
    },
    "clip_001_frame_046.jpg": {
      "violence_prob": 0.13309761881828308
    },
    "clip_001_frame_052.jpg": {
      "violence_prob": 0.1333012878894806
    },
    "clip_001_frame_058.jpg": {
      "violence_prob": 0.13261234760284424
    },
    "clip_001_frame_063.jpg": {
      "violence_prob": 0.12996594607830048
    },
    "clip_001_frame_069.jpg": {
      "violence_prob": 0.13081157207489014
    },
    "clip_001_frame_074.jpg": {
      "violence_prob": 0.1284022331237793
    },
    "clip_001_frame_080.jpg": {
      "violence_prob": 0.12724043428897858
    },
    "clip_001_frame_086.jpg": {
      "violence_prob": 0.12707653641700745
    }
  },
  "overall": {
    "avg_violence_prob": 0.13410585280507803,
    "max_violence_prob": 0.13981053233146667,
    "p95_violence_prob": 0.13971943780779839
  }
}