{
  "scores": {
    "clip": 0.785674825310707,
    "vit": 0.2182423673570156,
    "slowfast": 0.0,
    "audio": 0.0,
    "text": 0.09131389856338501,
    "violence_stream": 0.0,
    "final": 0.2487966442108154
  },
  "fusion_weights": {
    "clip": 0.15,
    "vit": 0.6,
    "violence": 0.25,
    "audio": 0.0,
    "text": 0.0
  },
  "thresholds": {
    "allow": 0.3,
    "review": 0.55,
    "block": 0.78
  },
  "decision": "ALLOW"
}