{
  "scores": {
    "clip": 0.3891987979412079,
    "vit": 0.15231864750385285,
    "slowfast": 0.057772357016801834,
    "audio": 0.0,
    "text": 0.0,
    "violence_stream": 0.057772357016801834,
    "final": 0.3323681388050318
  },
  "fusion_weights": {
    "clip": 0.8,
    "vit": 0.1,
    "violence": 0.1,
    "audio": 0.0,
    "text": 0.0
  },
  "thresholds": {
    "allow": 0.3,
    "review": 0.55,
    "block": 0.78
  },
  "decision": "ALLOW"
}