{
  "model": "jaranohaal/vit-base-violence-detection",
  "frames_dir": "/home/jovyan/kau-muhayu-multimodal-harmful-content-detect/임영재/팀원_라벨링_모델선정/결과_데이터_32/임영재/video_frames/비디오/qrWTk-2a13o_1",
  "num_frames_total": 120,
  "num_frames_used": 32,
  "per_frame": {
    "clip_000_frame_000.jpg": {
      "violence_prob": 0.10066820681095123
    },
    "clip_000_frame_003.jpg": {
      "violence_prob": 0.10095320641994476
    },
    "clip_000_frame_007.jpg": {
      "violence_prob": 0.10067307204008102
    },
    "clip_000_frame_011.jpg": {
      "violence_prob": 0.10001635551452637
    },
    "clip_000_frame_015.jpg": {
      "violence_prob": 0.09963387995958328
    },
    "clip_000_frame_019.jpg": {
      "violence_prob": 0.09936770796775818
    },
    "clip_000_frame_023.jpg": {
      "violence_prob": 0.09966661036014557
    },
    "clip_000_frame_026.jpg": {
      "violence_prob": 0.09980519115924835
    },
    "clip_000_frame_030.jpg": {
      "violence_prob": 0.09952888637781143
    },
    "clip_000_frame_034.jpg": {
      "violence_prob": 0.10068537294864655
    },
    "clip_000_frame_038.jpg": {
      "violence_prob": 0.10028518736362457
    },
    "clip_000_frame_042.jpg": {
      "violence_prob": 0.1007067933678627
    },
    "clip_000_frame_046.jpg": {
      "violence_prob": 0.09987528622150421
    },
    "clip_000_frame_049.jpg": {
      "violence_prob": 0.09919392317533493
    },
    "clip_000_frame_053.jpg": {
      "violence_prob": 0.1000760942697525
    },
    "clip_000_frame_057.jpg": {
      "violence_prob": 0.10063214600086212
    },
    "clip_001_frame_001.jpg": {
      "violence_prob": 0.10133161395788193
    },
    "clip_001_frame_005.jpg": {
      "violence_prob": 0.10071881860494614
    },
    "clip_001_frame_009.jpg": {
      "violence_prob": 0.10009045898914337
    },
    "clip_001_frame_012.jpg": {
      "violence_prob": 0.10083680599927902
    },
    "clip_001_frame_016.jpg": {
      "violence_prob": 0.10006288439035416
    },
    "clip_001_frame_020.jpg": {
      "violence_prob": 0.10012202709913254
    },
    "clip_001_frame_024.jpg": {
      "violence_prob": 0.09993088245391846
    },
    "clip_001_frame_028.jpg": {
      "violence_prob": 0.1005437970161438
    },
    "clip_001_frame_032.jpg": {
      "violence_prob": 0.10051262378692627
    },
    "clip_001_frame_035.jpg": {
      "violence_prob": 0.1000349372625351
    },
    "clip_001_frame_039.jpg": {
      "violence_prob": 0.10084095597267151
    },
    "clip_001_frame_043.jpg": {
      "violence_prob": 0.10105166584253311
    },
    "clip_001_frame_047.jpg": {
      "violence_prob": 0.10175815224647522
    },
    "clip_001_frame_051.jpg": {
      "violence_prob": 0.10209290683269501
    },
    "clip_001_frame_055.jpg": {
      "violence_prob": 0.10149482637643814
    },
    "clip_001_frame_059.jpg": {
      "violence_prob": 0.10214480012655258
    }
  },
  "overall": {
    "avg_violence_prob": 0.100479252403602,
    "max_violence_prob": 0.10214480012655258,
    "p95_violence_prob": 0.10190879181027412
  }
}