{
  "scores": {
    "clip": 0.5245109438896179,
    "vit": 0.12380619309842586,
    "slowfast": 0.0,
    "audio": 0.0003321260737720877,
    "text": 0.0,
    "violence_stream": 0.0,
    "final": 0.43198937442153695
  },
  "fusion_weights": {
    "clip": 0.8,
    "vit": 0.1,
    "violence": 0.1,
    "audio": 0.0,
    "text": 0.0
  },
  "thresholds": {
    "allow": 0.3,
    "review": 0.55,
    "block": 0.78
  },
  "decision": "ALLOW"
}