{
  "scores": {
    "clip": 0.4592896103858948,
    "vit": 0.14615946933627127,
    "slowfast": 0.15205858647823334,
    "audio": 0.0,
    "text": 0.0,
    "violence_stream": 0.15205858647823334,
    "final": 0.3972534938901663
  },
  "fusion_weights": {
    "clip": 0.8,
    "vit": 0.1,
    "violence": 0.1,
    "audio": 0.0,
    "text": 0.0
  },
  "thresholds": {
    "allow": 0.3,
    "review": 0.55,
    "block": 0.78
  },
  "decision": "ALLOW"
}