{
  "scores": {
    "clip": 0.35527361184358597,
    "vit": 0.14465870186686516,
    "slowfast": 0.03315677121281624,
    "audio": 0.0,
    "text": 0.0,
    "violence_stream": 0.03315677121281624,
    "final": 0.3020004367828369
  },
  "fusion_weights": {
    "clip": 0.8,
    "vit": 0.1,
    "violence": 0.1,
    "audio": 0.0,
    "text": 0.0
  },
  "thresholds": {
    "allow": 0.3,
    "review": 0.55,
    "block": 0.78
  },
  "decision": "ALLOW"
}