{
  "model": "jaranohaal/vit-base-violence-detection",
  "frames_dir": "/home/jovyan/kau-muhayu-multimodal-harmful-content-detect/임영재/팀원_라벨링/팀원_데이터/video_frames/SCnBiAteLVI_1",
  "num_frames_total": 120,
  "num_frames_used": 12,
  "per_frame": {
    "clip_000_frame_000.jpg": {
      "violence_prob": 0.3694743812084198
    },
    "clip_000_frame_010.jpg": {
      "violence_prob": 0.3520682752132416
    },
    "clip_000_frame_020.jpg": {
      "violence_prob": 0.34126776456832886
    },
    "clip_000_frame_030.jpg": {
      "violence_prob": 0.3500906527042389
    },
    "clip_000_frame_040.jpg": {
      "violence_prob": 0.3674340546131134
    },
    "clip_000_frame_050.jpg": {
      "violence_prob": 0.37417954206466675
    },
    "clip_001_frame_000.jpg": {
      "violence_prob": 0.3815629482269287
    },
    "clip_001_frame_010.jpg": {
      "violence_prob": 0.3764909505844116
    },
    "clip_001_frame_020.jpg": {
      "violence_prob": 0.38060903549194336
    },
    "clip_001_frame_030.jpg": {
      "violence_prob": 0.3688926100730896
    },
    "clip_001_frame_040.jpg": {
      "violence_prob": 0.3803773522377014
    },
    "clip_001_frame_050.jpg": {
      "violence_prob": 0.37164106965065
    }
  },
  "overall": {
    "avg_violence_prob": 0.3678407197197278,
    "max_violence_prob": 0.3815629482269287,
    "p95_violence_prob": 0.38103829622268676
  }
}