{
  "scores": {
    "clip": 0.5519713491201401,
    "vit": 0.1505710318684578,
    "slowfast": 0.47207486629486084,
    "audio": 0.0,
    "text": 0.0,
    "violence_stream": 0.47207486629486084,
    "final": 0.503841669112444
  },
  "fusion_weights": {
    "clip": 0.8,
    "vit": 0.1,
    "violence": 0.1,
    "audio": 0.0,
    "text": 0.0
  },
  "thresholds": {
    "allow": 0.3,
    "review": 0.55,
    "block": 0.78
  },
  "decision": "ALLOW"
}