{
  "model": "jaranohaal/vit-base-violence-detection",
  "frames_dir": "/home/jovyan/kau-muhayu-multimodal-harmful-content-detect/임영재/팀원_라벨링_모델선정/결과_데이터_training/팀원_데이터/video_frames/비디오/jTbvVbkUaPM_0",
  "num_frames_total": 120,
  "num_frames_used": 32,
  "per_frame": {
    "clip_000_frame_000.jpg": {
      "violence_prob": 0.14097405970096588
    },
    "clip_000_frame_003.jpg": {
      "violence_prob": 0.1396690160036087
    },
    "clip_000_frame_007.jpg": {
      "violence_prob": 0.14036542177200317
    },
    "clip_000_frame_011.jpg": {
      "violence_prob": 0.14112943410873413
    },
    "clip_000_frame_015.jpg": {
      "violence_prob": 0.14131470024585724
    },
    "clip_000_frame_019.jpg": {
      "violence_prob": 0.14225898683071136
    },
    "clip_000_frame_023.jpg": {
      "violence_prob": 0.1424107551574707
    },
    "clip_000_frame_026.jpg": {
      "violence_prob": 0.1429893523454666
    },
    "clip_000_frame_030.jpg": {
      "violence_prob": 0.14172068238258362
    },
    "clip_000_frame_034.jpg": {
      "violence_prob": 0.14306016266345978
    },
    "clip_000_frame_038.jpg": {
      "violence_prob": 0.14306281507015228
    },
    "clip_000_frame_042.jpg": {
      "violence_prob": 0.14224030077457428
    },
    "clip_000_frame_046.jpg": {
      "violence_prob": 0.13976892828941345
    },
    "clip_000_frame_049.jpg": {
      "violence_prob": 0.13769656419754028
    },
    "clip_000_frame_053.jpg": {
      "violence_prob": 0.13700279593467712
    },
    "clip_000_frame_057.jpg": {
      "violence_prob": 0.1371908187866211
    },
    "clip_001_frame_001.jpg": {
      "violence_prob": 0.1366296261548996
    },
    "clip_001_frame_005.jpg": {
      "violence_prob": 0.13848190009593964
    },
    "clip_001_frame_009.jpg": {
      "violence_prob": 0.13861916959285736
    },
    "clip_001_frame_012.jpg": {
      "violence_prob": 0.14151331782341003
    },
    "clip_001_frame_016.jpg": {
      "violence_prob": 0.13830606639385223
    },
    "clip_001_frame_020.jpg": {
      "violence_prob": 0.13822560012340546
    },
    "clip_001_frame_024.jpg": {
      "violence_prob": 0.14006800949573517
    },
    "clip_001_frame_028.jpg": {
      "violence_prob": 0.14192120730876923
    },
    "clip_001_frame_032.jpg": {
      "violence_prob": 0.13956816494464874
    },
    "clip_001_frame_035.jpg": {
      "violence_prob": 0.1388958990573883
    },
    "clip_001_frame_039.jpg": {
      "violence_prob": 0.14162635803222656
    },
    "clip_001_frame_043.jpg": {
      "violence_prob": 0.14060555398464203
    },
    "clip_001_frame_047.jpg": {
      "violence_prob": 0.13632605969905853
    },
    "clip_001_frame_051.jpg": {
      "violence_prob": 0.1352538913488388
    },
    "clip_001_frame_055.jpg": {
      "violence_prob": 0.1348288655281067
    },
    "clip_001_frame_059.jpg": {
      "violence_prob": 0.1304672360420227
    }
  },
  "overall": {
    "avg_violence_prob": 0.13950599124655128,
    "max_violence_prob": 0.14306281507015228,
    "p95_violence_prob": 0.14302121698856354
  }
}