{
  "scores": {
    "clip": 0.8304085463285447,
    "vit": 0.648693734407425,
    "slowfast": 0.1863008290529251,
    "audio": 0.0,
    "text": 0.0,
    "violence_stream": 0.1863008290529251,
    "final": 0.5603527298569679
  },
  "fusion_weights": {
    "clip": 0.15,
    "vit": 0.6,
    "violence": 0.25,
    "audio": 0.0,
    "text": 0.0
  },
  "thresholds": {
    "allow": 0.3,
    "review": 0.55,
    "block": 0.78
  },
  "decision": "REVIEW"
}