{
  "scores": {
    "clip": 0.8595636636018753,
    "vit": 0.5061875075101853,
    "slowfast": 0.06827455759048462,
    "audio": 0.0,
    "text": 0.08481399714946747,
    "violence_stream": 0.06827455759048462,
    "final": 0.44971569344401363
  },
  "fusion_weights": {
    "clip": 0.15,
    "vit": 0.6,
    "violence": 0.25,
    "audio": 0.0,
    "text": 0.0
  },
  "thresholds": {
    "allow": 0.3,
    "review": 0.55,
    "block": 0.78
  },
  "decision": "ALLOW"
}