{
  "model": "jaranohaal/vit-base-violence-detection",
  "frames_dir": "/home/jovyan/kau-muhayu-multimodal-harmful-content-detect/임영재/팀원_라벨링_모델선정/결과_데이터_32/안지산/video_frames/안전비디오/clips__14785179_2160_3840_24fps_0.00_2.50",
  "num_frames_total": 110,
  "num_frames_used": 32,
  "per_frame": {
    "clip_000_frame_000.jpg": {
      "violence_prob": 0.10636191070079803
    },
    "clip_000_frame_003.jpg": {
      "violence_prob": 0.09858846664428711
    },
    "clip_000_frame_007.jpg": {
      "violence_prob": 0.09425055980682373
    },
    "clip_000_frame_010.jpg": {
      "violence_prob": 0.09235416352748871
    },
    "clip_000_frame_014.jpg": {
      "violence_prob": 0.08394159376621246
    },
    "clip_000_frame_017.jpg": {
      "violence_prob": 0.08263609558343887
    },
    "clip_000_frame_021.jpg": {
      "violence_prob": 0.09858846664428711
    },
    "clip_000_frame_024.jpg": {
      "violence_prob": 0.09419327974319458
    },
    "clip_000_frame_028.jpg": {
      "violence_prob": 0.09235416352748871
    },
    "clip_000_frame_031.jpg": {
      "violence_prob": 0.08368397504091263
    },
    "clip_000_frame_035.jpg": {
      "violence_prob": 0.08263609558343887
    },
    "clip_000_frame_038.jpg": {
      "violence_prob": 0.09912442415952682
    },
    "clip_000_frame_042.jpg": {
      "violence_prob": 0.10932715237140656
    },
    "clip_000_frame_045.jpg": {
      "violence_prob": 0.12300209701061249
    },
    "clip_000_frame_049.jpg": {
      "violence_prob": 0.12727762758731842
    },
    "clip_000_frame_052.jpg": {
      "violence_prob": 0.10652925074100494
    },
    "clip_000_frame_056.jpg": {
      "violence_prob": 0.09806757420301437
    },
    "clip_000_frame_059.jpg": {
      "violence_prob": 0.09438876807689667
    },
    "clip_000_frame_063.jpg": {
      "violence_prob": 0.0837324857711792
    },
    "clip_000_frame_066.jpg": {
      "violence_prob": 0.08289285749197006
    },
    "clip_000_frame_070.jpg": {
      "violence_prob": 0.09890543669462204
    },
    "clip_000_frame_073.jpg": {
      "violence_prob": 0.09920170158147812
    },
    "clip_000_frame_077.jpg": {
      "violence_prob": 0.10939600318670273
    },
    "clip_000_frame_080.jpg": {
      "violence_prob": 0.12280631065368652
    },
    "clip_000_frame_084.jpg": {
      "violence_prob": 0.12913653254508972
    },
    "clip_000_frame_087.jpg": {
      "violence_prob": 0.11493165045976639
    },
    "clip_000_frame_091.jpg": {
      "violence_prob": 0.10542840510606766
    },
    "clip_000_frame_094.jpg": {
      "violence_prob": 0.10887555778026581
    },
    "clip_000_frame_098.jpg": {
      "violence_prob": 0.11021177470684052
    },
    "clip_000_frame_101.jpg": {
      "violence_prob": 0.10652925074100494
    },
    "clip_000_frame_105.jpg": {
      "violence_prob": 0.09806757420301437
    },
    "clip_000_frame_109.jpg": {
      "violence_prob": 0.09223699569702148
    }
  },
  "overall": {
    "avg_violence_prob": 0.1009268187917769,
    "max_violence_prob": 0.12913653254508972,
    "p95_violence_prob": 0.12492608577013016
  }
}