{
  "scores": {
    "clip": 0.8643198072910309,
    "vit": 0.14799244925379754,
    "slowfast": 4.158954106969759e-05,
    "audio": 2.110752757289447e-05,
    "text": 0.0,
    "violence_stream": 4.158954106969759e-05,
    "final": 0.7062592497123115
  },
  "fusion_weights": {
    "clip": 0.8,
    "vit": 0.1,
    "violence": 0.1,
    "audio": 0.0,
    "text": 0.0
  },
  "thresholds": {
    "allow": 0.3,
    "review": 0.55,
    "block": 0.78
  },
  "decision": "REVIEW"
}