{
  "model": "jaranohaal/vit-base-violence-detection",
  "frames_dir": "/home/jovyan/kau-muhayu-multimodal-harmful-content-detect/임영재/팀원_라벨링_모델선정/결과_데이터_32/박상원/video_frames/비디오/video_229_dangerous_stunt_acci",
  "num_frames_total": 299,
  "num_frames_used": 32,
  "per_frame": {
    "clip_000_frame_000.jpg": {
      "violence_prob": 0.11545019596815109
    },
    "clip_000_frame_009.jpg": {
      "violence_prob": 0.11524540185928345
    },
    "clip_000_frame_019.jpg": {
      "violence_prob": 0.1147579550743103
    },
    "clip_000_frame_028.jpg": {
      "violence_prob": 0.11474654078483582
    },
    "clip_000_frame_038.jpg": {
      "violence_prob": 0.11398066580295563
    },
    "clip_000_frame_048.jpg": {
      "violence_prob": 0.11251262575387955
    },
    "clip_000_frame_057.jpg": {
      "violence_prob": 0.1107969731092453
    },
    "clip_001_frame_008.jpg": {
      "violence_prob": 0.11163780838251114
    },
    "clip_001_frame_017.jpg": {
      "violence_prob": 0.11173149943351746
    },
    "clip_001_frame_027.jpg": {
      "violence_prob": 0.11188196390867233
    },
    "clip_001_frame_037.jpg": {
      "violence_prob": 0.11441564559936523
    },
    "clip_001_frame_046.jpg": {
      "violence_prob": 0.1119154691696167
    },
    "clip_001_frame_056.jpg": {
      "violence_prob": 0.11298219114542007
    },
    "clip_002_frame_005.jpg": {
      "violence_prob": 0.11294035613536835
    },
    "clip_002_frame_015.jpg": {
      "violence_prob": 0.11327573657035828
    },
    "clip_002_frame_025.jpg": {
      "violence_prob": 0.12085478007793427
    },
    "clip_002_frame_034.jpg": {
      "violence_prob": 0.1203431785106659
    },
    "clip_002_frame_044.jpg": {
      "violence_prob": 0.1124582290649414
    },
    "clip_002_frame_054.jpg": {
      "violence_prob": 0.10969380289316177
    },
    "clip_003_frame_003.jpg": {
      "violence_prob": 0.10888932645320892
    },
    "clip_003_frame_013.jpg": {
      "violence_prob": 0.10408192127943039
    },
    "clip_003_frame_022.jpg": {
      "violence_prob": 0.10275949537754059
    },
    "clip_003_frame_032.jpg": {
      "violence_prob": 0.10598866641521454
    },
    "clip_003_frame_042.jpg": {
      "violence_prob": 0.12035398185253143
    },
    "clip_003_frame_051.jpg": {
      "violence_prob": 0.10780362784862518
    },
    "clip_004_frame_001.jpg": {
      "violence_prob": 0.10044965893030167
    },
    "clip_004_frame_010.jpg": {
      "violence_prob": 0.09928256273269653
    },
    "clip_004_frame_020.jpg": {
      "violence_prob": 0.09580741822719574
    },
    "clip_004_frame_030.jpg": {
      "violence_prob": 0.09833592921495438
    },
    "clip_004_frame_039.jpg": {
      "violence_prob": 0.10289209336042404
    },
    "clip_004_frame_049.jpg": {
      "violence_prob": 0.09628505259752274
    },
    "clip_004_frame_059.jpg": {
      "violence_prob": 0.1012222021818161
    }
  },
  "overall": {
    "avg_violence_prob": 0.10955540486611426,
    "max_violence_prob": 0.12085478007793427,
    "p95_violence_prob": 0.12034804001450539
  }
}