{
  "scores": {
    "clip": 0.8962333559989929,
    "vit": 0.8037636637687683,
    "slowfast": 0.0,
    "audio": 0.0005353476153686643,
    "text": 0.0,
    "violence_stream": 0.0,
    "final": 0.6166932016611099
  },
  "fusion_weights": {
    "clip": 0.15,
    "vit": 0.6,
    "violence": 0.25,
    "audio": 0.0,
    "text": 0.0
  },
  "thresholds": {
    "allow": 0.3,
    "review": 0.55,
    "block": 0.78
  },
  "decision": "REVIEW"
}