{
  "model": "jaranohaal/vit-base-violence-detection",
  "frames_dir": "/home/jovyan/kau-muhayu-multimodal-harmful-content-detect/임영재/팀원_라벨링/팀원_데이터/video_frames/V_116",
  "num_frames_total": 153,
  "num_frames_used": 16,
  "per_frame": {
    "clip_000_frame_000.jpg": {
      "violence_prob": 0.5383090376853943
    },
    "clip_000_frame_010.jpg": {
      "violence_prob": 0.5415524244308472
    },
    "clip_000_frame_020.jpg": {
      "violence_prob": 0.5386358499526978
    },
    "clip_000_frame_030.jpg": {
      "violence_prob": 0.5388031601905823
    },
    "clip_000_frame_040.jpg": {
      "violence_prob": 0.5381784439086914
    },
    "clip_000_frame_050.jpg": {
      "violence_prob": 0.5381667017936707
    },
    "clip_001_frame_001.jpg": {
      "violence_prob": 0.5446298718452454
    },
    "clip_001_frame_011.jpg": {
      "violence_prob": 0.5403894186019897
    },
    "clip_001_frame_021.jpg": {
      "violence_prob": 0.5452468991279602
    },
    "clip_001_frame_031.jpg": {
      "violence_prob": 0.5413492918014526
    },
    "clip_001_frame_041.jpg": {
      "violence_prob": 0.5416892766952515
    },
    "clip_001_frame_051.jpg": {
      "violence_prob": 0.5442303419113159
    },
    "clip_002_frame_001.jpg": {
      "violence_prob": 0.5479860901832581
    },
    "clip_002_frame_011.jpg": {
      "violence_prob": 0.5473241806030273
    },
    "clip_002_frame_021.jpg": {
      "violence_prob": 0.5429114103317261
    },
    "clip_002_frame_031.jpg": {
      "violence_prob": 0.5466864109039307
    }
  },
  "overall": {
    "avg_violence_prob": 0.5422555506229401,
    "max_violence_prob": 0.5479860901832581,
    "p95_violence_prob": 0.547489657998085
  }
}