{
  "scores": {
    "clip": 0.7557267308235168,
    "vit": 0.5145403027534485,
    "slowfast": 0.0,
    "audio": 0.0,
    "text": 0.2554907202720642,
    "violence_stream": 0.0,
    "final": 0.4220831912755966
  },
  "fusion_weights": {
    "clip": 0.15,
    "vit": 0.6,
    "violence": 0.25,
    "audio": 0.0,
    "text": 0.0
  },
  "thresholds": {
    "allow": 0.3,
    "review": 0.55,
    "block": 0.78
  },
  "decision": "ALLOW"
}