{
  "scores": {
    "clip": 0.3532155483961105,
    "vit": 0.12252363413572312,
    "slowfast": 0.0,
    "audio": 0.0008234439301304519,
    "text": 0.0,
    "violence_stream": 0.0,
    "final": 0.29482480213046075
  },
  "fusion_weights": {
    "clip": 0.8,
    "vit": 0.1,
    "violence": 0.1,
    "audio": 0.0,
    "text": 0.0
  },
  "thresholds": {
    "allow": 0.3,
    "review": 0.55,
    "block": 0.78
  },
  "decision": "ALLOW"
}