{
  "scores": {
    "clip": 0.6373928129673003,
    "vit": 0.3329766124486923,
    "slowfast": 0.06665679812431335,
    "audio": 0.0,
    "text": 0.022475359961390495,
    "violence_stream": 0.06665679812431335,
    "final": 0.31205908894538875
  },
  "fusion_weights": {
    "clip": 0.15,
    "vit": 0.6,
    "violence": 0.25,
    "audio": 0.0,
    "text": 0.0
  },
  "thresholds": {
    "allow": 0.3,
    "review": 0.55,
    "block": 0.78
  },
  "decision": "ALLOW"
}