{
  "scores": {
    "clip": 0.46243562698364254,
    "vit": 0.3077150836586952,
    "slowfast": 0.9828396439552307,
    "audio": 0.0005019272794015706,
    "text": 0.0,
    "violence_stream": 0.9828396439552307,
    "final": 0.49970430523157117
  },
  "fusion_weights": {
    "clip": 0.15,
    "vit": 0.6,
    "violence": 0.25,
    "audio": 0.0,
    "text": 0.0
  },
  "thresholds": {
    "allow": 0.3,
    "review": 0.55,
    "block": 0.78
  },
  "decision": "ALLOW"
}