{
  "model": "jaranohaal/vit-base-violence-detection",
  "frames_dir": "/home/jovyan/kau-muhayu-multimodal-harmful-content-detect/임영재/팀원_라벨링/팀원_데이터/video_frames/cy1gi3ZJb_c_5",
  "num_frames_total": 120,
  "num_frames_used": 12,
  "per_frame": {
    "clip_000_frame_000.jpg": {
      "violence_prob": 0.6981818675994873
    },
    "clip_000_frame_010.jpg": {
      "violence_prob": 0.6921090483665466
    },
    "clip_000_frame_020.jpg": {
      "violence_prob": 0.6924094557762146
    },
    "clip_000_frame_030.jpg": {
      "violence_prob": 0.6957184076309204
    },
    "clip_000_frame_040.jpg": {
      "violence_prob": 0.693407416343689
    },
    "clip_000_frame_050.jpg": {
      "violence_prob": 0.6993935108184814
    },
    "clip_001_frame_000.jpg": {
      "violence_prob": 0.6841017603874207
    },
    "clip_001_frame_010.jpg": {
      "violence_prob": 0.6812974810600281
    },
    "clip_001_frame_020.jpg": {
      "violence_prob": 0.67841637134552
    },
    "clip_001_frame_030.jpg": {
      "violence_prob": 0.6751804351806641
    },
    "clip_001_frame_040.jpg": {
      "violence_prob": 0.6743125319480896
    },
    "clip_001_frame_050.jpg": {
      "violence_prob": 0.7094670534133911
    }
  },
  "overall": {
    "avg_violence_prob": 0.689499611655871,
    "max_violence_prob": 0.7094670534133911,
    "p95_violence_prob": 0.7039266049861908
  }
}