{
  "model": "jaranohaal/vit-base-violence-detection",
  "frames_dir": "/home/jovyan/kau-muhayu-multimodal-harmful-content-detect/임영재/팀원_라벨링/팀원_데이터/video_frames/V_329",
  "num_frames_total": 119,
  "num_frames_used": 12,
  "per_frame": {
    "clip_000_frame_000.jpg": {
      "violence_prob": 0.7858024835586548
    },
    "clip_000_frame_010.jpg": {
      "violence_prob": 0.7852697372436523
    },
    "clip_000_frame_020.jpg": {
      "violence_prob": 0.764767050743103
    },
    "clip_000_frame_030.jpg": {
      "violence_prob": 0.7624483108520508
    },
    "clip_000_frame_040.jpg": {
      "violence_prob": 0.7585705518722534
    },
    "clip_000_frame_050.jpg": {
      "violence_prob": 0.7639279961585999
    },
    "clip_001_frame_001.jpg": {
      "violence_prob": 0.7659016251564026
    },
    "clip_001_frame_011.jpg": {
      "violence_prob": 0.756144106388092
    },
    "clip_001_frame_021.jpg": {
      "violence_prob": 0.7532920241355896
    },
    "clip_001_frame_031.jpg": {
      "violence_prob": 0.7514550089836121
    },
    "clip_001_frame_041.jpg": {
      "violence_prob": 0.7813212275505066
    },
    "clip_001_frame_051.jpg": {
      "violence_prob": 0.7421225905418396
    }
  },
  "overall": {
    "avg_violence_prob": 0.7642518927653631,
    "max_violence_prob": 0.7858024835586548,
    "p95_violence_prob": 0.7855094730854034
  }
}