{
  "model": "jaranohaal/vit-base-violence-detection",
  "frames_dir": "/home/jovyan/kau-muhayu-multimodal-harmful-content-detect/임영재/팀원_라벨링/팀원_데이터/video_frames/V_329",
  "num_frames_total": 156,
  "num_frames_used": 16,
  "per_frame": {
    "clip_000_frame_000.jpg": {
      "violence_prob": 0.5580400824546814
    },
    "clip_000_frame_010.jpg": {
      "violence_prob": 0.6071136593818665
    },
    "clip_000_frame_020.jpg": {
      "violence_prob": 0.5807487368583679
    },
    "clip_000_frame_030.jpg": {
      "violence_prob": 0.5821700096130371
    },
    "clip_000_frame_040.jpg": {
      "violence_prob": 0.57394939661026
    },
    "clip_000_frame_050.jpg": {
      "violence_prob": 0.5807802081108093
    },
    "clip_001_frame_001.jpg": {
      "violence_prob": 0.5869683623313904
    },
    "clip_001_frame_011.jpg": {
      "violence_prob": 0.6111342906951904
    },
    "clip_001_frame_021.jpg": {
      "violence_prob": 0.6637816429138184
    },
    "clip_001_frame_031.jpg": {
      "violence_prob": 0.5917033553123474
    },
    "clip_001_frame_041.jpg": {
      "violence_prob": 0.6019339561462402
    },
    "clip_001_frame_051.jpg": {
      "violence_prob": 0.6370090842247009
    },
    "clip_002_frame_001.jpg": {
      "violence_prob": 0.5929582118988037
    },
    "clip_002_frame_011.jpg": {
      "violence_prob": 0.6168345212936401
    },
    "clip_002_frame_021.jpg": {
      "violence_prob": 0.6146891117095947
    },
    "clip_002_frame_031.jpg": {
      "violence_prob": 0.5978168845176697
    }
  },
  "overall": {
    "avg_violence_prob": 0.5998519696295261,
    "max_violence_prob": 0.6637816429138184,
    "p95_violence_prob": 0.6437022238969803
  }
}