{
  "scores": {
    "clip": 0.5900517582893371,
    "vit": 0.13580335229635238,
    "slowfast": 0.0,
    "audio": 0.0008957152022048831,
    "text": 0.0,
    "violence_stream": 0.0,
    "final": 0.48562174186110496
  },
  "fusion_weights": {
    "clip": 0.8,
    "vit": 0.1,
    "violence": 0.1,
    "audio": 0.0,
    "text": 0.0
  },
  "thresholds": {
    "allow": 0.3,
    "review": 0.55,
    "block": 0.78
  },
  "decision": "ALLOW"
}