{
  "model": "jaranohaal/vit-base-violence-detection",
  "frames_dir": "/home/jovyan/kau-muhayu-multimodal-harmful-content-detect/임영재/팀원_라벨링/팀원_데이터/video_frames/cBNVcBk3rjg_3",
  "num_frames_total": 120,
  "num_frames_used": 12,
  "per_frame": {
    "clip_000_frame_000.jpg": {
      "violence_prob": 0.4013257920742035
    },
    "clip_000_frame_010.jpg": {
      "violence_prob": 0.39130139350891113
    },
    "clip_000_frame_020.jpg": {
      "violence_prob": 0.3888204097747803
    },
    "clip_000_frame_030.jpg": {
      "violence_prob": 0.3790270984172821
    },
    "clip_000_frame_040.jpg": {
      "violence_prob": 0.369589626789093
    },
    "clip_000_frame_050.jpg": {
      "violence_prob": 0.3756501376628876
    },
    "clip_001_frame_000.jpg": {
      "violence_prob": 0.38833218812942505
    },
    "clip_001_frame_010.jpg": {
      "violence_prob": 0.38755106925964355
    },
    "clip_001_frame_020.jpg": {
      "violence_prob": 0.3815530240535736
    },
    "clip_001_frame_030.jpg": {
      "violence_prob": 0.3805354833602905
    },
    "clip_001_frame_040.jpg": {
      "violence_prob": 0.3703744113445282
    },
    "clip_001_frame_050.jpg": {
      "violence_prob": 0.3727833032608032
    }
  },
  "overall": {
    "avg_violence_prob": 0.3822369948029518,
    "max_violence_prob": 0.4013257920742035,
    "p95_violence_prob": 0.3958123728632927
  }
}