{
  "scores": {
    "clip": 0.8579544246196746,
    "vit": 0.64157155752182,
    "slowfast": 0.22578540444374084,
    "audio": 0.008998950943350792,
    "text": 0.0,
    "violence_stream": 0.22578540444374084,
    "final": 0.5700824493169785
  },
  "fusion_weights": {
    "clip": 0.15,
    "vit": 0.6,
    "violence": 0.25,
    "audio": 0.0,
    "text": 0.0
  },
  "thresholds": {
    "allow": 0.3,
    "review": 0.55,
    "block": 0.78
  },
  "decision": "REVIEW"
}