{
  "model": "jaranohaal/vit-base-violence-detection",
  "frames_dir": "/home/jovyan/kau-muhayu-multimodal-harmful-content-detect/임영재/팀원_라벨링_모델선정/결과_데이터_32/임영재/video_frames/비디오/V_173",
  "num_frames_total": 80,
  "num_frames_used": 32,
  "per_frame": {
    "clip_000_frame_000.jpg": {
      "violence_prob": 0.17897282540798187
    },
    "clip_000_frame_002.jpg": {
      "violence_prob": 0.17404697835445404
    },
    "clip_000_frame_005.jpg": {
      "violence_prob": 0.33851489424705505
    },
    "clip_000_frame_007.jpg": {
      "violence_prob": 0.30105412006378174
    },
    "clip_000_frame_010.jpg": {
      "violence_prob": 0.17969363927841187
    },
    "clip_000_frame_012.jpg": {
      "violence_prob": 0.1904798299074173
    },
    "clip_000_frame_015.jpg": {
      "violence_prob": 0.1491525024175644
    },
    "clip_000_frame_017.jpg": {
      "violence_prob": 0.15674054622650146
    },
    "clip_000_frame_020.jpg": {
      "violence_prob": 0.16442789137363434
    },
    "clip_000_frame_022.jpg": {
      "violence_prob": 0.2507234513759613
    },
    "clip_000_frame_025.jpg": {
      "violence_prob": 0.3181399703025818
    },
    "clip_000_frame_028.jpg": {
      "violence_prob": 0.2790098786354065
    },
    "clip_000_frame_030.jpg": {
      "violence_prob": 0.21808961033821106
    },
    "clip_000_frame_033.jpg": {
      "violence_prob": 0.3156999349594116
    },
    "clip_000_frame_035.jpg": {
      "violence_prob": 0.2970038950443268
    },
    "clip_000_frame_038.jpg": {
      "violence_prob": 0.17324882745742798
    },
    "clip_001_frame_000.jpg": {
      "violence_prob": 0.17167872190475464
    },
    "clip_001_frame_003.jpg": {
      "violence_prob": 0.14839297533035278
    },
    "clip_001_frame_005.jpg": {
      "violence_prob": 0.18732352554798126
    },
    "clip_001_frame_008.jpg": {
      "violence_prob": 0.1812353879213333
    },
    "clip_001_frame_010.jpg": {
      "violence_prob": 0.1366637796163559
    },
    "clip_001_frame_013.jpg": {
      "violence_prob": 0.09841164201498032
    },
    "clip_001_frame_016.jpg": {
      "violence_prob": 0.09630660712718964
    },
    "clip_001_frame_018.jpg": {
      "violence_prob": 0.10653701424598694
    },
    "clip_001_frame_021.jpg": {
      "violence_prob": 0.08853177726268768
    },
    "clip_001_frame_023.jpg": {
      "violence_prob": 0.10845036059617996
    },
    "clip_001_frame_026.jpg": {
      "violence_prob": 0.12300845980644226
    },
    "clip_001_frame_028.jpg": {
      "violence_prob": 0.17532013356685638
    },
    "clip_001_frame_031.jpg": {
      "violence_prob": 0.21653752028942108
    },
    "clip_001_frame_033.jpg": {
      "violence_prob": 0.1638239473104477
    },
    "clip_001_frame_036.jpg": {
      "violence_prob": 0.16045980155467987
    },
    "clip_001_frame_039.jpg": {
      "violence_prob": 0.17311544716358185
    }
  },
  "overall": {
    "avg_violence_prob": 0.18814987177029252,
    "max_violence_prob": 0.33851489424705505,
    "p95_violence_prob": 0.3167979508638382
  }
}