{
  "scores": {
    "clip": 0.6344486236572265,
    "vit": 0.7405056357383728,
    "slowfast": 0.0,
    "audio": 0.0009852786315605044,
    "text": 0.18326815962791443,
    "violence_stream": 0.0,
    "final": 0.5394706749916076
  },
  "fusion_weights": {
    "clip": 0.15,
    "vit": 0.6,
    "violence": 0.25,
    "audio": 0.0,
    "text": 0.0
  },
  "thresholds": {
    "allow": 0.3,
    "review": 0.55,
    "block": 0.78
  },
  "decision": "ALLOW"
}