{
  "model": "jaranohaal/vit-base-violence-detection",
  "frames_dir": "/home/jovyan/kau-muhayu-multimodal-harmful-content-detect/임영재/팀원_라벨링/팀원_데이터/video_frames/NV_286",
  "num_frames_total": 150,
  "num_frames_used": 15,
  "per_frame": {
    "clip_000_frame_000.jpg": {
      "violence_prob": 0.6430049538612366
    },
    "clip_000_frame_010.jpg": {
      "violence_prob": 0.6823153495788574
    },
    "clip_000_frame_020.jpg": {
      "violence_prob": 0.6382918953895569
    },
    "clip_000_frame_030.jpg": {
      "violence_prob": 0.6567466855049133
    },
    "clip_000_frame_040.jpg": {
      "violence_prob": 0.6598472595214844
    },
    "clip_001_frame_000.jpg": {
      "violence_prob": 0.6400946974754333
    },
    "clip_001_frame_010.jpg": {
      "violence_prob": 0.6306909918785095
    },
    "clip_001_frame_020.jpg": {
      "violence_prob": 0.7368687391281128
    },
    "clip_001_frame_030.jpg": {
      "violence_prob": 0.7387416958808899
    },
    "clip_001_frame_040.jpg": {
      "violence_prob": 0.7370886206626892
    },
    "clip_002_frame_000.jpg": {
      "violence_prob": 0.7382393479347229
    },
    "clip_002_frame_010.jpg": {
      "violence_prob": 0.7375534176826477
    },
    "clip_002_frame_020.jpg": {
      "violence_prob": 0.73924320936203
    },
    "clip_002_frame_030.jpg": {
      "violence_prob": 0.7380247116088867
    },
    "clip_002_frame_040.jpg": {
      "violence_prob": 0.7434512972831726
    }
  },
  "overall": {
    "avg_violence_prob": 0.6973468581835429,
    "max_violence_prob": 0.7434512972831726,
    "p95_violence_prob": 0.7405056357383728
  }
}