{
  "scores": {
    "clip": 0.565557238459587,
    "vit": 0.5526908040046692,
    "slowfast": 0.041821759194135666,
    "audio": 0.0,
    "text": 0.0,
    "violence_stream": 0.041821759194135666,
    "final": 0.4269035079702735
  },
  "fusion_weights": {
    "clip": 0.15,
    "vit": 0.6,
    "violence": 0.25,
    "audio": 0.0,
    "text": 0.0
  },
  "thresholds": {
    "allow": 0.3,
    "review": 0.55,
    "block": 0.78
  },
  "decision": "ALLOW"
}