{
  "scores": {
    "clip": 0.7893323600292206,
    "vit": 0.1500825747847557,
    "slowfast": 0.024313602596521378,
    "audio": 0.0,
    "text": 0.0,
    "violence_stream": 0.024313602596521378,
    "final": 0.6489055057615043
  },
  "fusion_weights": {
    "clip": 0.8,
    "vit": 0.1,
    "violence": 0.1,
    "audio": 0.0,
    "text": 0.0
  },
  "thresholds": {
    "allow": 0.3,
    "review": 0.55,
    "block": 0.78
  },
  "decision": "REVIEW"
}