{
  "model": "jaranohaal/vit-base-violence-detection",
  "frames_dir": "/home/jovyan/kau-muhayu-multimodal-harmful-content-detect/임영재/팀원_라벨링_모델선정/결과_데이터_32/임영재/video_frames/비디오/V_739",
  "num_frames_total": 92,
  "num_frames_used": 32,
  "per_frame": {
    "clip_000_frame_000.jpg": {
      "violence_prob": 0.1566406786441803
    },
    "clip_000_frame_002.jpg": {
      "violence_prob": 0.15784558653831482
    },
    "clip_000_frame_005.jpg": {
      "violence_prob": 0.1567395031452179
    },
    "clip_000_frame_008.jpg": {
      "violence_prob": 0.15643498301506042
    },
    "clip_000_frame_011.jpg": {
      "violence_prob": 0.1572921723127365
    },
    "clip_000_frame_014.jpg": {
      "violence_prob": 0.15666230022907257
    },
    "clip_000_frame_017.jpg": {
      "violence_prob": 0.15663117170333862
    },
    "clip_000_frame_020.jpg": {
      "violence_prob": 0.15585052967071533
    },
    "clip_000_frame_023.jpg": {
      "violence_prob": 0.15568681061267853
    },
    "clip_000_frame_026.jpg": {
      "violence_prob": 0.15524838864803314
    },
    "clip_000_frame_029.jpg": {
      "violence_prob": 0.1559179425239563
    },
    "clip_000_frame_032.jpg": {
      "violence_prob": 0.15562157332897186
    },
    "clip_000_frame_035.jpg": {
      "violence_prob": 0.15415528416633606
    },
    "clip_000_frame_038.jpg": {
      "violence_prob": 0.15473471581935883
    },
    "clip_000_frame_041.jpg": {
      "violence_prob": 0.1542358249425888
    },
    "clip_000_frame_044.jpg": {
      "violence_prob": 0.15109014511108398
    },
    "clip_001_frame_000.jpg": {
      "violence_prob": 0.1549832969903946
    },
    "clip_001_frame_003.jpg": {
      "violence_prob": 0.15594221651554108
    },
    "clip_001_frame_006.jpg": {
      "violence_prob": 0.15068967640399933
    },
    "clip_001_frame_009.jpg": {
      "violence_prob": 0.15512588620185852
    },
    "clip_001_frame_012.jpg": {
      "violence_prob": 0.15425288677215576
    },
    "clip_001_frame_015.jpg": {
      "violence_prob": 0.15725892782211304
    },
    "clip_001_frame_018.jpg": {
      "violence_prob": 0.153974249958992
    },
    "clip_001_frame_021.jpg": {
      "violence_prob": 0.15350458025932312
    },
    "clip_001_frame_024.jpg": {
      "violence_prob": 0.15452176332473755
    },
    "clip_001_frame_027.jpg": {
      "violence_prob": 0.1515679955482483
    },
    "clip_001_frame_030.jpg": {
      "violence_prob": 0.15366199612617493
    },
    "clip_001_frame_033.jpg": {
      "violence_prob": 0.15478722751140594
    },
    "clip_001_frame_036.jpg": {
      "violence_prob": 0.15504440665245056
    },
    "clip_001_frame_039.jpg": {
      "violence_prob": 0.15368428826332092
    },
    "clip_001_frame_042.jpg": {
      "violence_prob": 0.15423040091991425
    },
    "clip_001_frame_045.jpg": {
      "violence_prob": 0.15520820021629333
    }
  },
  "overall": {
    "avg_violence_prob": 0.15497580030933022,
    "max_violence_prob": 0.15784558653831482,
    "p95_violence_prob": 0.1572738878428936
  }
}