{
  "model": "jaranohaal/vit-base-violence-detection",
  "frames_dir": "/home/jovyan/kau-muhayu-multimodal-harmful-content-detect/임영재/팀원_라벨링_모델선정/결과_데이터_32/임영재/video_frames/비디오/V_376",
  "num_frames_total": 120,
  "num_frames_used": 32,
  "per_frame": {
    "clip_000_frame_000.jpg": {
      "violence_prob": 0.35387539863586426
    },
    "clip_000_frame_003.jpg": {
      "violence_prob": 0.36162638664245605
    },
    "clip_000_frame_007.jpg": {
      "violence_prob": 0.36923524737358093
    },
    "clip_000_frame_011.jpg": {
      "violence_prob": 0.37956464290618896
    },
    "clip_000_frame_015.jpg": {
      "violence_prob": 0.3742876350879669
    },
    "clip_000_frame_019.jpg": {
      "violence_prob": 0.37957125902175903
    },
    "clip_000_frame_023.jpg": {
      "violence_prob": 0.3898293673992157
    },
    "clip_000_frame_026.jpg": {
      "violence_prob": 0.38772785663604736
    },
    "clip_000_frame_030.jpg": {
      "violence_prob": 0.3757893741130829
    },
    "clip_000_frame_034.jpg": {
      "violence_prob": 0.3735252320766449
    },
    "clip_000_frame_038.jpg": {
      "violence_prob": 0.36340436339378357
    },
    "clip_000_frame_042.jpg": {
      "violence_prob": 0.3633936643600464
    },
    "clip_000_frame_046.jpg": {
      "violence_prob": 0.3595814108848572
    },
    "clip_000_frame_049.jpg": {
      "violence_prob": 0.3539785146713257
    },
    "clip_000_frame_053.jpg": {
      "violence_prob": 0.33009791374206543
    },
    "clip_000_frame_057.jpg": {
      "violence_prob": 0.33142760396003723
    },
    "clip_001_frame_001.jpg": {
      "violence_prob": 0.3331313729286194
    },
    "clip_001_frame_005.jpg": {
      "violence_prob": 0.3367430865764618
    },
    "clip_001_frame_009.jpg": {
      "violence_prob": 0.3355379104614258
    },
    "clip_001_frame_012.jpg": {
      "violence_prob": 0.34370583295822144
    },
    "clip_001_frame_016.jpg": {
      "violence_prob": 0.33130693435668945
    },
    "clip_001_frame_020.jpg": {
      "violence_prob": 0.3324050307273865
    },
    "clip_001_frame_024.jpg": {
      "violence_prob": 0.3278254568576813
    },
    "clip_001_frame_028.jpg": {
      "violence_prob": 0.3337307870388031
    },
    "clip_001_frame_032.jpg": {
      "violence_prob": 0.34333381056785583
    },
    "clip_001_frame_035.jpg": {
      "violence_prob": 0.35219061374664307
    },
    "clip_001_frame_039.jpg": {
      "violence_prob": 0.3556846082210541
    },
    "clip_001_frame_043.jpg": {
      "violence_prob": 0.3324280083179474
    },
    "clip_001_frame_047.jpg": {
      "violence_prob": 0.3301635682582855
    },
    "clip_001_frame_051.jpg": {
      "violence_prob": 0.32899582386016846
    },
    "clip_001_frame_055.jpg": {
      "violence_prob": 0.33722084760665894
    },
    "clip_001_frame_059.jpg": {
      "violence_prob": 0.3446577787399292
    }
  },
  "overall": {
    "avg_violence_prob": 0.35143679194152355,
    "max_violence_prob": 0.3898293673992157,
    "p95_violence_prob": 0.3832417279481888
  }
}