{
  "scores": {
    "clip": 0.32159498184919355,
    "vit": 0.5696294218301773,
    "slowfast": 0.05562952905893326,
    "audio": 0.0,
    "text": 0.9048157334327698,
    "violence_stream": 0.05562952905893326,
    "final": 0.40392428264021873
  },
  "fusion_weights": {
    "clip": 0.15,
    "vit": 0.6,
    "violence": 0.25,
    "audio": 0.0,
    "text": 0.0
  },
  "thresholds": {
    "allow": 0.3,
    "review": 0.55,
    "block": 0.78
  },
  "decision": "ALLOW"
}