{
  "model": "jaranohaal/vit-base-violence-detection",
  "frames_dir": "/home/jovyan/kau-muhayu-multimodal-harmful-content-detect/임영재/팀원_라벨링/팀원_데이터/video_frames/NV_820",
  "num_frames_total": 92,
  "num_frames_used": 10,
  "per_frame": {
    "clip_000_frame_000.jpg": {
      "violence_prob": 0.3388402462005615
    },
    "clip_000_frame_010.jpg": {
      "violence_prob": 0.3767703175544739
    },
    "clip_000_frame_020.jpg": {
      "violence_prob": 0.3599693477153778
    },
    "clip_000_frame_030.jpg": {
      "violence_prob": 0.35761746764183044
    },
    "clip_000_frame_040.jpg": {
      "violence_prob": 0.3727606534957886
    },
    "clip_001_frame_004.jpg": {
      "violence_prob": 0.4869341254234314
    },
    "clip_001_frame_014.jpg": {
      "violence_prob": 0.5488012433052063
    },
    "clip_001_frame_024.jpg": {
      "violence_prob": 0.556333601474762
    },
    "clip_001_frame_034.jpg": {
      "violence_prob": 0.5778924226760864
    },
    "clip_001_frame_044.jpg": {
      "violence_prob": 0.5595301985740662
    }
  },
  "overall": {
    "avg_violence_prob": 0.45354496240615844,
    "max_violence_prob": 0.5778924226760864,
    "p95_violence_prob": 0.5696294218301773
  }
}