{
  "scores": {
    "clip": 0.8469434648752212,
    "vit": 0.1487132877111435,
    "slowfast": 0.17776480317115784,
    "audio": 0.0,
    "text": 0.0,
    "violence_stream": 0.17776480317115784,
    "final": 0.710202580988407
  },
  "fusion_weights": {
    "clip": 0.8,
    "vit": 0.1,
    "violence": 0.1,
    "audio": 0.0,
    "text": 0.0
  },
  "thresholds": {
    "allow": 0.3,
    "review": 0.55,
    "block": 0.78
  },
  "decision": "REVIEW"
}