{
  "scores": {
    "clip": 0.8923725783824921,
    "vit": 0.09372197575867176,
    "slowfast": 0.006644206587225199,
    "audio": 0.0011163657763972878,
    "text": 0.0,
    "violence_stream": 0.006644206587225199,
    "final": 0.7239346809405833
  },
  "fusion_weights": {
    "clip": 0.8,
    "vit": 0.1,
    "violence": 0.1,
    "audio": 0.0,
    "text": 0.0
  },
  "thresholds": {
    "allow": 0.3,
    "review": 0.55,
    "block": 0.78
  },
  "decision": "REVIEW"
}