{
  "model": "jaranohaal/vit-base-violence-detection",
  "frames_dir": "/home/jovyan/kau-muhayu-multimodal-harmful-content-detect/임영재/팀원_라벨링_모델선정/결과_데이터_32/임영재/video_frames/비디오/V_73",
  "num_frames_total": 119,
  "num_frames_used": 32,
  "per_frame": {
    "clip_000_frame_000.jpg": {
      "violence_prob": 0.0895654559135437
    },
    "clip_000_frame_003.jpg": {
      "violence_prob": 0.09340166300535202
    },
    "clip_000_frame_007.jpg": {
      "violence_prob": 0.08937513083219528
    },
    "clip_000_frame_011.jpg": {
      "violence_prob": 0.09411346912384033
    },
    "clip_000_frame_015.jpg": {
      "violence_prob": 0.09220018237829208
    },
    "clip_000_frame_019.jpg": {
      "violence_prob": 0.09248100966215134
    },
    "clip_000_frame_022.jpg": {
      "violence_prob": 0.09324327856302261
    },
    "clip_000_frame_026.jpg": {
      "violence_prob": 0.09625634551048279
    },
    "clip_000_frame_030.jpg": {
      "violence_prob": 0.08891981095075607
    },
    "clip_000_frame_034.jpg": {
      "violence_prob": 0.08944486081600189
    },
    "clip_000_frame_038.jpg": {
      "violence_prob": 0.08092439919710159
    },
    "clip_000_frame_041.jpg": {
      "violence_prob": 0.08178417384624481
    },
    "clip_000_frame_045.jpg": {
      "violence_prob": 0.08052412420511246
    },
    "clip_000_frame_049.jpg": {
      "violence_prob": 0.07913066446781158
    },
    "clip_000_frame_053.jpg": {
      "violence_prob": 0.07619978487491608
    },
    "clip_000_frame_057.jpg": {
      "violence_prob": 0.07477090507745743
    },
    "clip_001_frame_001.jpg": {
      "violence_prob": 0.07849559932947159
    },
    "clip_001_frame_005.jpg": {
      "violence_prob": 0.07365064322948456
    },
    "clip_001_frame_009.jpg": {
      "violence_prob": 0.07738014310598373
    },
    "clip_001_frame_013.jpg": {
      "violence_prob": 0.08350475877523422
    },
    "clip_001_frame_017.jpg": {
      "violence_prob": 0.0884418860077858
    },
    "clip_001_frame_020.jpg": {
      "violence_prob": 0.08976594358682632
    },
    "clip_001_frame_024.jpg": {
      "violence_prob": 0.07950159907341003
    },
    "clip_001_frame_028.jpg": {
      "violence_prob": 0.07443786412477493
    },
    "clip_001_frame_032.jpg": {
      "violence_prob": 0.08752979338169098
    },
    "clip_001_frame_036.jpg": {
      "violence_prob": 0.07627148181200027
    },
    "clip_001_frame_039.jpg": {
      "violence_prob": 0.07079184055328369
    },
    "clip_001_frame_043.jpg": {
      "violence_prob": 0.06376912444829941
    },
    "clip_001_frame_047.jpg": {
      "violence_prob": 0.06313692778348923
    },
    "clip_001_frame_051.jpg": {
      "violence_prob": 0.0712437629699707
    },
    "clip_001_frame_055.jpg": {
      "violence_prob": 0.0771593302488327
    },
    "clip_001_frame_059.jpg": {
      "violence_prob": 0.08530914783477783
    }
  },
  "overall": {
    "avg_violence_prob": 0.08227265952154994,
    "max_violence_prob": 0.09625634551048279,
    "p95_violence_prob": 0.09372197575867176
  }
}