{
  "model": "jaranohaal/vit-base-violence-detection",
  "frames_dir": "/home/jovyan/kau-muhayu-multimodal-harmful-content-detect/임영재/팀원_라벨링_모델선정/결과_데이터_32/임영재/video_frames/비디오/F7W6PQ3V3y8_8",
  "num_frames_total": 120,
  "num_frames_used": 32,
  "per_frame": {
    "clip_000_frame_000.jpg": {
      "violence_prob": 0.15274634957313538
    },
    "clip_000_frame_003.jpg": {
      "violence_prob": 0.1535685956478119
    },
    "clip_000_frame_007.jpg": {
      "violence_prob": 0.15425904095172882
    },
    "clip_000_frame_011.jpg": {
      "violence_prob": 0.15278254449367523
    },
    "clip_000_frame_015.jpg": {
      "violence_prob": 0.15146751701831818
    },
    "clip_000_frame_019.jpg": {
      "violence_prob": 0.1488756537437439
    },
    "clip_000_frame_023.jpg": {
      "violence_prob": 0.14819158613681793
    },
    "clip_000_frame_026.jpg": {
      "violence_prob": 0.14856861531734467
    },
    "clip_000_frame_030.jpg": {
      "violence_prob": 0.14781931042671204
    },
    "clip_000_frame_034.jpg": {
      "violence_prob": 0.15051068365573883
    },
    "clip_000_frame_038.jpg": {
      "violence_prob": 0.15031953155994415
    },
    "clip_000_frame_042.jpg": {
      "violence_prob": 0.15229882299900055
    },
    "clip_000_frame_046.jpg": {
      "violence_prob": 0.1503053605556488
    },
    "clip_000_frame_049.jpg": {
      "violence_prob": 0.15007330477237701
    },
    "clip_000_frame_053.jpg": {
      "violence_prob": 0.14991070330142975
    },
    "clip_000_frame_057.jpg": {
      "violence_prob": 0.14759927988052368
    },
    "clip_001_frame_001.jpg": {
      "violence_prob": 0.14627288281917572
    },
    "clip_001_frame_005.jpg": {
      "violence_prob": 0.14871865510940552
    },
    "clip_001_frame_009.jpg": {
      "violence_prob": 0.15050573647022247
    },
    "clip_001_frame_012.jpg": {
      "violence_prob": 0.14897669851779938
    },
    "clip_001_frame_016.jpg": {
      "violence_prob": 0.15134280920028687
    },
    "clip_001_frame_020.jpg": {
      "violence_prob": 0.14973260462284088
    },
    "clip_001_frame_024.jpg": {
      "violence_prob": 0.14869943261146545
    },
    "clip_001_frame_028.jpg": {
      "violence_prob": 0.1495894193649292
    },
    "clip_001_frame_032.jpg": {
      "violence_prob": 0.14866609871387482
    },
    "clip_001_frame_035.jpg": {
      "violence_prob": 0.1486557126045227
    },
    "clip_001_frame_039.jpg": {
      "violence_prob": 0.1484796404838562
    },
    "clip_001_frame_043.jpg": {
      "violence_prob": 0.14769743382930756
    },
    "clip_001_frame_047.jpg": {
      "violence_prob": 0.14818978309631348
    },
    "clip_001_frame_051.jpg": {
      "violence_prob": 0.14751191437244415
    },
    "clip_001_frame_055.jpg": {
      "violence_prob": 0.1485816091299057
    },
    "clip_001_frame_059.jpg": {
      "violence_prob": 0.14718042314052582
    }
  },
  "overall": {
    "avg_violence_prob": 0.14962805481627584,
    "max_violence_prob": 0.15425904095172882,
    "p95_violence_prob": 0.15313626751303672
  }
}