{
  "model": "jaranohaal/vit-base-violence-detection",
  "frames_dir": "/home/jovyan/kau-muhayu-multimodal-harmful-content-detect/임영재/팀원_라벨링/팀원_데이터/video_frames/0NWz-01A2yk_1",
  "num_frames_total": 120,
  "num_frames_used": 12,
  "per_frame": {
    "clip_000_frame_000.jpg": {
      "violence_prob": 0.2303074449300766
    },
    "clip_000_frame_010.jpg": {
      "violence_prob": 0.23190443217754364
    },
    "clip_000_frame_020.jpg": {
      "violence_prob": 0.24150300025939941
    },
    "clip_000_frame_030.jpg": {
      "violence_prob": 0.2522766888141632
    },
    "clip_000_frame_040.jpg": {
      "violence_prob": 0.25275906920433044
    },
    "clip_000_frame_050.jpg": {
      "violence_prob": 0.23978206515312195
    },
    "clip_001_frame_000.jpg": {
      "violence_prob": 0.2391161471605301
    },
    "clip_001_frame_010.jpg": {
      "violence_prob": 0.22220659255981445
    },
    "clip_001_frame_020.jpg": {
      "violence_prob": 0.21749582886695862
    },
    "clip_001_frame_030.jpg": {
      "violence_prob": 0.22611995041370392
    },
    "clip_001_frame_040.jpg": {
      "violence_prob": 0.22717082500457764
    },
    "clip_001_frame_050.jpg": {
      "violence_prob": 0.2184315025806427
    }
  },
  "overall": {
    "avg_violence_prob": 0.2332561289270719,
    "max_violence_prob": 0.25275906920433044,
    "p95_violence_prob": 0.25249375998973844
  }
}