{
  "scores": {
    "clip": 0.875933501124382,
    "vit": 0.5619040340185165,
    "slowfast": 0.3808090388774872,
    "audio": 6.150868284748867e-05,
    "text": 0.0,
    "violence_stream": 0.3808090388774872,
    "final": 0.563734705299139
  },
  "fusion_weights": {
    "clip": 0.15,
    "vit": 0.6,
    "violence": 0.25,
    "audio": 0.0,
    "text": 0.0
  },
  "thresholds": {
    "allow": 0.3,
    "review": 0.55,
    "block": 0.78
  },
  "decision": "REVIEW"
}