{
  "scores": {
    "clip": 0.647724187374115,
    "vit": 0.4510652244091034,
    "slowfast": 0.044674549251794815,
    "audio": 0.0,
    "text": 0.29521816968917847,
    "violence_stream": 0.044674549251794815,
    "final": 0.378966400064528
  },
  "fusion_weights": {
    "clip": 0.15,
    "vit": 0.6,
    "violence": 0.25,
    "audio": 0.0,
    "text": 0.0
  },
  "thresholds": {
    "allow": 0.3,
    "review": 0.55,
    "block": 0.78
  },
  "decision": "ALLOW"
}