{
  "scores": {
    "clip": 0.8211385607719421,
    "vit": 0.41902835369110103,
    "slowfast": 0.2116542011499405,
    "audio": 0.0,
    "text": 0.0,
    "violence_stream": 0.2116542011499405,
    "final": 0.42750134661793704
  },
  "fusion_weights": {
    "clip": 0.15,
    "vit": 0.6,
    "violence": 0.25,
    "audio": 0.0,
    "text": 0.0
  },
  "thresholds": {
    "allow": 0.3,
    "review": 0.55,
    "block": 0.78
  },
  "decision": "ALLOW"
}