{
  "model": "jaranohaal/vit-base-violence-detection",
  "frames_dir": "/home/jovyan/kau-muhayu-multimodal-harmful-content-detect/임영재/팀원_라벨링/팀원_데이터/video_frames/V_606",
  "num_frames_total": 148,
  "num_frames_used": 15,
  "per_frame": {
    "clip_000_frame_000.jpg": {
      "violence_prob": 0.16551153361797333
    },
    "clip_000_frame_010.jpg": {
      "violence_prob": 0.15964853763580322
    },
    "clip_000_frame_020.jpg": {
      "violence_prob": 0.1607174277305603
    },
    "clip_000_frame_030.jpg": {
      "violence_prob": 0.1669722944498062
    },
    "clip_000_frame_040.jpg": {
      "violence_prob": 0.21643057465553284
    },
    "clip_000_frame_050.jpg": {
      "violence_prob": 0.20490656793117523
    },
    "clip_000_frame_060.jpg": {
      "violence_prob": 0.19404958188533783
    },
    "clip_000_frame_070.jpg": {
      "violence_prob": 0.21277645230293274
    },
    "clip_001_frame_006.jpg": {
      "violence_prob": 0.2200421690940857
    },
    "clip_001_frame_016.jpg": {
      "violence_prob": 0.19314567744731903
    },
    "clip_001_frame_026.jpg": {
      "violence_prob": 0.17738443613052368
    },
    "clip_001_frame_036.jpg": {
      "violence_prob": 0.17660373449325562
    },
    "clip_001_frame_046.jpg": {
      "violence_prob": 0.1995633989572525
    },
    "clip_001_frame_056.jpg": {
      "violence_prob": 0.2224038690328598
    },
    "clip_001_frame_066.jpg": {
      "violence_prob": 0.28804245591163635
    }
  },
  "overall": {
    "avg_violence_prob": 0.19721324741840363,
    "max_violence_prob": 0.28804245591163635,
    "p95_violence_prob": 0.2420954450964927
  }
}