{
  "model": "jaranohaal/vit-base-violence-detection",
  "frames_dir": "/home/jovyan/kau-muhayu-multimodal-harmful-content-detect/임영재/팀원_라벨링_모델선정/결과_데이터_32/박상원/video_frames/비디오/video_090_road_rage_incident",
  "num_frames_total": 400,
  "num_frames_used": 32,
  "per_frame": {
    "clip_000_frame_000.jpg": {
      "violence_prob": 0.15045392513275146
    },
    "clip_000_frame_012.jpg": {
      "violence_prob": 0.1202043816447258
    },
    "clip_000_frame_025.jpg": {
      "violence_prob": 0.13993977010250092
    },
    "clip_000_frame_038.jpg": {
      "violence_prob": 0.14803040027618408
    },
    "clip_001_frame_001.jpg": {
      "violence_prob": 0.12094482779502869
    },
    "clip_001_frame_014.jpg": {
      "violence_prob": 0.14879965782165527
    },
    "clip_001_frame_027.jpg": {
      "violence_prob": 0.1438264399766922
    },
    "clip_001_frame_040.jpg": {
      "violence_prob": 0.12320227921009064
    },
    "clip_002_frame_002.jpg": {
      "violence_prob": 0.14559654891490936
    },
    "clip_002_frame_015.jpg": {
      "violence_prob": 0.1456437110900879
    },
    "clip_002_frame_028.jpg": {
      "violence_prob": 0.11550575494766235
    },
    "clip_002_frame_041.jpg": {
      "violence_prob": 0.14758352935314178
    },
    "clip_003_frame_004.jpg": {
      "violence_prob": 0.1536039113998413
    },
    "clip_003_frame_017.jpg": {
      "violence_prob": 0.11557061970233917
    },
    "clip_003_frame_030.jpg": {
      "violence_prob": 0.15006676316261292
    },
    "clip_003_frame_043.jpg": {
      "violence_prob": 0.1421222984790802
    },
    "clip_004_frame_005.jpg": {
      "violence_prob": 0.11325855553150177
    },
    "clip_004_frame_018.jpg": {
      "violence_prob": 0.14835123717784882
    },
    "clip_004_frame_031.jpg": {
      "violence_prob": 0.12337598949670792
    },
    "clip_004_frame_044.jpg": {
      "violence_prob": 0.1126456931233406
    },
    "clip_005_frame_007.jpg": {
      "violence_prob": 0.15469107031822205
    },
    "clip_005_frame_020.jpg": {
      "violence_prob": 0.11583714932203293
    },
    "clip_005_frame_033.jpg": {
      "violence_prob": 0.13842149078845978
    },
    "clip_005_frame_046.jpg": {
      "violence_prob": 0.15152552723884583
    },
    "clip_006_frame_008.jpg": {
      "violence_prob": 0.11209406703710556
    },
    "clip_006_frame_021.jpg": {
      "violence_prob": 0.14418067038059235
    },
    "clip_006_frame_034.jpg": {
      "violence_prob": 0.15161387622356415
    },
    "clip_006_frame_047.jpg": {
      "violence_prob": 0.11718093603849411
    },
    "clip_007_frame_010.jpg": {
      "violence_prob": 0.14802061021327972
    },
    "clip_007_frame_023.jpg": {
      "violence_prob": 0.15390509366989136
    },
    "clip_007_frame_036.jpg": {
      "violence_prob": 0.10729461908340454
    },
    "clip_007_frame_049.jpg": {
      "violence_prob": 0.15623757243156433
    }
  },
  "overall": {
    "avg_violence_prob": 0.13624153053388,
    "max_violence_prob": 0.15623757243156433,
    "p95_violence_prob": 0.15425878316164016
  }
}