{
  "scores": {
    "clip": 0.6595850467681885,
    "vit": 0.40347246527671815,
    "slowfast": 0.006162766367197037,
    "audio": 0.0,
    "text": 0.04044599086046219,
    "violence_stream": 0.006162766367197037,
    "final": 0.3425619277730584
  },
  "fusion_weights": {
    "clip": 0.15,
    "vit": 0.6,
    "violence": 0.25,
    "audio": 0.0,
    "text": 0.0
  },
  "thresholds": {
    "allow": 0.3,
    "review": 0.55,
    "block": 0.78
  },
  "decision": "ALLOW"
}