{
  "model": "jaranohaal/vit-base-violence-detection",
  "frames_dir": "/home/jovyan/kau-muhayu-multimodal-harmful-content-detect/임영재/팀원_라벨링/팀원_데이터/video_frames/cBNVcBk3rjg_1",
  "num_frames_total": 120,
  "num_frames_used": 12,
  "per_frame": {
    "clip_000_frame_000.jpg": {
      "violence_prob": 0.3937655985355377
    },
    "clip_000_frame_010.jpg": {
      "violence_prob": 0.38772034645080566
    },
    "clip_000_frame_020.jpg": {
      "violence_prob": 0.3833654522895813
    },
    "clip_000_frame_030.jpg": {
      "violence_prob": 0.3974318206310272
    },
    "clip_000_frame_040.jpg": {
      "violence_prob": 0.39912503957748413
    },
    "clip_000_frame_050.jpg": {
      "violence_prob": 0.4054422378540039
    },
    "clip_001_frame_000.jpg": {
      "violence_prob": 0.4014907479286194
    },
    "clip_001_frame_010.jpg": {
      "violence_prob": 0.3952338397502899
    },
    "clip_001_frame_020.jpg": {
      "violence_prob": 0.4018608331680298
    },
    "clip_001_frame_030.jpg": {
      "violence_prob": 0.39503592252731323
    },
    "clip_001_frame_040.jpg": {
      "violence_prob": 0.39041006565093994
    },
    "clip_001_frame_050.jpg": {
      "violence_prob": 0.3936083912849426
    }
  },
  "overall": {
    "avg_violence_prob": 0.3953741913040479,
    "max_violence_prob": 0.4054422378540039,
    "p95_violence_prob": 0.40347246527671815
  }
}