{
  "model": "jaranohaal/vit-base-violence-detection",
  "frames_dir": "/home/jovyan/kau-muhayu-multimodal-harmful-content-detect/임영재/팀원_라벨링_모델선정/결과_데이터_32/임영재/video_frames/비디오/V_865",
  "num_frames_total": 120,
  "num_frames_used": 32,
  "per_frame": {
    "clip_000_frame_000.jpg": {
      "violence_prob": 0.12662112712860107
    },
    "clip_000_frame_003.jpg": {
      "violence_prob": 0.12104246020317078
    },
    "clip_000_frame_007.jpg": {
      "violence_prob": 0.11417821794748306
    },
    "clip_000_frame_011.jpg": {
      "violence_prob": 0.11113288253545761
    },
    "clip_000_frame_015.jpg": {
      "violence_prob": 0.11846178025007248
    },
    "clip_000_frame_019.jpg": {
      "violence_prob": 0.12638750672340393
    },
    "clip_000_frame_023.jpg": {
      "violence_prob": 0.12064609676599503
    },
    "clip_000_frame_026.jpg": {
      "violence_prob": 0.11291058361530304
    },
    "clip_000_frame_030.jpg": {
      "violence_prob": 0.11744613945484161
    },
    "clip_000_frame_034.jpg": {
      "violence_prob": 0.11794720590114594
    },
    "clip_000_frame_038.jpg": {
      "violence_prob": 0.12092689424753189
    },
    "clip_000_frame_042.jpg": {
      "violence_prob": 0.11562780290842056
    },
    "clip_000_frame_046.jpg": {
      "violence_prob": 0.10991920530796051
    },
    "clip_000_frame_049.jpg": {
      "violence_prob": 0.12997610867023468
    },
    "clip_000_frame_053.jpg": {
      "violence_prob": 0.07968484610319138
    },
    "clip_000_frame_057.jpg": {
      "violence_prob": 0.08140240609645844
    },
    "clip_001_frame_001.jpg": {
      "violence_prob": 0.09967546910047531
    },
    "clip_001_frame_005.jpg": {
      "violence_prob": 0.12634114921092987
    },
    "clip_001_frame_009.jpg": {
      "violence_prob": 0.14538386464118958
    },
    "clip_001_frame_012.jpg": {
      "violence_prob": 0.13305413722991943
    },
    "clip_001_frame_016.jpg": {
      "violence_prob": 0.1191692128777504
    },
    "clip_001_frame_020.jpg": {
      "violence_prob": 0.0999426320195198
    },
    "clip_001_frame_024.jpg": {
      "violence_prob": 0.10880463570356369
    },
    "clip_001_frame_028.jpg": {
      "violence_prob": 0.1108950823545456
    },
    "clip_001_frame_032.jpg": {
      "violence_prob": 0.10709913820028305
    },
    "clip_001_frame_035.jpg": {
      "violence_prob": 0.10957839339971542
    },
    "clip_001_frame_039.jpg": {
      "violence_prob": 0.11675837635993958
    },
    "clip_001_frame_043.jpg": {
      "violence_prob": 0.09704697132110596
    },
    "clip_001_frame_047.jpg": {
      "violence_prob": 0.0980495736002922
    },
    "clip_001_frame_051.jpg": {
      "violence_prob": 0.10169122368097305
    },
    "clip_001_frame_055.jpg": {
      "violence_prob": 0.10843600332736969
    },
    "clip_001_frame_059.jpg": {
      "violence_prob": 0.12093991041183472
    }
  },
  "overall": {
    "avg_violence_prob": 0.11334928241558373,
    "max_violence_prob": 0.14538386464118958,
    "p95_violence_prob": 0.1313612215220928
  }
}