{
  "model": "jaranohaal/vit-base-violence-detection",
  "frames_dir": "/home/jovyan/kau-muhayu-multimodal-harmful-content-detect/임영재/팀원_라벨링_모델선정/결과_데이터_training/팀원_데이터/video_frames/비디오/oM-goKOVjeU_0",
  "num_frames_total": 120,
  "num_frames_used": 32,
  "per_frame": {
    "clip_000_frame_000.jpg": {
      "violence_prob": 0.11717576533555984
    },
    "clip_000_frame_003.jpg": {
      "violence_prob": 0.11440569162368774
    },
    "clip_000_frame_007.jpg": {
      "violence_prob": 0.11596135050058365
    },
    "clip_000_frame_011.jpg": {
      "violence_prob": 0.11923554539680481
    },
    "clip_000_frame_015.jpg": {
      "violence_prob": 0.11750897020101547
    },
    "clip_000_frame_019.jpg": {
      "violence_prob": 0.11816227436065674
    },
    "clip_000_frame_023.jpg": {
      "violence_prob": 0.11729148775339127
    },
    "clip_000_frame_026.jpg": {
      "violence_prob": 0.11390601098537445
    },
    "clip_000_frame_030.jpg": {
      "violence_prob": 0.11332099139690399
    },
    "clip_000_frame_034.jpg": {
      "violence_prob": 0.11326910555362701
    },
    "clip_000_frame_038.jpg": {
      "violence_prob": 0.113983653485775
    },
    "clip_000_frame_042.jpg": {
      "violence_prob": 0.11557140201330185
    },
    "clip_000_frame_046.jpg": {
      "violence_prob": 0.11454854160547256
    },
    "clip_000_frame_049.jpg": {
      "violence_prob": 0.11312927305698395
    },
    "clip_000_frame_053.jpg": {
      "violence_prob": 0.1124981939792633
    },
    "clip_000_frame_057.jpg": {
      "violence_prob": 0.11000616103410721
    },
    "clip_001_frame_001.jpg": {
      "violence_prob": 0.11167391389608383
    },
    "clip_001_frame_005.jpg": {
      "violence_prob": 0.11393199115991592
    },
    "clip_001_frame_009.jpg": {
      "violence_prob": 0.11459340155124664
    },
    "clip_001_frame_012.jpg": {
      "violence_prob": 0.11518876254558563
    },
    "clip_001_frame_016.jpg": {
      "violence_prob": 0.11637815088033676
    },
    "clip_001_frame_020.jpg": {
      "violence_prob": 0.1162315160036087
    },
    "clip_001_frame_024.jpg": {
      "violence_prob": 0.11769022047519684
    },
    "clip_001_frame_028.jpg": {
      "violence_prob": 0.11823512613773346
    },
    "clip_001_frame_032.jpg": {
      "violence_prob": 0.11707485467195511
    },
    "clip_001_frame_035.jpg": {
      "violence_prob": 0.11564914137125015
    },
    "clip_001_frame_039.jpg": {
      "violence_prob": 0.11616434901952744
    },
    "clip_001_frame_043.jpg": {
      "violence_prob": 0.11723215878009796
    },
    "clip_001_frame_047.jpg": {
      "violence_prob": 0.11625301092863083
    },
    "clip_001_frame_051.jpg": {
      "violence_prob": 0.11625098437070847
    },
    "clip_001_frame_055.jpg": {
      "violence_prob": 0.11425618827342987
    },
    "clip_001_frame_059.jpg": {
      "violence_prob": 0.11489671468734741
    }
  },
  "overall": {
    "avg_violence_prob": 0.11536484071984887,
    "max_violence_prob": 0.11923554539680481,
    "p95_violence_prob": 0.11819505766034126
  }
}