{
  "model": "jaranohaal/vit-base-violence-detection",
  "frames_dir": "/home/jovyan/kau-muhayu-multimodal-harmful-content-detect/임영재/팀원_라벨링_모델선정/결과_데이터_32/박상원/video_frames/비디오/video_267_armed_threat",
  "num_frames_total": 750,
  "num_frames_used": 32,
  "per_frame": {
    "clip_000_frame_000.jpg": {
      "violence_prob": 0.1242392435669899
    },
    "clip_000_frame_024.jpg": {
      "violence_prob": 0.4485975503921509
    },
    "clip_000_frame_048.jpg": {
      "violence_prob": 0.4060128629207611
    },
    "clip_001_frame_022.jpg": {
      "violence_prob": 0.40188831090927124
    },
    "clip_001_frame_046.jpg": {
      "violence_prob": 0.34887945652008057
    },
    "clip_002_frame_020.jpg": {
      "violence_prob": 0.23490720987319946
    },
    "clip_002_frame_044.jpg": {
      "violence_prob": 0.17462240159511566
    },
    "clip_003_frame_019.jpg": {
      "violence_prob": 0.11431548744440079
    },
    "clip_003_frame_043.jpg": {
      "violence_prob": 0.11065942794084549
    },
    "clip_004_frame_017.jpg": {
      "violence_prob": 0.11846806854009628
    },
    "clip_004_frame_041.jpg": {
      "violence_prob": 0.13328267633914948
    },
    "clip_005_frame_015.jpg": {
      "violence_prob": 0.13690167665481567
    },
    "clip_005_frame_039.jpg": {
      "violence_prob": 0.13151927292346954
    },
    "clip_006_frame_014.jpg": {
      "violence_prob": 0.1399253010749817
    },
    "clip_006_frame_038.jpg": {
      "violence_prob": 0.1351354420185089
    },
    "clip_007_frame_012.jpg": {
      "violence_prob": 0.14354027807712555
    },
    "clip_007_frame_036.jpg": {
      "violence_prob": 0.13935598731040955
    },
    "clip_008_frame_010.jpg": {
      "violence_prob": 0.13567830622196198
    },
    "clip_008_frame_034.jpg": {
      "violence_prob": 0.14238794147968292
    },
    "clip_009_frame_009.jpg": {
      "violence_prob": 0.14166542887687683
    },
    "clip_009_frame_033.jpg": {
      "violence_prob": 0.1403176486492157
    },
    "clip_010_frame_007.jpg": {
      "violence_prob": 0.144978329539299
    },
    "clip_010_frame_031.jpg": {
      "violence_prob": 0.14095836877822876
    },
    "clip_011_frame_005.jpg": {
      "violence_prob": 0.1431896835565567
    },
    "clip_011_frame_029.jpg": {
      "violence_prob": 0.14498712122440338
    },
    "clip_012_frame_004.jpg": {
      "violence_prob": 0.14925043284893036
    },
    "clip_012_frame_028.jpg": {
      "violence_prob": 0.1427864134311676
    },
    "clip_013_frame_002.jpg": {
      "violence_prob": 0.14429369568824768
    },
    "clip_013_frame_026.jpg": {
      "violence_prob": 0.1541682332754135
    },
    "clip_014_frame_000.jpg": {
      "violence_prob": 0.1539483219385147
    },
    "clip_014_frame_024.jpg": {
      "violence_prob": 0.15789590775966644
    },
    "clip_014_frame_049.jpg": {
      "violence_prob": 0.15767614543437958
    }
  },
  "overall": {
    "avg_violence_prob": 0.1761385197751224,
    "max_violence_prob": 0.4485975503921509,
    "p95_violence_prob": 0.4037443593144417
  }
}