{
  "scores": {
    "clip": 0.806156113743782,
    "vit": 0.5866517275571823,
    "slowfast": 0.38337990641593933,
    "audio": 0.0005086795426905155,
    "text": 0.0,
    "violence_stream": 0.38337990641593933,
    "final": 0.5687594301998615
  },
  "fusion_weights": {
    "clip": 0.15,
    "vit": 0.6,
    "violence": 0.25,
    "audio": 0.0,
    "text": 0.0
  },
  "thresholds": {
    "allow": 0.3,
    "review": 0.55,
    "block": 0.78
  },
  "decision": "REVIEW"
}