{
  "model": "jaranohaal/vit-base-violence-detection",
  "frames_dir": "/home/jovyan/kau-muhayu-multimodal-harmful-content-detect/임영재/팀원_라벨링/팀원_데이터/video_frames/V_286",
  "num_frames_total": 156,
  "num_frames_used": 16,
  "per_frame": {
    "clip_000_frame_000.jpg": {
      "violence_prob": 0.25542816519737244
    },
    "clip_000_frame_010.jpg": {
      "violence_prob": 0.3367833197116852
    },
    "clip_000_frame_020.jpg": {
      "violence_prob": 0.42455703020095825
    },
    "clip_000_frame_030.jpg": {
      "violence_prob": 0.530316948890686
    },
    "clip_000_frame_040.jpg": {
      "violence_prob": 0.5825155377388
    },
    "clip_000_frame_050.jpg": {
      "violence_prob": 0.5765525102615356
    },
    "clip_001_frame_001.jpg": {
      "violence_prob": 0.5990602970123291
    },
    "clip_001_frame_011.jpg": {
      "violence_prob": 0.06537950783967972
    },
    "clip_001_frame_021.jpg": {
      "violence_prob": 0.4541780650615692
    },
    "clip_001_frame_031.jpg": {
      "violence_prob": 0.10356133431196213
    },
    "clip_001_frame_041.jpg": {
      "violence_prob": 0.5217691659927368
    },
    "clip_001_frame_051.jpg": {
      "violence_prob": 0.11471042782068253
    },
    "clip_002_frame_001.jpg": {
      "violence_prob": 0.09825450927019119
    },
    "clip_002_frame_011.jpg": {
      "violence_prob": 0.5198180079460144
    },
    "clip_002_frame_021.jpg": {
      "violence_prob": 0.5045360922813416
    },
    "clip_002_frame_031.jpg": {
      "violence_prob": 0.07105249166488647
    }
  },
  "overall": {
    "avg_violence_prob": 0.3599045882001519,
    "max_violence_prob": 0.5990602970123291,
    "p95_violence_prob": 0.5866517275571823
  }
}