{
  "model": "jaranohaal/vit-base-violence-detection",
  "frames_dir": "/home/jovyan/kau-muhayu-multimodal-harmful-content-detect/임영재/팀원_라벨링/팀원_데이터/video_frames/V_286",
  "num_frames_total": 119,
  "num_frames_used": 12,
  "per_frame": {
    "clip_000_frame_000.jpg": {
      "violence_prob": 0.3520255386829376
    },
    "clip_000_frame_010.jpg": {
      "violence_prob": 0.5509434938430786
    },
    "clip_000_frame_020.jpg": {
      "violence_prob": 0.5843802690505981
    },
    "clip_000_frame_030.jpg": {
      "violence_prob": 0.6345188617706299
    },
    "clip_000_frame_040.jpg": {
      "violence_prob": 0.7273635268211365
    },
    "clip_000_frame_050.jpg": {
      "violence_prob": 0.7210597991943359
    },
    "clip_001_frame_001.jpg": {
      "violence_prob": 0.7846490144729614
    },
    "clip_001_frame_011.jpg": {
      "violence_prob": 0.450013130903244
    },
    "clip_001_frame_021.jpg": {
      "violence_prob": 0.49606403708457947
    },
    "clip_001_frame_031.jpg": {
      "violence_prob": 0.5912783741950989
    },
    "clip_001_frame_041.jpg": {
      "violence_prob": 0.572075605392456
    },
    "clip_001_frame_051.jpg": {
      "violence_prob": 0.5531073212623596
    }
  },
  "overall": {
    "avg_violence_prob": 0.5847899143894514,
    "max_violence_prob": 0.7846490144729614,
    "p95_violence_prob": 0.7531419962644577
  }
}