{
  "scores": {
    "clip": 0.7926410377025604,
    "vit": 0.19189191833138466,
    "slowfast": 0.040498413145542145,
    "audio": 0.0,
    "text": 0.20808041095733643,
    "violence_stream": 0.040498413145542145,
    "final": 0.24415590994060038
  },
  "fusion_weights": {
    "clip": 0.15,
    "vit": 0.6,
    "violence": 0.25,
    "audio": 0.0,
    "text": 0.0
  },
  "thresholds": {
    "allow": 0.3,
    "review": 0.55,
    "block": 0.78
  },
  "decision": "ALLOW"
}