{
  "scores": {
    "clip": 0.7671537518501281,
    "vit": 0.3585298091173172,
    "slowfast": 0.020502015948295593,
    "audio": 0.0007594875060021877,
    "text": 0.0,
    "violence_stream": 0.020502015948295593,
    "final": 0.6516261839866638
  },
  "fusion_weights": {
    "clip": 0.8,
    "vit": 0.1,
    "violence": 0.1,
    "audio": 0.0,
    "text": 0.0
  },
  "thresholds": {
    "allow": 0.3,
    "review": 0.55,
    "block": 0.78
  },
  "decision": "REVIEW"
}