{
  "scores": {
    "clip": 0.7706652760505677,
    "vit": 0.3036688163876533,
    "slowfast": 0.07517511397600174,
    "audio": 0.00035935925552621484,
    "text": 0.0,
    "violence_stream": 0.07517511397600174,
    "final": 0.6544166138768197
  },
  "fusion_weights": {
    "clip": 0.8,
    "vit": 0.1,
    "violence": 0.1,
    "audio": 0.0,
    "text": 0.0
  },
  "thresholds": {
    "allow": 0.3,
    "review": 0.55,
    "block": 0.78
  },
  "decision": "REVIEW"
}