{
  "scores": {
    "clip": 0.8969285607337951,
    "vit": 0.5913271188735961,
    "slowfast": 0.0,
    "audio": 0.0010309459175914526,
    "text": 0.0,
    "violence_stream": 0.0,
    "final": 0.4893355554342269
  },
  "fusion_weights": {
    "clip": 0.15,
    "vit": 0.6,
    "violence": 0.25,
    "audio": 0.0,
    "text": 0.0
  },
  "thresholds": {
    "allow": 0.3,
    "review": 0.55,
    "block": 0.78
  },
  "decision": "ALLOW"
}