{
  "scores": {
    "clip": 0.8030260801315308,
    "vit": 0.7090122789144516,
    "slowfast": 0.06593776494264603,
    "audio": 0.0,
    "text": 0.0,
    "violence_stream": 0.06593776494264603,
    "final": 0.5623457206040621
  },
  "fusion_weights": {
    "clip": 0.15,
    "vit": 0.6,
    "violence": 0.25,
    "audio": 0.0,
    "text": 0.0
  },
  "thresholds": {
    "allow": 0.3,
    "review": 0.55,
    "block": 0.78
  },
  "decision": "REVIEW"
}