{
  "model": "jaranohaal/vit-base-violence-detection",
  "frames_dir": "/home/jovyan/kau-muhayu-multimodal-harmful-content-detect/임영재/팀원_라벨링_모델선정/결과_데이터_32/안지산/video_frames/안전비디오/clips__4076737-uhd_2160_3840_25fps_13.34_20.02",
  "num_frames_total": 298,
  "num_frames_used": 32,
  "per_frame": {
    "clip_000_frame_000.jpg": {
      "violence_prob": 0.1439375877380371
    },
    "clip_000_frame_009.jpg": {
      "violence_prob": 0.1446293294429779
    },
    "clip_000_frame_019.jpg": {
      "violence_prob": 0.14398391544818878
    },
    "clip_000_frame_028.jpg": {
      "violence_prob": 0.14503951370716095
    },
    "clip_000_frame_038.jpg": {
      "violence_prob": 0.1456443816423416
    },
    "clip_000_frame_047.jpg": {
      "violence_prob": 0.14340069890022278
    },
    "clip_000_frame_057.jpg": {
      "violence_prob": 0.1435796022415161
    },
    "clip_000_frame_067.jpg": {
      "violence_prob": 0.143784299492836
    },
    "clip_001_frame_000.jpg": {
      "violence_prob": 0.14431452751159668
    },
    "clip_001_frame_010.jpg": {
      "violence_prob": 0.14506788551807404
    },
    "clip_001_frame_019.jpg": {
      "violence_prob": 0.1440916806459427
    },
    "clip_001_frame_029.jpg": {
      "violence_prob": 0.14530332386493683
    },
    "clip_001_frame_038.jpg": {
      "violence_prob": 0.14536289870738983
    },
    "clip_001_frame_048.jpg": {
      "violence_prob": 0.14315515756607056
    },
    "clip_001_frame_058.jpg": {
      "violence_prob": 0.14453189074993134
    },
    "clip_001_frame_067.jpg": {
      "violence_prob": 0.14385773241519928
    },
    "clip_002_frame_001.jpg": {
      "violence_prob": 0.1441119760274887
    },
    "clip_002_frame_010.jpg": {
      "violence_prob": 0.14245998859405518
    },
    "clip_002_frame_020.jpg": {
      "violence_prob": 0.14478915929794312
    },
    "clip_002_frame_030.jpg": {
      "violence_prob": 0.14364954829216003
    },
    "clip_002_frame_039.jpg": {
      "violence_prob": 0.14335322380065918
    },
    "clip_002_frame_049.jpg": {
      "violence_prob": 0.1444867104291916
    },
    "clip_002_frame_058.jpg": {
      "violence_prob": 0.14569954574108124
    },
    "clip_002_frame_068.jpg": {
      "violence_prob": 0.14517223834991455
    },
    "clip_003_frame_001.jpg": {
      "violence_prob": 0.14544999599456787
    },
    "clip_003_frame_011.jpg": {
      "violence_prob": 0.14507588744163513
    },
    "clip_003_frame_021.jpg": {
      "violence_prob": 0.14473441243171692
    },
    "clip_003_frame_030.jpg": {
      "violence_prob": 0.14483985304832458
    },
    "clip_003_frame_040.jpg": {
      "violence_prob": 0.1445050835609436
    },
    "clip_003_frame_049.jpg": {
      "violence_prob": 0.14448437094688416
    },
    "clip_003_frame_059.jpg": {
      "violence_prob": 0.14438782632350922
    },
    "clip_003_frame_069.jpg": {
      "violence_prob": 0.14430242776870728
    }
  },
  "overall": {
    "avg_violence_prob": 0.14441208355128765,
    "max_violence_prob": 0.14569954574108124,
    "p95_violence_prob": 0.14553746953606606
  }
}