{
  "scores": {
    "clip": 0.48984213173389435,
    "vit": 0.30920140594244006,
    "slowfast": 0.020738942548632622,
    "audio": 0.0,
    "text": 0.0,
    "violence_stream": 0.020738942548632622,
    "final": 0.4248677402362228
  },
  "fusion_weights": {
    "clip": 0.8,
    "vit": 0.1,
    "violence": 0.1,
    "audio": 0.0,
    "text": 0.0
  },
  "thresholds": {
    "allow": 0.3,
    "review": 0.55,
    "block": 0.78
  },
  "decision": "ALLOW"
}