{
  "model": "jaranohaal/vit-base-violence-detection",
  "frames_dir": "/home/jovyan/kau-muhayu-multimodal-harmful-content-detect/임영재/팀원_라벨링_모델선정/결과_데이터_32/임영재/video_frames/비디오/gnBmOf7v_1",
  "num_frames_total": 120,
  "num_frames_used": 32,
  "per_frame": {
    "clip_000_frame_000.jpg": {
      "violence_prob": 0.09991750121116638
    },
    "clip_000_frame_003.jpg": {
      "violence_prob": 0.09789612144231796
    },
    "clip_000_frame_007.jpg": {
      "violence_prob": 0.0983656793832779
    },
    "clip_000_frame_011.jpg": {
      "violence_prob": 0.09737694263458252
    },
    "clip_000_frame_015.jpg": {
      "violence_prob": 0.09753359854221344
    },
    "clip_000_frame_019.jpg": {
      "violence_prob": 0.09711573272943497
    },
    "clip_000_frame_023.jpg": {
      "violence_prob": 0.09608017653226852
    },
    "clip_000_frame_026.jpg": {
      "violence_prob": 0.09607244282960892
    },
    "clip_000_frame_030.jpg": {
      "violence_prob": 0.09609084576368332
    },
    "clip_000_frame_034.jpg": {
      "violence_prob": 0.09807568043470383
    },
    "clip_000_frame_038.jpg": {
      "violence_prob": 0.09833817183971405
    },
    "clip_000_frame_042.jpg": {
      "violence_prob": 0.09921894967556
    },
    "clip_000_frame_046.jpg": {
      "violence_prob": 0.09823273867368698
    },
    "clip_000_frame_049.jpg": {
      "violence_prob": 0.09697312861680984
    },
    "clip_000_frame_053.jpg": {
      "violence_prob": 0.09700018167495728
    },
    "clip_000_frame_057.jpg": {
      "violence_prob": 0.09729102998971939
    },
    "clip_001_frame_001.jpg": {
      "violence_prob": 0.09737613052129745
    },
    "clip_001_frame_005.jpg": {
      "violence_prob": 0.09872450679540634
    },
    "clip_001_frame_009.jpg": {
      "violence_prob": 0.09922509640455246
    },
    "clip_001_frame_012.jpg": {
      "violence_prob": 0.09889906644821167
    },
    "clip_001_frame_016.jpg": {
      "violence_prob": 0.09909895062446594
    },
    "clip_001_frame_020.jpg": {
      "violence_prob": 0.09692772477865219
    },
    "clip_001_frame_024.jpg": {
      "violence_prob": 0.0978904664516449
    },
    "clip_001_frame_028.jpg": {
      "violence_prob": 0.09960179775953293
    },
    "clip_001_frame_032.jpg": {
      "violence_prob": 0.09833046793937683
    },
    "clip_001_frame_035.jpg": {
      "violence_prob": 0.09742989391088486
    },
    "clip_001_frame_039.jpg": {
      "violence_prob": 0.09885453432798386
    },
    "clip_001_frame_043.jpg": {
      "violence_prob": 0.09723073244094849
    },
    "clip_001_frame_047.jpg": {
      "violence_prob": 0.0985349491238594
    },
    "clip_001_frame_051.jpg": {
      "violence_prob": 0.09625019133090973
    },
    "clip_001_frame_055.jpg": {
      "violence_prob": 0.0982702374458313
    },
    "clip_001_frame_059.jpg": {
      "violence_prob": 0.09708456695079803
    }
  },
  "overall": {
    "avg_violence_prob": 0.09785338235087693,
    "max_violence_prob": 0.09991750121116638,
    "p95_violence_prob": 0.09939461201429367
  }
}