{
  "model": "jaranohaal/vit-base-violence-detection",
  "frames_dir": "/home/jovyan/kau-muhayu-multimodal-harmful-content-detect/임영재/팀원_라벨링/팀원_데이터/video_frames/V_394",
  "num_frames_total": 119,
  "num_frames_used": 12,
  "per_frame": {
    "clip_000_frame_000.jpg": {
      "violence_prob": 0.10492110252380371
    },
    "clip_000_frame_010.jpg": {
      "violence_prob": 0.18338081240653992
    },
    "clip_000_frame_020.jpg": {
      "violence_prob": 0.17994731664657593
    },
    "clip_000_frame_030.jpg": {
      "violence_prob": 0.12124017626047134
    },
    "clip_000_frame_040.jpg": {
      "violence_prob": 0.10852309316396713
    },
    "clip_000_frame_050.jpg": {
      "violence_prob": 0.06912112981081009
    },
    "clip_001_frame_001.jpg": {
      "violence_prob": 0.13025744259357452
    },
    "clip_001_frame_011.jpg": {
      "violence_prob": 0.12433797866106033
    },
    "clip_001_frame_021.jpg": {
      "violence_prob": 0.05450291931629181
    },
    "clip_001_frame_031.jpg": {
      "violence_prob": 0.056330062448978424
    },
    "clip_001_frame_041.jpg": {
      "violence_prob": 0.05793344974517822
    },
    "clip_001_frame_051.jpg": {
      "violence_prob": 0.08412378281354904
    }
  },
  "overall": {
    "avg_violence_prob": 0.10621827219923337,
    "max_violence_prob": 0.18338081240653992,
    "p95_violence_prob": 0.18149238973855972
  }
}