{
  "model": "jaranohaal/vit-base-violence-detection",
  "frames_dir": "/home/jovyan/kau-muhayu-multimodal-harmful-content-detect/임영재/팀원_라벨링_모델선정/결과_데이터_32/임영재/video_frames/비디오/E2gqgFNyPL8_0",
  "num_frames_total": 120,
  "num_frames_used": 32,
  "per_frame": {
    "clip_000_frame_000.jpg": {
      "violence_prob": 0.14335905015468597
    },
    "clip_000_frame_003.jpg": {
      "violence_prob": 0.1432833969593048
    },
    "clip_000_frame_007.jpg": {
      "violence_prob": 0.14376892149448395
    },
    "clip_000_frame_011.jpg": {
      "violence_prob": 0.1441979706287384
    },
    "clip_000_frame_015.jpg": {
      "violence_prob": 0.14392448961734772
    },
    "clip_000_frame_019.jpg": {
      "violence_prob": 0.14311368763446808
    },
    "clip_000_frame_023.jpg": {
      "violence_prob": 0.14228786528110504
    },
    "clip_000_frame_026.jpg": {
      "violence_prob": 0.14164875447750092
    },
    "clip_000_frame_030.jpg": {
      "violence_prob": 0.14106953144073486
    },
    "clip_000_frame_034.jpg": {
      "violence_prob": 0.14034132659435272
    },
    "clip_000_frame_038.jpg": {
      "violence_prob": 0.1404956430196762
    },
    "clip_000_frame_042.jpg": {
      "violence_prob": 0.14038804173469543
    },
    "clip_000_frame_046.jpg": {
      "violence_prob": 0.13981932401657104
    },
    "clip_000_frame_049.jpg": {
      "violence_prob": 0.14046978950500488
    },
    "clip_000_frame_053.jpg": {
      "violence_prob": 0.14090047776699066
    },
    "clip_000_frame_057.jpg": {
      "violence_prob": 0.14036725461483002
    },
    "clip_001_frame_001.jpg": {
      "violence_prob": 0.13903507590293884
    },
    "clip_001_frame_005.jpg": {
      "violence_prob": 0.13790057599544525
    },
    "clip_001_frame_009.jpg": {
      "violence_prob": 0.13812792301177979
    },
    "clip_001_frame_012.jpg": {
      "violence_prob": 0.1383877992630005
    },
    "clip_001_frame_016.jpg": {
      "violence_prob": 0.1383703351020813
    },
    "clip_001_frame_020.jpg": {
      "violence_prob": 0.13850194215774536
    },
    "clip_001_frame_024.jpg": {
      "violence_prob": 0.13842210173606873
    },
    "clip_001_frame_028.jpg": {
      "violence_prob": 0.13896068930625916
    },
    "clip_001_frame_032.jpg": {
      "violence_prob": 0.13915027678012848
    },
    "clip_001_frame_035.jpg": {
      "violence_prob": 0.13892412185668945
    },
    "clip_001_frame_039.jpg": {
      "violence_prob": 0.14039425551891327
    },
    "clip_001_frame_043.jpg": {
      "violence_prob": 0.14015382528305054
    },
    "clip_001_frame_047.jpg": {
      "violence_prob": 0.14014595746994019
    },
    "clip_001_frame_051.jpg": {
      "violence_prob": 0.14020536839962006
    },
    "clip_001_frame_055.jpg": {
      "violence_prob": 0.1396339386701584
    },
    "clip_001_frame_059.jpg": {
      "violence_prob": 0.1401243954896927
    }
  },
  "overall": {
    "avg_violence_prob": 0.14049606584012508,
    "max_violence_prob": 0.1441979706287384,
    "p95_violence_prob": 0.14383892714977264
  }
}