{
  "model": "jaranohaal/vit-base-violence-detection",
  "frames_dir": "/home/jovyan/kau-muhayu-multimodal-harmful-content-detect/임영재/팀원_라벨링_모델선정/결과_데이터_32/임영재/video_frames/비디오/ZVPU5c95_0",
  "num_frames_total": 120,
  "num_frames_used": 32,
  "per_frame": {
    "clip_000_frame_000.jpg": {
      "violence_prob": 0.11846307665109634
    },
    "clip_000_frame_003.jpg": {
      "violence_prob": 0.11827652901411057
    },
    "clip_000_frame_007.jpg": {
      "violence_prob": 0.11917456239461899
    },
    "clip_000_frame_011.jpg": {
      "violence_prob": 0.11754406243562698
    },
    "clip_000_frame_015.jpg": {
      "violence_prob": 0.11750867962837219
    },
    "clip_000_frame_019.jpg": {
      "violence_prob": 0.1168459877371788
    },
    "clip_000_frame_023.jpg": {
      "violence_prob": 0.11563057452440262
    },
    "clip_000_frame_026.jpg": {
      "violence_prob": 0.11585453152656555
    },
    "clip_000_frame_030.jpg": {
      "violence_prob": 0.11816585063934326
    },
    "clip_000_frame_034.jpg": {
      "violence_prob": 0.11747466027736664
    },
    "clip_000_frame_038.jpg": {
      "violence_prob": 0.1181606575846672
    },
    "clip_000_frame_042.jpg": {
      "violence_prob": 0.11515238136053085
    },
    "clip_000_frame_046.jpg": {
      "violence_prob": 0.11644379049539566
    },
    "clip_000_frame_049.jpg": {
      "violence_prob": 0.11553104966878891
    },
    "clip_000_frame_053.jpg": {
      "violence_prob": 0.1156286969780922
    },
    "clip_000_frame_057.jpg": {
      "violence_prob": 0.11560562252998352
    },
    "clip_001_frame_001.jpg": {
      "violence_prob": 0.11551530659198761
    },
    "clip_001_frame_005.jpg": {
      "violence_prob": 0.11575102806091309
    },
    "clip_001_frame_009.jpg": {
      "violence_prob": 0.11533437669277191
    },
    "clip_001_frame_012.jpg": {
      "violence_prob": 0.1153297871351242
    },
    "clip_001_frame_016.jpg": {
      "violence_prob": 0.11526165902614594
    },
    "clip_001_frame_020.jpg": {
      "violence_prob": 0.11519686877727509
    },
    "clip_001_frame_024.jpg": {
      "violence_prob": 0.1152741014957428
    },
    "clip_001_frame_028.jpg": {
      "violence_prob": 0.11373472958803177
    },
    "clip_001_frame_032.jpg": {
      "violence_prob": 0.11396621912717819
    },
    "clip_001_frame_035.jpg": {
      "violence_prob": 0.11351373791694641
    },
    "clip_001_frame_039.jpg": {
      "violence_prob": 0.11393668502569199
    },
    "clip_001_frame_043.jpg": {
      "violence_prob": 0.11358803510665894
    },
    "clip_001_frame_047.jpg": {
      "violence_prob": 0.11377373337745667
    },
    "clip_001_frame_051.jpg": {
      "violence_prob": 0.1147177666425705
    },
    "clip_001_frame_055.jpg": {
      "violence_prob": 0.11472804844379425
    },
    "clip_001_frame_059.jpg": {
      "violence_prob": 0.11537326127290726
    }
  },
  "overall": {
    "avg_violence_prob": 0.11582675180397928,
    "max_violence_prob": 0.11917456239461899,
    "p95_violence_prob": 0.11836047545075416
  }
}