{
  "model": "jaranohaal/vit-base-violence-detection",
  "frames_dir": "/home/jovyan/kau-muhayu-multimodal-harmful-content-detect/임영재/팀원_라벨링_모델선정/결과_데이터_32/안지산/video_frames/비디오/violence__clips__4806566-uhd_3840_2160_25fps_3.00_6.00",
  "num_frames_total": 50,
  "num_frames_used": 32,
  "per_frame": {
    "clip_000_frame_000.jpg": {
      "violence_prob": 0.12050755321979523
    },
    "clip_000_frame_001.jpg": {
      "violence_prob": 0.12162166088819504
    },
    "clip_000_frame_003.jpg": {
      "violence_prob": 0.1273493468761444
    },
    "clip_000_frame_004.jpg": {
      "violence_prob": 0.12406254559755325
    },
    "clip_000_frame_006.jpg": {
      "violence_prob": 0.12873540818691254
    },
    "clip_000_frame_007.jpg": {
      "violence_prob": 0.12385723739862442
    },
    "clip_000_frame_009.jpg": {
      "violence_prob": 0.13423489034175873
    },
    "clip_000_frame_011.jpg": {
      "violence_prob": 0.12743590772151947
    },
    "clip_000_frame_012.jpg": {
      "violence_prob": 0.13612015545368195
    },
    "clip_000_frame_014.jpg": {
      "violence_prob": 0.11921421438455582
    },
    "clip_000_frame_015.jpg": {
      "violence_prob": 0.1148613840341568
    },
    "clip_000_frame_017.jpg": {
      "violence_prob": 0.12270589917898178
    },
    "clip_000_frame_018.jpg": {
      "violence_prob": 0.12306134402751923
    },
    "clip_000_frame_020.jpg": {
      "violence_prob": 0.15185613930225372
    },
    "clip_000_frame_022.jpg": {
      "violence_prob": 0.17073266208171844
    },
    "clip_000_frame_023.jpg": {
      "violence_prob": 0.18108321726322174
    },
    "clip_000_frame_025.jpg": {
      "violence_prob": 0.1745232492685318
    },
    "clip_000_frame_026.jpg": {
      "violence_prob": 0.1932922750711441
    },
    "clip_000_frame_028.jpg": {
      "violence_prob": 0.19086796045303345
    },
    "clip_000_frame_030.jpg": {
      "violence_prob": 0.17068037390708923
    },
    "clip_000_frame_031.jpg": {
      "violence_prob": 0.16094034910202026
    },
    "clip_000_frame_033.jpg": {
      "violence_prob": 0.1736121028661728
    },
    "clip_000_frame_034.jpg": {
      "violence_prob": 0.1472087949514389
    },
    "clip_000_frame_036.jpg": {
      "violence_prob": 0.13218578696250916
    },
    "clip_000_frame_037.jpg": {
      "violence_prob": 0.1359403282403946
    },
    "clip_000_frame_039.jpg": {
      "violence_prob": 0.1197841465473175
    },
    "clip_000_frame_041.jpg": {
      "violence_prob": 0.11832649260759354
    },
    "clip_000_frame_042.jpg": {
      "violence_prob": 0.12114384025335312
    },
    "clip_000_frame_044.jpg": {
      "violence_prob": 0.11395066976547241
    },
    "clip_000_frame_045.jpg": {
      "violence_prob": 0.11998313665390015
    },
    "clip_000_frame_047.jpg": {
      "violence_prob": 0.10509161651134491
    },
    "clip_000_frame_049.jpg": {
      "violence_prob": 0.10420339554548264
    }
  },
  "overall": {
    "avg_violence_prob": 0.13778669014573097,
    "max_violence_prob": 0.1932922750711441,
    "p95_violence_prob": 0.185486351698637
  }
}