{
  "model": "jaranohaal/vit-base-violence-detection",
  "frames_dir": "/home/jovyan/kau-muhayu-multimodal-harmful-content-detect/임영재/팀원_라벨링_모델선정/결과_데이터_32/안지산/video_frames/안전비디오/clips__3971351-uhd_3840_2160_25fps_0.00_3.29",
  "num_frames_total": 114,
  "num_frames_used": 32,
  "per_frame": {
    "clip_000_frame_000.jpg": {
      "violence_prob": 0.12334904074668884
    },
    "clip_000_frame_003.jpg": {
      "violence_prob": 0.1211824119091034
    },
    "clip_000_frame_007.jpg": {
      "violence_prob": 0.12152179330587387
    },
    "clip_000_frame_010.jpg": {
      "violence_prob": 0.12265630811452866
    },
    "clip_000_frame_014.jpg": {
      "violence_prob": 0.12700484693050385
    },
    "clip_000_frame_018.jpg": {
      "violence_prob": 0.1257363110780716
    },
    "clip_000_frame_021.jpg": {
      "violence_prob": 0.12388616055250168
    },
    "clip_000_frame_025.jpg": {
      "violence_prob": 0.12236304581165314
    },
    "clip_000_frame_029.jpg": {
      "violence_prob": 0.12200668454170227
    },
    "clip_000_frame_032.jpg": {
      "violence_prob": 0.12036371976137161
    },
    "clip_000_frame_036.jpg": {
      "violence_prob": 0.12460535764694214
    },
    "clip_000_frame_040.jpg": {
      "violence_prob": 0.12422917783260345
    },
    "clip_000_frame_043.jpg": {
      "violence_prob": 0.12620273232460022
    },
    "clip_000_frame_047.jpg": {
      "violence_prob": 0.12175174802541733
    },
    "clip_000_frame_051.jpg": {
      "violence_prob": 0.1223224550485611
    },
    "clip_000_frame_054.jpg": {
      "violence_prob": 0.12284226715564728
    },
    "clip_000_frame_058.jpg": {
      "violence_prob": 0.1222446858882904
    },
    "clip_000_frame_061.jpg": {
      "violence_prob": 0.12190113961696625
    },
    "clip_000_frame_065.jpg": {
      "violence_prob": 0.11519642174243927
    },
    "clip_000_frame_069.jpg": {
      "violence_prob": 0.12334904074668884
    },
    "clip_000_frame_072.jpg": {
      "violence_prob": 0.1211824119091034
    },
    "clip_000_frame_076.jpg": {
      "violence_prob": 0.12152179330587387
    },
    "clip_000_frame_080.jpg": {
      "violence_prob": 0.12380272150039673
    },
    "clip_000_frame_083.jpg": {
      "violence_prob": 0.12700484693050385
    },
    "clip_000_frame_087.jpg": {
      "violence_prob": 0.1257363110780716
    },
    "clip_000_frame_091.jpg": {
      "violence_prob": 0.12195607274770737
    },
    "clip_000_frame_094.jpg": {
      "violence_prob": 0.12222441285848618
    },
    "clip_000_frame_098.jpg": {
      "violence_prob": 0.12020751088857651
    },
    "clip_000_frame_102.jpg": {
      "violence_prob": 0.12157494574785233
    },
    "clip_000_frame_105.jpg": {
      "violence_prob": 0.12206310778856277
    },
    "clip_000_frame_109.jpg": {
      "violence_prob": 0.11469526588916779
    },
    "clip_000_frame_113.jpg": {
      "violence_prob": 0.11122667044401169
    }
  },
  "overall": {
    "avg_violence_prob": 0.12212223187088966,
    "max_violence_prob": 0.12700484693050385,
    "p95_violence_prob": 0.12656368389725686
  }
}