{
  "model": "jaranohaal/vit-base-violence-detection",
  "frames_dir": "/home/jovyan/kau-muhayu-multimodal-harmful-content-detect/임영재/팀원_라벨링_모델선정/결과_데이터_32/임영재/video_frames/비디오/Kx5lWLPZ0Y0_0",
  "num_frames_total": 120,
  "num_frames_used": 32,
  "per_frame": {
    "clip_000_frame_000.jpg": {
      "violence_prob": 0.09436646848917007
    },
    "clip_000_frame_003.jpg": {
      "violence_prob": 0.09652312099933624
    },
    "clip_000_frame_007.jpg": {
      "violence_prob": 0.09260832518339157
    },
    "clip_000_frame_011.jpg": {
      "violence_prob": 0.09110881388187408
    },
    "clip_000_frame_015.jpg": {
      "violence_prob": 0.09157033264636993
    },
    "clip_000_frame_019.jpg": {
      "violence_prob": 0.0946584939956665
    },
    "clip_000_frame_023.jpg": {
      "violence_prob": 0.09327390044927597
    },
    "clip_000_frame_026.jpg": {
      "violence_prob": 0.09267424792051315
    },
    "clip_000_frame_030.jpg": {
      "violence_prob": 0.09414511173963547
    },
    "clip_000_frame_034.jpg": {
      "violence_prob": 0.09570687264204025
    },
    "clip_000_frame_038.jpg": {
      "violence_prob": 0.09214538335800171
    },
    "clip_000_frame_042.jpg": {
      "violence_prob": 0.09226500988006592
    },
    "clip_000_frame_046.jpg": {
      "violence_prob": 0.0941489040851593
    },
    "clip_000_frame_049.jpg": {
      "violence_prob": 0.08978259563446045
    },
    "clip_000_frame_053.jpg": {
      "violence_prob": 0.09345309436321259
    },
    "clip_000_frame_057.jpg": {
      "violence_prob": 0.09185498207807541
    },
    "clip_001_frame_001.jpg": {
      "violence_prob": 0.09524776041507721
    },
    "clip_001_frame_005.jpg": {
      "violence_prob": 0.08964657038450241
    },
    "clip_001_frame_009.jpg": {
      "violence_prob": 0.09277898818254471
    },
    "clip_001_frame_012.jpg": {
      "violence_prob": 0.09083912521600723
    },
    "clip_001_frame_016.jpg": {
      "violence_prob": 0.09118464589118958
    },
    "clip_001_frame_020.jpg": {
      "violence_prob": 0.08960377424955368
    },
    "clip_001_frame_024.jpg": {
      "violence_prob": 0.09121131151914597
    },
    "clip_001_frame_028.jpg": {
      "violence_prob": 0.08922931551933289
    },
    "clip_001_frame_032.jpg": {
      "violence_prob": 0.0919685885310173
    },
    "clip_001_frame_035.jpg": {
      "violence_prob": 0.09277651458978653
    },
    "clip_001_frame_039.jpg": {
      "violence_prob": 0.09329100698232651
    },
    "clip_001_frame_043.jpg": {
      "violence_prob": 0.09168194234371185
    },
    "clip_001_frame_047.jpg": {
      "violence_prob": 0.09364426136016846
    },
    "clip_001_frame_051.jpg": {
      "violence_prob": 0.09269566833972931
    },
    "clip_001_frame_055.jpg": {
      "violence_prob": 0.09296063333749771
    },
    "clip_001_frame_059.jpg": {
      "violence_prob": 0.09557118266820908
    }
  },
  "overall": {
    "avg_violence_prob": 0.09264427958987653,
    "max_violence_prob": 0.09652312099933624,
    "p95_violence_prob": 0.09563224315643311
  }
}