{
  "scores": {
    "clip": 0.4853565603494644,
    "vit": 0.7046404600143432,
    "slowfast": 0.06857103854417801,
    "audio": 0.0,
    "text": 0.0,
    "violence_stream": 0.06857103854417801,
    "final": 0.5127305196970701
  },
  "fusion_weights": {
    "clip": 0.15,
    "vit": 0.6,
    "violence": 0.25,
    "audio": 0.0,
    "text": 0.0
  },
  "thresholds": {
    "allow": 0.3,
    "review": 0.55,
    "block": 0.78
  },
  "decision": "ALLOW"
}