{
  "model": "jaranohaal/vit-base-violence-detection",
  "frames_dir": "/home/jovyan/kau-muhayu-multimodal-harmful-content-detect/임영재/팀원_라벨링_모델선정/결과_데이터_32/박상원/video_frames/비디오/video_198_drug_dealing",
  "num_frames_total": 250,
  "num_frames_used": 32,
  "per_frame": {
    "clip_000_frame_000.jpg": {
      "violence_prob": 0.5075110793113708
    },
    "clip_000_frame_008.jpg": {
      "violence_prob": 0.5077138543128967
    },
    "clip_000_frame_016.jpg": {
      "violence_prob": 0.5075144171714783
    },
    "clip_000_frame_024.jpg": {
      "violence_prob": 0.5078470706939697
    },
    "clip_000_frame_032.jpg": {
      "violence_prob": 0.5079072117805481
    },
    "clip_000_frame_040.jpg": {
      "violence_prob": 0.5077196955680847
    },
    "clip_000_frame_048.jpg": {
      "violence_prob": 0.5077206492424011
    },
    "clip_001_frame_006.jpg": {
      "violence_prob": 0.5078243613243103
    },
    "clip_001_frame_014.jpg": {
      "violence_prob": 0.5076704621315002
    },
    "clip_001_frame_022.jpg": {
      "violence_prob": 0.5077202320098877
    },
    "clip_001_frame_030.jpg": {
      "violence_prob": 0.5078043341636658
    },
    "clip_001_frame_038.jpg": {
      "violence_prob": 0.5077031254768372
    },
    "clip_001_frame_046.jpg": {
      "violence_prob": 0.5079576969146729
    },
    "clip_002_frame_004.jpg": {
      "violence_prob": 0.5011373162269592
    },
    "clip_002_frame_012.jpg": {
      "violence_prob": 0.4854424297809601
    },
    "clip_002_frame_020.jpg": {
      "violence_prob": 0.45926371216773987
    },
    "clip_002_frame_028.jpg": {
      "violence_prob": 0.45482388138771057
    },
    "clip_002_frame_036.jpg": {
      "violence_prob": 0.46075451374053955
    },
    "clip_002_frame_044.jpg": {
      "violence_prob": 0.43992915749549866
    },
    "clip_003_frame_002.jpg": {
      "violence_prob": 0.43785977363586426
    },
    "clip_003_frame_010.jpg": {
      "violence_prob": 0.4402494728565216
    },
    "clip_003_frame_018.jpg": {
      "violence_prob": 0.4482332170009613
    },
    "clip_003_frame_026.jpg": {
      "violence_prob": 0.4523383378982544
    },
    "clip_003_frame_034.jpg": {
      "violence_prob": 0.4682883322238922
    },
    "clip_003_frame_042.jpg": {
      "violence_prob": 0.5060527324676514
    },
    "clip_004_frame_000.jpg": {
      "violence_prob": 0.5076744556427002
    },
    "clip_004_frame_008.jpg": {
      "violence_prob": 0.5078617334365845
    },
    "clip_004_frame_016.jpg": {
      "violence_prob": 0.507795512676239
    },
    "clip_004_frame_024.jpg": {
      "violence_prob": 0.5076243281364441
    },
    "clip_004_frame_032.jpg": {
      "violence_prob": 0.5075319409370422
    },
    "clip_004_frame_040.jpg": {
      "violence_prob": 0.5076095461845398
    },
    "clip_004_frame_049.jpg": {
      "violence_prob": 0.507470965385437
    }
  },
  "overall": {
    "avg_violence_prob": 0.49089236091822386,
    "max_violence_prob": 0.5079576969146729,
    "p95_violence_prob": 0.5078821986913681
  }
}