{
  "scores": {
    "clip": 0.4141265943646431,
    "vit": 0.22881804853677748,
    "slowfast": 0.07602516561746597,
    "audio": 0.0,
    "text": 0.0,
    "violence_stream": 0.07602516561746597,
    "final": 0.21841610968112943
  },
  "fusion_weights": {
    "clip": 0.15,
    "vit": 0.6,
    "violence": 0.25,
    "audio": 0.0,
    "text": 0.0
  },
  "thresholds": {
    "allow": 0.3,
    "review": 0.55,
    "block": 0.78
  },
  "decision": "ALLOW"
}