{
  "scores": {
    "clip": 0.8364191770553588,
    "vit": 0.15765760615468025,
    "slowfast": 0.0,
    "audio": 0.0007421018672175705,
    "text": 0.0,
    "violence_stream": 0.0,
    "final": 0.6849011022597551
  },
  "fusion_weights": {
    "clip": 0.8,
    "vit": 0.1,
    "violence": 0.1,
    "audio": 0.0,
    "text": 0.0
  },
  "thresholds": {
    "allow": 0.3,
    "review": 0.55,
    "block": 0.78
  },
  "decision": "REVIEW"
}