{
  "scores": {
    "clip": 0.4195958644151688,
    "vit": 0.1342497169971466,
    "slowfast": 0.8166747093200684,
    "audio": 0.0,
    "text": 0.0,
    "violence_stream": 0.8166747093200684,
    "final": 0.43076913416385654
  },
  "fusion_weights": {
    "clip": 0.8,
    "vit": 0.1,
    "violence": 0.1,
    "audio": 0.0,
    "text": 0.0
  },
  "thresholds": {
    "allow": 0.3,
    "review": 0.55,
    "block": 0.78
  },
  "decision": "ALLOW"
}