{
  "scores": {
    "clip": 0.5381345152854919,
    "vit": 0.4849351540207863,
    "slowfast": 0.0,
    "audio": 0.0013651505578309298,
    "text": 0.0,
    "violence_stream": 0.0,
    "final": 0.4790011276304722
  },
  "fusion_weights": {
    "clip": 0.8,
    "vit": 0.1,
    "violence": 0.1,
    "audio": 0.0,
    "text": 0.0
  },
  "thresholds": {
    "allow": 0.3,
    "review": 0.55,
    "block": 0.78
  },
  "decision": "ALLOW"
}