{
  "scores": {
    "clip": 0.8208710104227066,
    "vit": 0.255729079246521,
    "slowfast": 0.0,
    "audio": 0.011691325344145298,
    "text": 0.0,
    "violence_stream": 0.0,
    "final": 0.2765680991113186
  },
  "fusion_weights": {
    "clip": 0.15,
    "vit": 0.6,
    "violence": 0.25,
    "audio": 0.0,
    "text": 0.0
  },
  "thresholds": {
    "allow": 0.3,
    "review": 0.55,
    "block": 0.78
  },
  "decision": "ALLOW"
}