{
  "model": "jaranohaal/vit-base-violence-detection",
  "frames_dir": "/home/jovyan/kau-muhayu-multimodal-harmful-content-detect/임영재/팀원_라벨링/팀원_데이터/video_frames/V_487",
  "num_frames_total": 111,
  "num_frames_used": 12,
  "per_frame": {
    "clip_000_frame_000.jpg": {
      "violence_prob": 0.6140277981758118
    },
    "clip_000_frame_010.jpg": {
      "violence_prob": 0.6235743761062622
    },
    "clip_000_frame_020.jpg": {
      "violence_prob": 0.6690154075622559
    },
    "clip_000_frame_030.jpg": {
      "violence_prob": 0.670975387096405
    },
    "clip_000_frame_040.jpg": {
      "violence_prob": 0.5877006649971008
    },
    "clip_000_frame_050.jpg": {
      "violence_prob": 0.5990078449249268
    },
    "clip_001_frame_001.jpg": {
      "violence_prob": 0.6023089289665222
    },
    "clip_001_frame_011.jpg": {
      "violence_prob": 0.5626499652862549
    },
    "clip_001_frame_021.jpg": {
      "violence_prob": 0.5116192698478699
    },
    "clip_001_frame_031.jpg": {
      "violence_prob": 0.5096421837806702
    },
    "clip_001_frame_041.jpg": {
      "violence_prob": 0.48648500442504883
    },
    "clip_001_frame_051.jpg": {
      "violence_prob": 0.4411133825778961
    }
  },
  "overall": {
    "avg_violence_prob": 0.5731766844789187,
    "max_violence_prob": 0.670975387096405,
    "p95_violence_prob": 0.669897398352623
  }
}