{
  "scores": {
    "clip": 0.654627177119255,
    "vit": 0.7364638775587082,
    "slowfast": 0.0,
    "audio": 0.001980074681341648,
    "text": 0.8890495896339417,
    "violence_stream": 0.0,
    "final": 0.5400724031031131
  },
  "fusion_weights": {
    "clip": 0.15,
    "vit": 0.6,
    "violence": 0.25,
    "audio": 0.0,
    "text": 0.0
  },
  "thresholds": {
    "allow": 0.3,
    "review": 0.55,
    "block": 0.78
  },
  "decision": "ALLOW"
}