{
  "scores": {
    "clip": 0.7338336199522019,
    "vit": 0.1494083471596241,
    "slowfast": 0.20425531268119812,
    "audio": 0.0,
    "text": 0.0,
    "violence_stream": 0.20425531268119812,
    "final": 0.6224332619458438
  },
  "fusion_weights": {
    "clip": 0.8,
    "vit": 0.1,
    "violence": 0.1,
    "audio": 0.0,
    "text": 0.0
  },
  "thresholds": {
    "allow": 0.3,
    "review": 0.55,
    "block": 0.78
  },
  "decision": "REVIEW"
}