{
  "scores": {
    "clip": 0.8959483534097671,
    "vit": 0.7119334518909455,
    "slowfast": 0.0,
    "audio": 0.0,
    "text": 0.9503844380378723,
    "violence_stream": 0.0,
    "final": 0.5615523241460323
  },
  "fusion_weights": {
    "clip": 0.15,
    "vit": 0.6,
    "violence": 0.25,
    "audio": 0.0,
    "text": 0.0
  },
  "thresholds": {
    "allow": 0.3,
    "review": 0.55,
    "block": 0.78
  },
  "decision": "REVIEW"
}