{
  "model": "jaranohaal/vit-base-violence-detection",
  "frames_dir": "/home/jovyan/kau-muhayu-multimodal-harmful-content-detect/임영재/팀원_라벨링/팀원_데이터/video_frames/TuWan04E3gQ_0",
  "num_frames_total": 120,
  "num_frames_used": 12,
  "per_frame": {
    "clip_000_frame_000.jpg": {
      "violence_prob": 0.6917765736579895
    },
    "clip_000_frame_010.jpg": {
      "violence_prob": 0.6870592832565308
    },
    "clip_000_frame_020.jpg": {
      "violence_prob": 0.6798613667488098
    },
    "clip_000_frame_030.jpg": {
      "violence_prob": 0.6808024644851685
    },
    "clip_000_frame_040.jpg": {
      "violence_prob": 0.6850524544715881
    },
    "clip_000_frame_050.jpg": {
      "violence_prob": 0.6862908601760864
    },
    "clip_001_frame_000.jpg": {
      "violence_prob": 0.7081666588783264
    },
    "clip_001_frame_010.jpg": {
      "violence_prob": 0.7113838195800781
    },
    "clip_001_frame_020.jpg": {
      "violence_prob": 0.7107032537460327
    },
    "clip_001_frame_030.jpg": {
      "violence_prob": 0.7095257639884949
    },
    "clip_001_frame_040.jpg": {
      "violence_prob": 0.7114974856376648
    },
    "clip_001_frame_050.jpg": {
      "violence_prob": 0.712466299533844
    }
  },
  "overall": {
    "avg_violence_prob": 0.6978821903467178,
    "max_violence_prob": 0.712466299533844,
    "p95_violence_prob": 0.7119334518909455
  }
}