{
  "model": "jaranohaal/vit-base-violence-detection",
  "frames_dir": "/home/jovyan/kau-muhayu-multimodal-harmful-content-detect/임영재/팀원_라벨링_모델선정/결과_데이터_32/안지산/video_frames/안전비디오/clips__3973312-uhd_3840_2160_25fps_3.07_6.14",
  "num_frames_total": 113,
  "num_frames_used": 32,
  "per_frame": {
    "clip_000_frame_000.jpg": {
      "violence_prob": 0.3498919904232025
    },
    "clip_000_frame_003.jpg": {
      "violence_prob": 0.3521566390991211
    },
    "clip_000_frame_007.jpg": {
      "violence_prob": 0.368732750415802
    },
    "clip_000_frame_010.jpg": {
      "violence_prob": 0.36145833134651184
    },
    "clip_000_frame_014.jpg": {
      "violence_prob": 0.3613940179347992
    },
    "clip_000_frame_018.jpg": {
      "violence_prob": 0.36282530426979065
    },
    "clip_000_frame_021.jpg": {
      "violence_prob": 0.371202290058136
    },
    "clip_000_frame_025.jpg": {
      "violence_prob": 0.34935256838798523
    },
    "clip_000_frame_028.jpg": {
      "violence_prob": 0.3655344247817993
    },
    "clip_000_frame_032.jpg": {
      "violence_prob": 0.3664079010486603
    },
    "clip_000_frame_036.jpg": {
      "violence_prob": 0.37233924865722656
    },
    "clip_000_frame_039.jpg": {
      "violence_prob": 0.36674413084983826
    },
    "clip_000_frame_043.jpg": {
      "violence_prob": 0.37397098541259766
    },
    "clip_000_frame_046.jpg": {
      "violence_prob": 0.3692111372947693
    },
    "clip_000_frame_050.jpg": {
      "violence_prob": 0.3713260293006897
    },
    "clip_000_frame_054.jpg": {
      "violence_prob": 0.3805096447467804
    },
    "clip_000_frame_057.jpg": {
      "violence_prob": 0.381879597902298
    },
    "clip_000_frame_061.jpg": {
      "violence_prob": 0.3726083040237427
    },
    "clip_000_frame_065.jpg": {
      "violence_prob": 0.34979093074798584
    },
    "clip_000_frame_068.jpg": {
      "violence_prob": 0.34935256838798523
    },
    "clip_000_frame_072.jpg": {
      "violence_prob": 0.3652404844760895
    },
    "clip_000_frame_075.jpg": {
      "violence_prob": 0.3664079010486603
    },
    "clip_000_frame_079.jpg": {
      "violence_prob": 0.37233924865722656
    },
    "clip_000_frame_083.jpg": {
      "violence_prob": 0.36692437529563904
    },
    "clip_000_frame_086.jpg": {
      "violence_prob": 0.37397098541259766
    },
    "clip_000_frame_090.jpg": {
      "violence_prob": 0.3672238886356354
    },
    "clip_000_frame_093.jpg": {
      "violence_prob": 0.3713260293006897
    },
    "clip_000_frame_097.jpg": {
      "violence_prob": 0.3805096447467804
    },
    "clip_000_frame_101.jpg": {
      "violence_prob": 0.3783680498600006
    },
    "clip_000_frame_104.jpg": {
      "violence_prob": 0.3726083040237427
    },
    "clip_000_frame_108.jpg": {
      "violence_prob": 0.38179394602775574
    },
    "clip_000_frame_112.jpg": {
      "violence_prob": 0.38330259919166565
    }
  },
  "overall": {
    "avg_violence_prob": 0.3680220078676939,
    "max_violence_prob": 0.38330259919166565,
    "p95_violence_prob": 0.38183248937129977
  }
}