{
  "scores": {
    "clip": 0.38004302233457565,
    "vit": 0.4976698920130729,
    "slowfast": 0.0,
    "audio": 2.6287416403647512e-05,
    "text": 0.2042665332555771,
    "violence_stream": 0.0,
    "final": 0.35560838855803006
  },
  "fusion_weights": {
    "clip": 0.15,
    "vit": 0.6,
    "violence": 0.25,
    "audio": 0.0,
    "text": 0.0
  },
  "thresholds": {
    "allow": 0.3,
    "review": 0.55,
    "block": 0.78
  },
  "decision": "ALLOW"
}