{
  "scores": {
    "clip": 0.5264163881540298,
    "vit": 0.11666958220303059,
    "slowfast": 0.976978600025177,
    "audio": 0.0,
    "text": 0.0,
    "violence_stream": 0.976978600025177,
    "final": 0.5304979287460446
  },
  "fusion_weights": {
    "clip": 0.8,
    "vit": 0.1,
    "violence": 0.1,
    "audio": 0.0,
    "text": 0.0
  },
  "thresholds": {
    "allow": 0.3,
    "review": 0.55,
    "block": 0.78
  },
  "decision": "ALLOW"
}