{
  "model": "jaranohaal/vit-base-violence-detection",
  "frames_dir": "/home/jovyan/kau-muhayu-multimodal-harmful-content-detect/임영재/팀원_라벨링/팀원_데이터/video_frames/POGFN_432",
  "num_frames_total": 120,
  "num_frames_used": 12,
  "per_frame": {
    "clip_000_frame_000.jpg": {
      "violence_prob": 0.3559388816356659
    },
    "clip_000_frame_010.jpg": {
      "violence_prob": 0.3601236045360565
    },
    "clip_000_frame_020.jpg": {
      "violence_prob": 0.3185026943683624
    },
    "clip_000_frame_030.jpg": {
      "violence_prob": 0.3276676535606384
    },
    "clip_000_frame_040.jpg": {
      "violence_prob": 0.3591752052307129
    },
    "clip_000_frame_050.jpg": {
      "violence_prob": 0.33986207842826843
    },
    "clip_001_frame_000.jpg": {
      "violence_prob": 0.3194074332714081
    },
    "clip_001_frame_010.jpg": {
      "violence_prob": 0.3230961263179779
    },
    "clip_001_frame_020.jpg": {
      "violence_prob": 0.3490193784236908
    },
    "clip_001_frame_030.jpg": {
      "violence_prob": 0.37885352969169617
    },
    "clip_001_frame_040.jpg": {
      "violence_prob": 0.3904188275337219
    },
    "clip_001_frame_050.jpg": {
      "violence_prob": 0.3778288960456848
    }
  },
  "overall": {
    "avg_violence_prob": 0.34999119242032367,
    "max_violence_prob": 0.3904188275337219,
    "p95_violence_prob": 0.38405791372060777
  }
}