{
  "scores": {
    "clip": 0.872859326004982,
    "vit": 0.6198675841093063,
    "slowfast": 0.0967978984117508,
    "audio": 0.0,
    "text": 0.0,
    "violence_stream": 0.0967978984117508,
    "final": 0.5270489239692687
  },
  "fusion_weights": {
    "clip": 0.15,
    "vit": 0.6,
    "violence": 0.25,
    "audio": 0.0,
    "text": 0.0
  },
  "thresholds": {
    "allow": 0.3,
    "review": 0.55,
    "block": 0.78
  },
  "decision": "ALLOW"
}