{
  "scores": {
    "clip": 0.8726868450641632,
    "vit": 0.5782720983028412,
    "slowfast": 0.0967978984117508,
    "audio": 0.0,
    "text": 0.0,
    "violence_stream": 0.0967978984117508,
    "final": 0.5020657603442669
  },
  "fusion_weights": {
    "clip": 0.15,
    "vit": 0.6,
    "violence": 0.25,
    "audio": 0.0,
    "text": 0.0
  },
  "thresholds": {
    "allow": 0.3,
    "review": 0.55,
    "block": 0.78
  },
  "decision": "ALLOW"
}