{
  "model": "jaranohaal/vit-base-violence-detection",
  "frames_dir": "/home/jovyan/kau-muhayu-multimodal-harmful-content-detect/임영재/팀원_라벨링_모델선정/결과_데이터_training/팀원_데이터/video_frames/안전비디오/EUgjFWbm_0",
  "num_frames_total": 120,
  "num_frames_used": 32,
  "per_frame": {
    "clip_000_frame_000.jpg": {
      "violence_prob": 0.09387113898992538
    },
    "clip_000_frame_003.jpg": {
      "violence_prob": 0.09488116949796677
    },
    "clip_000_frame_007.jpg": {
      "violence_prob": 0.09589646756649017
    },
    "clip_000_frame_011.jpg": {
      "violence_prob": 0.09460031986236572
    },
    "clip_000_frame_015.jpg": {
      "violence_prob": 0.09448308497667313
    },
    "clip_000_frame_019.jpg": {
      "violence_prob": 0.09448132663965225
    },
    "clip_000_frame_023.jpg": {
      "violence_prob": 0.0950792133808136
    },
    "clip_000_frame_026.jpg": {
      "violence_prob": 0.09590748697519302
    },
    "clip_000_frame_030.jpg": {
      "violence_prob": 0.09632732719182968
    },
    "clip_000_frame_034.jpg": {
      "violence_prob": 0.09562300890684128
    },
    "clip_000_frame_038.jpg": {
      "violence_prob": 0.09618621319532394
    },
    "clip_000_frame_042.jpg": {
      "violence_prob": 0.09582492709159851
    },
    "clip_000_frame_046.jpg": {
      "violence_prob": 0.09624721854925156
    },
    "clip_000_frame_049.jpg": {
      "violence_prob": 0.09685920923948288
    },
    "clip_000_frame_053.jpg": {
      "violence_prob": 0.0969473198056221
    },
    "clip_000_frame_057.jpg": {
      "violence_prob": 0.09807409346103668
    },
    "clip_001_frame_001.jpg": {
      "violence_prob": 0.10071040689945221
    },
    "clip_001_frame_005.jpg": {
      "violence_prob": 0.09995623677968979
    },
    "clip_001_frame_009.jpg": {
      "violence_prob": 0.09919551759958267
    },
    "clip_001_frame_012.jpg": {
      "violence_prob": 0.1003471165895462
    },
    "clip_001_frame_016.jpg": {
      "violence_prob": 0.10068627446889877
    },
    "clip_001_frame_020.jpg": {
      "violence_prob": 0.10117921978235245
    },
    "clip_001_frame_024.jpg": {
      "violence_prob": 0.09976716339588165
    },
    "clip_001_frame_028.jpg": {
      "violence_prob": 0.09973316639661789
    },
    "clip_001_frame_032.jpg": {
      "violence_prob": 0.0999392494559288
    },
    "clip_001_frame_035.jpg": {
      "violence_prob": 0.09978532791137695
    },
    "clip_001_frame_039.jpg": {
      "violence_prob": 0.09959794580936432
    },
    "clip_001_frame_043.jpg": {
      "violence_prob": 0.09900587797164917
    },
    "clip_001_frame_047.jpg": {
      "violence_prob": 0.09859834611415863
    },
    "clip_001_frame_051.jpg": {
      "violence_prob": 0.09990948438644409
    },
    "clip_001_frame_055.jpg": {
      "violence_prob": 0.09918469190597534
    },
    "clip_001_frame_059.jpg": {
      "violence_prob": 0.0993645042181015
    }
  },
  "overall": {
    "avg_violence_prob": 0.09775781421922147,
    "max_violence_prob": 0.10117921978235245,
    "p95_violence_prob": 0.10069713406264783
  }
}