{
  "scores": {
    "clip": 0.7849385440349579,
    "vit": 0.2098837465047836,
    "slowfast": 0.0,
    "audio": 0.00026233220705762506,
    "text": 0.0,
    "violence_stream": 0.0,
    "final": 0.6489392098784447
  },
  "fusion_weights": {
    "clip": 0.8,
    "vit": 0.1,
    "violence": 0.1,
    "audio": 0.0,
    "text": 0.0
  },
  "thresholds": {
    "allow": 0.3,
    "review": 0.55,
    "block": 0.78
  },
  "decision": "REVIEW"
}