{
  "scores": {
    "clip": 0.8380149304866791,
    "vit": 0.5682099968194961,
    "slowfast": 0.14231811463832855,
    "audio": 0.003929759841412306,
    "text": 0.0,
    "violence_stream": 0.14231811463832855,
    "final": 0.5022077663242817
  },
  "fusion_weights": {
    "clip": 0.15,
    "vit": 0.6,
    "violence": 0.25,
    "audio": 0.0,
    "text": 0.0
  },
  "thresholds": {
    "allow": 0.3,
    "review": 0.55,
    "block": 0.78
  },
  "decision": "ALLOW"
}