{
  "model": "jaranohaal/vit-base-violence-detection",
  "frames_dir": "/home/jovyan/kau-muhayu-multimodal-harmful-content-detect/임영재/팀원_라벨링_모델선정/결과_데이터_32/박상원/video_frames/비디오/video_200_drug_dealing",
  "num_frames_total": 250,
  "num_frames_used": 32,
  "per_frame": {
    "clip_000_frame_000.jpg": {
      "violence_prob": 0.1244247779250145
    },
    "clip_000_frame_008.jpg": {
      "violence_prob": 0.12304002791643143
    },
    "clip_000_frame_016.jpg": {
      "violence_prob": 0.12476718425750732
    },
    "clip_000_frame_024.jpg": {
      "violence_prob": 0.11802547425031662
    },
    "clip_000_frame_032.jpg": {
      "violence_prob": 0.12415105849504471
    },
    "clip_000_frame_040.jpg": {
      "violence_prob": 0.12864312529563904
    },
    "clip_000_frame_048.jpg": {
      "violence_prob": 0.12655043601989746
    },
    "clip_001_frame_006.jpg": {
      "violence_prob": 0.12633474171161652
    },
    "clip_001_frame_014.jpg": {
      "violence_prob": 0.1296473741531372
    },
    "clip_001_frame_022.jpg": {
      "violence_prob": 0.12816987931728363
    },
    "clip_001_frame_030.jpg": {
      "violence_prob": 0.12369354814291
    },
    "clip_001_frame_038.jpg": {
      "violence_prob": 0.12054530531167984
    },
    "clip_001_frame_046.jpg": {
      "violence_prob": 0.12240887433290482
    },
    "clip_002_frame_004.jpg": {
      "violence_prob": 0.12384960055351257
    },
    "clip_002_frame_012.jpg": {
      "violence_prob": 0.12008631229400635
    },
    "clip_002_frame_020.jpg": {
      "violence_prob": 0.12246951460838318
    },
    "clip_002_frame_028.jpg": {
      "violence_prob": 0.12722641229629517
    },
    "clip_002_frame_036.jpg": {
      "violence_prob": 0.12856613099575043
    },
    "clip_002_frame_044.jpg": {
      "violence_prob": 0.12725256383419037
    },
    "clip_003_frame_002.jpg": {
      "violence_prob": 0.12780649960041046
    },
    "clip_003_frame_010.jpg": {
      "violence_prob": 0.12554748356342316
    },
    "clip_003_frame_018.jpg": {
      "violence_prob": 0.1274815797805786
    },
    "clip_003_frame_026.jpg": {
      "violence_prob": 0.12515564262866974
    },
    "clip_003_frame_034.jpg": {
      "violence_prob": 0.12147652357816696
    },
    "clip_003_frame_042.jpg": {
      "violence_prob": 0.12365178018808365
    },
    "clip_004_frame_000.jpg": {
      "violence_prob": 0.12373483180999756
    },
    "clip_004_frame_008.jpg": {
      "violence_prob": 0.12291619181632996
    },
    "clip_004_frame_016.jpg": {
      "violence_prob": 0.12174868583679199
    },
    "clip_004_frame_024.jpg": {
      "violence_prob": 0.1220252513885498
    },
    "clip_004_frame_032.jpg": {
      "violence_prob": 0.12008915841579437
    },
    "clip_004_frame_040.jpg": {
      "violence_prob": 0.11770202964544296
    },
    "clip_004_frame_049.jpg": {
      "violence_prob": 0.11885400861501694
    }
  },
  "overall": {
    "avg_violence_prob": 0.12400131276808679,
    "max_violence_prob": 0.1296473741531372,
    "p95_violence_prob": 0.1286007784307003
  }
}