{
  "model": "jaranohaal/vit-base-violence-detection",
  "frames_dir": "/home/jovyan/kau-muhayu-multimodal-harmful-content-detect/임영재/팀원_라벨링_모델선정/결과_데이터_32/임영재/video_frames/비디오/V_181",
  "num_frames_total": 60,
  "num_frames_used": 32,
  "per_frame": {
    "clip_000_frame_000.jpg": {
      "violence_prob": 0.10362580418586731
    },
    "clip_000_frame_001.jpg": {
      "violence_prob": 0.10223234444856644
    },
    "clip_000_frame_003.jpg": {
      "violence_prob": 0.10520422458648682
    },
    "clip_000_frame_005.jpg": {
      "violence_prob": 0.10356298834085464
    },
    "clip_000_frame_007.jpg": {
      "violence_prob": 0.10507224500179291
    },
    "clip_000_frame_009.jpg": {
      "violence_prob": 0.10226985812187195
    },
    "clip_000_frame_011.jpg": {
      "violence_prob": 0.10142560303211212
    },
    "clip_000_frame_013.jpg": {
      "violence_prob": 0.10724484920501709
    },
    "clip_000_frame_015.jpg": {
      "violence_prob": 0.11011497676372528
    },
    "clip_000_frame_017.jpg": {
      "violence_prob": 0.10265171527862549
    },
    "clip_000_frame_019.jpg": {
      "violence_prob": 0.10771121084690094
    },
    "clip_000_frame_020.jpg": {
      "violence_prob": 0.1080053374171257
    },
    "clip_000_frame_022.jpg": {
      "violence_prob": 0.10963835567235947
    },
    "clip_000_frame_024.jpg": {
      "violence_prob": 0.10639796406030655
    },
    "clip_000_frame_026.jpg": {
      "violence_prob": 0.11006457358598709
    },
    "clip_000_frame_028.jpg": {
      "violence_prob": 0.10309473425149918
    },
    "clip_000_frame_030.jpg": {
      "violence_prob": 0.10694947838783264
    },
    "clip_000_frame_032.jpg": {
      "violence_prob": 0.10402793437242508
    },
    "clip_000_frame_034.jpg": {
      "violence_prob": 0.10901574790477753
    },
    "clip_000_frame_036.jpg": {
      "violence_prob": 0.1059701070189476
    },
    "clip_000_frame_038.jpg": {
      "violence_prob": 0.10295397788286209
    },
    "clip_000_frame_039.jpg": {
      "violence_prob": 0.10157141089439392
    },
    "clip_000_frame_041.jpg": {
      "violence_prob": 0.1047651544213295
    },
    "clip_000_frame_043.jpg": {
      "violence_prob": 0.10508499294519424
    },
    "clip_000_frame_045.jpg": {
      "violence_prob": 0.10517732053995132
    },
    "clip_000_frame_047.jpg": {
      "violence_prob": 0.1025422215461731
    },
    "clip_000_frame_049.jpg": {
      "violence_prob": 0.12066403031349182
    },
    "clip_000_frame_051.jpg": {
      "violence_prob": 0.11477573215961456
    },
    "clip_000_frame_053.jpg": {
      "violence_prob": 0.11281456053256989
    },
    "clip_000_frame_055.jpg": {
      "violence_prob": 0.10534518957138062
    },
    "clip_000_frame_057.jpg": {
      "violence_prob": 0.10169446468353271
    },
    "clip_000_frame_059.jpg": {
      "violence_prob": 0.10781185328960419
    }
  },
  "overall": {
    "avg_violence_prob": 0.10623378003947437,
    "max_violence_prob": 0.12066403031349182,
    "p95_violence_prob": 0.11369708776474
  }
}