{
  "model": "jaranohaal/vit-base-violence-detection",
  "frames_dir": "/home/jovyan/kau-muhayu-multimodal-harmful-content-detect/임영재/팀원_라벨링_모델선정/결과_데이터_32/안지산/video_frames/비디오/smoking__clips__7230313-uhd_2160_3840_25fps_2.88_5.76",
  "num_frames_total": 50,
  "num_frames_used": 32,
  "per_frame": {
    "clip_000_frame_000.jpg": {
      "violence_prob": 0.14676722884178162
    },
    "clip_000_frame_001.jpg": {
      "violence_prob": 0.1466137021780014
    },
    "clip_000_frame_003.jpg": {
      "violence_prob": 0.14644527435302734
    },
    "clip_000_frame_004.jpg": {
      "violence_prob": 0.14635270833969116
    },
    "clip_000_frame_006.jpg": {
      "violence_prob": 0.1460636556148529
    },
    "clip_000_frame_007.jpg": {
      "violence_prob": 0.1462046504020691
    },
    "clip_000_frame_009.jpg": {
      "violence_prob": 0.1458827704191208
    },
    "clip_000_frame_011.jpg": {
      "violence_prob": 0.1461944282054901
    },
    "clip_000_frame_012.jpg": {
      "violence_prob": 0.14606210589408875
    },
    "clip_000_frame_014.jpg": {
      "violence_prob": 0.14591152966022491
    },
    "clip_000_frame_015.jpg": {
      "violence_prob": 0.14621682465076447
    },
    "clip_000_frame_017.jpg": {
      "violence_prob": 0.14585989713668823
    },
    "clip_000_frame_018.jpg": {
      "violence_prob": 0.14600549638271332
    },
    "clip_000_frame_020.jpg": {
      "violence_prob": 0.1456483155488968
    },
    "clip_000_frame_022.jpg": {
      "violence_prob": 0.1452835202217102
    },
    "clip_000_frame_023.jpg": {
      "violence_prob": 0.14529739320278168
    },
    "clip_000_frame_025.jpg": {
      "violence_prob": 0.14488928020000458
    },
    "clip_000_frame_026.jpg": {
      "violence_prob": 0.14488966763019562
    },
    "clip_000_frame_028.jpg": {
      "violence_prob": 0.14474241435527802
    },
    "clip_000_frame_030.jpg": {
      "violence_prob": 0.14453831315040588
    },
    "clip_000_frame_031.jpg": {
      "violence_prob": 0.14433714747428894
    },
    "clip_000_frame_033.jpg": {
      "violence_prob": 0.14355114102363586
    },
    "clip_000_frame_034.jpg": {
      "violence_prob": 0.14353686571121216
    },
    "clip_000_frame_036.jpg": {
      "violence_prob": 0.14347484707832336
    },
    "clip_000_frame_037.jpg": {
      "violence_prob": 0.14367768168449402
    },
    "clip_000_frame_039.jpg": {
      "violence_prob": 0.14359386265277863
    },
    "clip_000_frame_041.jpg": {
      "violence_prob": 0.1428573578596115
    },
    "clip_000_frame_042.jpg": {
      "violence_prob": 0.142787903547287
    },
    "clip_000_frame_044.jpg": {
      "violence_prob": 0.14284081757068634
    },
    "clip_000_frame_045.jpg": {
      "violence_prob": 0.14297018945217133
    },
    "clip_000_frame_047.jpg": {
      "violence_prob": 0.1428575962781906
    },
    "clip_000_frame_049.jpg": {
      "violence_prob": 0.14272943139076233
    }
  },
  "overall": {
    "avg_violence_prob": 0.1448463755659759,
    "max_violence_prob": 0.14676722884178162,
    "p95_violence_prob": 0.14652106687426567
  }
}