{
  "scores": {
    "clip": 0.6745806127786637,
    "vit": 0.338315150141716,
    "slowfast": 0.06285116821527481,
    "audio": 8.634102073301619e-07,
    "text": 0.0,
    "violence_stream": 0.06285116821527481,
    "final": 0.3198889740556478
  },
  "fusion_weights": {
    "clip": 0.15,
    "vit": 0.6,
    "violence": 0.25,
    "audio": 0.0,
    "text": 0.0
  },
  "thresholds": {
    "allow": 0.3,
    "review": 0.55,
    "block": 0.78
  },
  "decision": "ALLOW"
}