{
  "model": "jaranohaal/vit-base-violence-detection",
  "frames_dir": "/home/jovyan/kau-muhayu-multimodal-harmful-content-detect/임영재/팀원_라벨링/팀원_데이터/video_frames/NvYo6CS_i_A_1",
  "num_frames_total": 120,
  "num_frames_used": 12,
  "per_frame": {
    "clip_000_frame_000.jpg": {
      "violence_prob": 0.3571210205554962
    },
    "clip_000_frame_010.jpg": {
      "violence_prob": 0.34207186102867126
    },
    "clip_000_frame_020.jpg": {
      "violence_prob": 0.3370188772678375
    },
    "clip_000_frame_030.jpg": {
      "violence_prob": 0.35746967792510986
    },
    "clip_000_frame_040.jpg": {
      "violence_prob": 0.37055280804634094
    },
    "clip_000_frame_050.jpg": {
      "violence_prob": 0.36909738183021545
    },
    "clip_001_frame_000.jpg": {
      "violence_prob": 0.38699114322662354
    },
    "clip_001_frame_010.jpg": {
      "violence_prob": 0.3876797556877136
    },
    "clip_001_frame_020.jpg": {
      "violence_prob": 0.39444172382354736
    },
    "clip_001_frame_030.jpg": {
      "violence_prob": 0.379559189081192
    },
    "clip_001_frame_040.jpg": {
      "violence_prob": 0.38250643014907837
    },
    "clip_001_frame_050.jpg": {
      "violence_prob": 0.3815232813358307
    }
  },
  "overall": {
    "avg_violence_prob": 0.3705027624964714,
    "max_violence_prob": 0.39444172382354736,
    "p95_violence_prob": 0.39072264134883883
  }
}