{
  "scores": {
    "clip": 0.8937247037887573,
    "vit": 0.70815110206604,
    "slowfast": 0.07676788419485092,
    "audio": 0.004530921578407288,
    "text": 0.0,
    "violence_stream": 0.07676788419485092,
    "final": 0.5781413378566503
  },
  "fusion_weights": {
    "clip": 0.15,
    "vit": 0.6,
    "violence": 0.25,
    "audio": 0.0,
    "text": 0.0
  },
  "thresholds": {
    "allow": 0.3,
    "review": 0.55,
    "block": 0.78
  },
  "decision": "REVIEW"
}