{
  "model": "jaranohaal/vit-base-violence-detection",
  "frames_dir": "/home/jovyan/kau-muhayu-multimodal-harmful-content-detect/임영재/팀원_라벨링/팀원_데이터/video_frames/V_484",
  "num_frames_total": 119,
  "num_frames_used": 12,
  "per_frame": {
    "clip_000_frame_000.jpg": {
      "violence_prob": 0.7877736687660217
    },
    "clip_000_frame_010.jpg": {
      "violence_prob": 0.7836228609085083
    },
    "clip_000_frame_020.jpg": {
      "violence_prob": 0.7607365250587463
    },
    "clip_000_frame_030.jpg": {
      "violence_prob": 0.7127054333686829
    },
    "clip_000_frame_040.jpg": {
      "violence_prob": 0.49106165766716003
    },
    "clip_000_frame_050.jpg": {
      "violence_prob": 0.41052767634391785
    },
    "clip_001_frame_001.jpg": {
      "violence_prob": 0.4360869228839874
    },
    "clip_001_frame_011.jpg": {
      "violence_prob": 0.4146149456501007
    },
    "clip_001_frame_021.jpg": {
      "violence_prob": 0.41156139969825745
    },
    "clip_001_frame_031.jpg": {
      "violence_prob": 0.41872602701187134
    },
    "clip_001_frame_041.jpg": {
      "violence_prob": 0.4850972294807434
    },
    "clip_001_frame_051.jpg": {
      "violence_prob": 0.5198584198951721
    }
  },
  "overall": {
    "avg_violence_prob": 0.5526977305610975,
    "max_violence_prob": 0.7877736687660217,
    "p95_violence_prob": 0.7854907244443894
  }
}