{
  "scores": {
    "clip": 0.9089442670345307,
    "vit": 0.14200359880924224,
    "slowfast": 0.0,
    "audio": 0.00019707043247763067,
    "text": 0.0,
    "violence_stream": 0.0,
    "final": 0.7413557735085489
  },
  "fusion_weights": {
    "clip": 0.8,
    "vit": 0.1,
    "violence": 0.1,
    "audio": 0.0,
    "text": 0.0
  },
  "thresholds": {
    "allow": 0.3,
    "review": 0.55,
    "block": 0.78
  },
  "decision": "REVIEW"
}