{
  "model": "jaranohaal/vit-base-violence-detection",
  "frames_dir": "/home/jovyan/kau-muhayu-multimodal-harmful-content-detect/임영재/팀원_라벨링_모델선정/결과_데이터_32/박상원/video_frames/안전비디오/safe_video_024_sunset_timelaps",
  "num_frames_total": 480,
  "num_frames_used": 32,
  "per_frame": {
    "clip_000_frame_000.jpg": {
      "violence_prob": 0.1546740084886551
    },
    "clip_000_frame_015.jpg": {
      "violence_prob": 0.153375044465065
    },
    "clip_000_frame_030.jpg": {
      "violence_prob": 0.14305682480335236
    },
    "clip_000_frame_046.jpg": {
      "violence_prob": 0.1454220861196518
    },
    "clip_001_frame_001.jpg": {
      "violence_prob": 0.1492428481578827
    },
    "clip_001_frame_017.jpg": {
      "violence_prob": 0.1488880217075348
    },
    "clip_001_frame_032.jpg": {
      "violence_prob": 0.1456509828567505
    },
    "clip_001_frame_048.jpg": {
      "violence_prob": 0.13846862316131592
    },
    "clip_002_frame_003.jpg": {
      "violence_prob": 0.11523795872926712
    },
    "clip_002_frame_019.jpg": {
      "violence_prob": 0.17954017221927643
    },
    "clip_002_frame_034.jpg": {
      "violence_prob": 0.144670307636261
    },
    "clip_002_frame_049.jpg": {
      "violence_prob": 0.150436133146286
    },
    "clip_003_frame_005.jpg": {
      "violence_prob": 0.1440913826227188
    },
    "clip_003_frame_020.jpg": {
      "violence_prob": 0.1785479038953781
    },
    "clip_003_frame_036.jpg": {
      "violence_prob": 0.1498170793056488
    },
    "clip_003_frame_051.jpg": {
      "violence_prob": 0.12461767345666885
    },
    "clip_004_frame_007.jpg": {
      "violence_prob": 0.0959482491016388
    },
    "clip_004_frame_022.jpg": {
      "violence_prob": 0.10212116688489914
    },
    "clip_004_frame_038.jpg": {
      "violence_prob": 0.10226509720087051
    },
    "clip_004_frame_053.jpg": {
      "violence_prob": 0.11538714915513992
    },
    "clip_005_frame_009.jpg": {
      "violence_prob": 0.1166798546910286
    },
    "clip_005_frame_024.jpg": {
      "violence_prob": 0.11965250968933105
    },
    "clip_005_frame_039.jpg": {
      "violence_prob": 0.12050992250442505
    },
    "clip_005_frame_055.jpg": {
      "violence_prob": 0.14192309975624084
    },
    "clip_006_frame_010.jpg": {
      "violence_prob": 0.1573871225118637
    },
    "clip_006_frame_026.jpg": {
      "violence_prob": 0.16105917096138
    },
    "clip_006_frame_041.jpg": {
      "violence_prob": 0.1629789173603058
    },
    "clip_006_frame_057.jpg": {
      "violence_prob": 0.16461744904518127
    },
    "clip_007_frame_012.jpg": {
      "violence_prob": 0.16598021984100342
    },
    "clip_007_frame_028.jpg": {
      "violence_prob": 0.16693195700645447
    },
    "clip_007_frame_043.jpg": {
      "violence_prob": 0.16759124398231506
    },
    "clip_007_frame_059.jpg": {
      "violence_prob": 0.16799047589302063
    }
  },
  "overall": {
    "avg_violence_prob": 0.14358627051115036,
    "max_violence_prob": 0.17954017221927643,
    "p95_violence_prob": 0.1727413184940815
  }
}