{
  "scores": {
    "clip": 0.9326625823974609,
    "vit": 0.4722373247146606,
    "slowfast": 0.5368646383285522,
    "audio": 0.014085807837545872,
    "text": 0.0,
    "violence_stream": 0.5368646383285522,
    "final": 0.5574579417705535
  },
  "fusion_weights": {
    "clip": 0.15,
    "vit": 0.6,
    "violence": 0.25,
    "audio": 0.0,
    "text": 0.0
  },
  "thresholds": {
    "allow": 0.3,
    "review": 0.55,
    "block": 0.78
  },
  "decision": "REVIEW"
}