{
  "scores": {
    "clip": 0.8711424618959427,
    "vit": 0.10790017098188401,
    "slowfast": 0.0,
    "audio": 0.0003558921453077346,
    "text": 0.0,
    "violence_stream": 0.0,
    "final": 0.7077039866149426
  },
  "fusion_weights": {
    "clip": 0.8,
    "vit": 0.1,
    "violence": 0.1,
    "audio": 0.0,
    "text": 0.0
  },
  "thresholds": {
    "allow": 0.3,
    "review": 0.55,
    "block": 0.78
  },
  "decision": "REVIEW"
}