{
  "model": "jaranohaal/vit-base-violence-detection",
  "frames_dir": "/home/jovyan/kau-muhayu-multimodal-harmful-content-detect/임영재/팀원_라벨링_모델선정/결과_데이터_32/임영재/video_frames/안전비디오/yQWmI4e8_0",
  "num_frames_total": 120,
  "num_frames_used": 32,
  "per_frame": {
    "clip_000_frame_000.jpg": {
      "violence_prob": 0.11825200915336609
    },
    "clip_000_frame_003.jpg": {
      "violence_prob": 0.11838455498218536
    },
    "clip_000_frame_007.jpg": {
      "violence_prob": 0.11801575124263763
    },
    "clip_000_frame_011.jpg": {
      "violence_prob": 0.1173509806394577
    },
    "clip_000_frame_015.jpg": {
      "violence_prob": 0.11643625050783157
    },
    "clip_000_frame_019.jpg": {
      "violence_prob": 0.11803022027015686
    },
    "clip_000_frame_023.jpg": {
      "violence_prob": 0.11672375351190567
    },
    "clip_000_frame_026.jpg": {
      "violence_prob": 0.11591345071792603
    },
    "clip_000_frame_030.jpg": {
      "violence_prob": 0.11418382078409195
    },
    "clip_000_frame_034.jpg": {
      "violence_prob": 0.11408437043428421
    },
    "clip_000_frame_038.jpg": {
      "violence_prob": 0.11528277397155762
    },
    "clip_000_frame_042.jpg": {
      "violence_prob": 0.11524378508329391
    },
    "clip_000_frame_046.jpg": {
      "violence_prob": 0.1115105003118515
    },
    "clip_000_frame_049.jpg": {
      "violence_prob": 0.11179333180189133
    },
    "clip_000_frame_053.jpg": {
      "violence_prob": 0.10933007299900055
    },
    "clip_000_frame_057.jpg": {
      "violence_prob": 0.10893968492746353
    },
    "clip_001_frame_001.jpg": {
      "violence_prob": 0.10856891423463821
    },
    "clip_001_frame_005.jpg": {
      "violence_prob": 0.1104980930685997
    },
    "clip_001_frame_009.jpg": {
      "violence_prob": 0.11119115352630615
    },
    "clip_001_frame_012.jpg": {
      "violence_prob": 0.11299071460962296
    },
    "clip_001_frame_016.jpg": {
      "violence_prob": 0.11563730984926224
    },
    "clip_001_frame_020.jpg": {
      "violence_prob": 0.11718318611383438
    },
    "clip_001_frame_024.jpg": {
      "violence_prob": 0.11442543566226959
    },
    "clip_001_frame_028.jpg": {
      "violence_prob": 0.11192894726991653
    },
    "clip_001_frame_032.jpg": {
      "violence_prob": 0.11112335324287415
    },
    "clip_001_frame_035.jpg": {
      "violence_prob": 0.11887143552303314
    },
    "clip_001_frame_039.jpg": {
      "violence_prob": 0.1180938258767128
    },
    "clip_001_frame_043.jpg": {
      "violence_prob": 0.1186499148607254
    },
    "clip_001_frame_047.jpg": {
      "violence_prob": 0.11639684438705444
    },
    "clip_001_frame_051.jpg": {
      "violence_prob": 0.11051853001117706
    },
    "clip_001_frame_055.jpg": {
      "violence_prob": 0.1100626289844513
    },
    "clip_001_frame_059.jpg": {
      "violence_prob": 0.11489930003881454
    }
  },
  "overall": {
    "avg_violence_prob": 0.11439109058119357,
    "max_violence_prob": 0.11887143552303314,
    "p95_violence_prob": 0.11850396692752838
  }
}