{
  "model": "jaranohaal/vit-base-violence-detection",
  "frames_dir": "/home/jovyan/kau-muhayu-multimodal-harmful-content-detect/임영재/팀원_라벨링/팀원_데이터/video_frames/NpznjZe7A2M_0",
  "num_frames_total": 120,
  "num_frames_used": 12,
  "per_frame": {
    "clip_000_frame_000.jpg": {
      "violence_prob": 0.4314633309841156
    },
    "clip_000_frame_010.jpg": {
      "violence_prob": 0.4217345118522644
    },
    "clip_000_frame_020.jpg": {
      "violence_prob": 0.4284859299659729
    },
    "clip_000_frame_030.jpg": {
      "violence_prob": 0.4361920654773712
    },
    "clip_000_frame_040.jpg": {
      "violence_prob": 0.40854746103286743
    },
    "clip_000_frame_050.jpg": {
      "violence_prob": 0.40120792388916016
    },
    "clip_001_frame_000.jpg": {
      "violence_prob": 0.47016292810440063
    },
    "clip_001_frame_010.jpg": {
      "violence_prob": 0.4661526381969452
    },
    "clip_001_frame_020.jpg": {
      "violence_prob": 0.46872052550315857
    },
    "clip_001_frame_030.jpg": {
      "violence_prob": 0.4777354300022125
    },
    "clip_001_frame_040.jpg": {
      "violence_prob": 0.4545280933380127
    },
    "clip_001_frame_050.jpg": {
      "violence_prob": 0.4219921827316284
    }
  },
  "overall": {
    "avg_violence_prob": 0.4405769184231758,
    "max_violence_prob": 0.4777354300022125,
    "p95_violence_prob": 0.47357055395841596
  }
}