{
  "scores": {
    "clip": 0.5837814718484878,
    "vit": 0.7063393086194992,
    "slowfast": 0.0,
    "audio": 0.0,
    "text": 0.951654851436615,
    "violence_stream": 0.0,
    "final": 0.5113708059489727
  },
  "fusion_weights": {
    "clip": 0.15,
    "vit": 0.6,
    "violence": 0.25,
    "audio": 0.0,
    "text": 0.0
  },
  "thresholds": {
    "allow": 0.3,
    "review": 0.55,
    "block": 0.78
  },
  "decision": "ALLOW"
}