{
  "scores": {
    "clip": 0.8945296913385391,
    "vit": 0.16842521727085114,
    "slowfast": 0.008682326413691044,
    "audio": 0.0,
    "text": 0.0,
    "violence_stream": 0.008682326413691044,
    "final": 0.7333345074392856
  },
  "fusion_weights": {
    "clip": 0.8,
    "vit": 0.1,
    "violence": 0.1,
    "audio": 0.0,
    "text": 0.0
  },
  "thresholds": {
    "allow": 0.3,
    "review": 0.55,
    "block": 0.78
  },
  "decision": "REVIEW"
}