{
  "model": "jaranohaal/vit-base-violence-detection",
  "frames_dir": "/home/jovyan/kau-muhayu-multimodal-harmful-content-detect/임영재/팀원_라벨링_모델선정/결과_데이터_training/팀원_데이터/video_frames/비디오/fRYqXRRcqCs_0",
  "num_frames_total": 120,
  "num_frames_used": 32,
  "per_frame": {
    "clip_000_frame_000.jpg": {
      "violence_prob": 0.32834360003471375
    },
    "clip_000_frame_003.jpg": {
      "violence_prob": 0.3350721299648285
    },
    "clip_000_frame_007.jpg": {
      "violence_prob": 0.3273440897464752
    },
    "clip_000_frame_011.jpg": {
      "violence_prob": 0.3306838572025299
    },
    "clip_000_frame_015.jpg": {
      "violence_prob": 0.3220665752887726
    },
    "clip_000_frame_019.jpg": {
      "violence_prob": 0.32065901160240173
    },
    "clip_000_frame_023.jpg": {
      "violence_prob": 0.34335756301879883
    },
    "clip_000_frame_026.jpg": {
      "violence_prob": 0.33395975828170776
    },
    "clip_000_frame_030.jpg": {
      "violence_prob": 0.3225202262401581
    },
    "clip_000_frame_034.jpg": {
      "violence_prob": 0.312604159116745
    },
    "clip_000_frame_038.jpg": {
      "violence_prob": 0.31994831562042236
    },
    "clip_000_frame_042.jpg": {
      "violence_prob": 0.31770452857017517
    },
    "clip_000_frame_046.jpg": {
      "violence_prob": 0.30157068371772766
    },
    "clip_000_frame_049.jpg": {
      "violence_prob": 0.3070908784866333
    },
    "clip_000_frame_053.jpg": {
      "violence_prob": 0.3119003474712372
    },
    "clip_000_frame_057.jpg": {
      "violence_prob": 0.32050052285194397
    },
    "clip_001_frame_001.jpg": {
      "violence_prob": 0.2749779224395752
    },
    "clip_001_frame_005.jpg": {
      "violence_prob": 0.2820119857788086
    },
    "clip_001_frame_009.jpg": {
      "violence_prob": 0.2884924113750458
    },
    "clip_001_frame_012.jpg": {
      "violence_prob": 0.3210146129131317
    },
    "clip_001_frame_016.jpg": {
      "violence_prob": 0.3123011589050293
    },
    "clip_001_frame_020.jpg": {
      "violence_prob": 0.30074381828308105
    },
    "clip_001_frame_024.jpg": {
      "violence_prob": 0.29340115189552307
    },
    "clip_001_frame_028.jpg": {
      "violence_prob": 0.28422412276268005
    },
    "clip_001_frame_032.jpg": {
      "violence_prob": 0.314978688955307
    },
    "clip_001_frame_035.jpg": {
      "violence_prob": 0.31207501888275146
    },
    "clip_001_frame_039.jpg": {
      "violence_prob": 0.3217324912548065
    },
    "clip_001_frame_043.jpg": {
      "violence_prob": 0.3436756730079651
    },
    "clip_001_frame_047.jpg": {
      "violence_prob": 0.32410067319869995
    },
    "clip_001_frame_051.jpg": {
      "violence_prob": 0.3246500790119171
    },
    "clip_001_frame_055.jpg": {
      "violence_prob": 0.32967889308929443
    },
    "clip_001_frame_059.jpg": {
      "violence_prob": 0.32423534989356995
    }
  },
  "overall": {
    "avg_violence_prob": 0.3158631343394518,
    "max_violence_prob": 0.3436756730079651,
    "p95_violence_prob": 0.33880057483911513
  }
}