{
  "scores": {
    "clip": 0.8558901518583297,
    "vit": 0.3447135031223297,
    "slowfast": 0.07497376948595047,
    "audio": 1.5854612911425647e-07,
    "text": 0.0,
    "violence_stream": 0.07497376948595047,
    "final": 0.3539550670236349
  },
  "fusion_weights": {
    "clip": 0.15,
    "vit": 0.6,
    "violence": 0.25,
    "audio": 0.0,
    "text": 0.0
  },
  "thresholds": {
    "allow": 0.3,
    "review": 0.55,
    "block": 0.78
  },
  "decision": "ALLOW"
}