{
  "model": "jaranohaal/vit-base-violence-detection",
  "frames_dir": "/home/jovyan/kau-muhayu-multimodal-harmful-content-detect/임영재/팀원_라벨링/팀원_데이터/video_frames/V_436",
  "num_frames_total": 120,
  "num_frames_used": 12,
  "per_frame": {
    "clip_000_frame_000.jpg": {
      "violence_prob": 0.5814071893692017
    },
    "clip_000_frame_010.jpg": {
      "violence_prob": 0.5797115564346313
    },
    "clip_000_frame_020.jpg": {
      "violence_prob": 0.5882336497306824
    },
    "clip_000_frame_030.jpg": {
      "violence_prob": 0.5801004767417908
    },
    "clip_000_frame_040.jpg": {
      "violence_prob": 0.5943418741226196
    },
    "clip_000_frame_050.jpg": {
      "violence_prob": 0.5921475887298584
    },
    "clip_001_frame_000.jpg": {
      "violence_prob": 0.6006543040275574
    },
    "clip_001_frame_010.jpg": {
      "violence_prob": 0.5891907811164856
    },
    "clip_001_frame_020.jpg": {
      "violence_prob": 0.5625114440917969
    },
    "clip_001_frame_030.jpg": {
      "violence_prob": 0.5836250185966492
    },
    "clip_001_frame_040.jpg": {
      "violence_prob": 0.6348134875297546
    },
    "clip_001_frame_050.jpg": {
      "violence_prob": 0.5999126434326172
    }
  },
  "overall": {
    "avg_violence_prob": 0.5905541678269705,
    "max_violence_prob": 0.6348134875297546,
    "p95_violence_prob": 0.6160259366035461
  }
}