{
  "model": "jaranohaal/vit-base-violence-detection",
  "frames_dir": "/home/jovyan/kau-muhayu-multimodal-harmful-content-detect/임영재/팀원_라벨링/팀원_데이터/video_frames/JwTPruSFTjk_0",
  "num_frames_total": 120,
  "num_frames_used": 12,
  "per_frame": {
    "clip_000_frame_000.jpg": {
      "violence_prob": 0.29423490166664124
    },
    "clip_000_frame_010.jpg": {
      "violence_prob": 0.3037424385547638
    },
    "clip_000_frame_020.jpg": {
      "violence_prob": 0.28961703181266785
    },
    "clip_000_frame_030.jpg": {
      "violence_prob": 0.2896846830844879
    },
    "clip_000_frame_040.jpg": {
      "violence_prob": 0.2749640941619873
    },
    "clip_000_frame_050.jpg": {
      "violence_prob": 0.27679258584976196
    },
    "clip_001_frame_000.jpg": {
      "violence_prob": 0.29136309027671814
    },
    "clip_001_frame_010.jpg": {
      "violence_prob": 0.2984605133533478
    },
    "clip_001_frame_020.jpg": {
      "violence_prob": 0.30031904578208923
    },
    "clip_001_frame_030.jpg": {
      "violence_prob": 0.31722456216812134
    },
    "clip_001_frame_040.jpg": {
      "violence_prob": 0.30031439661979675
    },
    "clip_001_frame_050.jpg": {
      "violence_prob": 0.2897421419620514
    }
  },
  "overall": {
    "avg_violence_prob": 0.29387162377436954,
    "max_violence_prob": 0.31722456216812134,
    "p95_violence_prob": 0.3098093941807747
  }
}