{
  "scores": {
    "clip": 0.7989358067512512,
    "vit": 0.13716758638620377,
    "slowfast": 0.0,
    "audio": 0.006097133737057447,
    "text": 0.0,
    "violence_stream": 0.0,
    "final": 0.6528654040396215
  },
  "fusion_weights": {
    "clip": 0.8,
    "vit": 0.1,
    "violence": 0.1,
    "audio": 0.0,
    "text": 0.0
  },
  "thresholds": {
    "allow": 0.3,
    "review": 0.55,
    "block": 0.78
  },
  "decision": "REVIEW"
}