{
  "model": "jaranohaal/vit-base-violence-detection",
  "frames_dir": "/home/jovyan/kau-muhayu-multimodal-harmful-content-detect/임영재/팀원_라벨링/팀원_데이터/video_frames/pU9BTy7h_0",
  "num_frames_total": 120,
  "num_frames_used": 12,
  "per_frame": {
    "clip_000_frame_000.jpg": {
      "violence_prob": 0.5012336373329163
    },
    "clip_000_frame_010.jpg": {
      "violence_prob": 0.5232160091400146
    },
    "clip_000_frame_020.jpg": {
      "violence_prob": 0.5542405247688293
    },
    "clip_000_frame_030.jpg": {
      "violence_prob": 0.572242259979248
    },
    "clip_000_frame_040.jpg": {
      "violence_prob": 0.5779700875282288
    },
    "clip_000_frame_050.jpg": {
      "violence_prob": 0.5750657916069031
    },
    "clip_001_frame_000.jpg": {
      "violence_prob": 0.5644847750663757
    },
    "clip_001_frame_010.jpg": {
      "violence_prob": 0.5286774635314941
    },
    "clip_001_frame_020.jpg": {
      "violence_prob": 0.5147343873977661
    },
    "clip_001_frame_030.jpg": {
      "violence_prob": 0.4934987723827362
    },
    "clip_001_frame_040.jpg": {
      "violence_prob": 0.47704705595970154
    },
    "clip_001_frame_050.jpg": {
      "violence_prob": 0.46536654233932495
    }
  },
  "overall": {
    "avg_violence_prob": 0.5289814422527949,
    "max_violence_prob": 0.5779700875282288,
    "p95_violence_prob": 0.5763727247714996
  }
}