{
  "scores": {
    "clip": 0.891475260257721,
    "vit": 0.1383754014968872,
    "slowfast": 0.0,
    "audio": 6.150868284748867e-05,
    "text": 0.0,
    "violence_stream": 0.0,
    "final": 0.7270177483558655
  },
  "fusion_weights": {
    "clip": 0.8,
    "vit": 0.1,
    "violence": 0.1,
    "audio": 0.0,
    "text": 0.0
  },
  "thresholds": {
    "allow": 0.3,
    "review": 0.55,
    "block": 0.78
  },
  "decision": "REVIEW"
}