{
  "model": "jaranohaal/vit-base-violence-detection",
  "frames_dir": "/home/jovyan/kau-muhayu-multimodal-harmful-content-detect/임영재/팀원_라벨링_모델선정/결과_데이터_32/임영재/video_frames/비디오/V_677",
  "num_frames_total": 97,
  "num_frames_used": 32,
  "per_frame": {
    "clip_000_frame_000.jpg": {
      "violence_prob": 0.4514685273170471
    },
    "clip_000_frame_003.jpg": {
      "violence_prob": 0.44110578298568726
    },
    "clip_000_frame_006.jpg": {
      "violence_prob": 0.4607543349266052
    },
    "clip_000_frame_009.jpg": {
      "violence_prob": 0.4633594751358032
    },
    "clip_000_frame_012.jpg": {
      "violence_prob": 0.4514537453651428
    },
    "clip_000_frame_015.jpg": {
      "violence_prob": 0.4465644657611847
    },
    "clip_000_frame_018.jpg": {
      "violence_prob": 0.4519156515598297
    },
    "clip_000_frame_021.jpg": {
      "violence_prob": 0.45714133977890015
    },
    "clip_000_frame_024.jpg": {
      "violence_prob": 0.4593946933746338
    },
    "clip_000_frame_027.jpg": {
      "violence_prob": 0.4676726460456848
    },
    "clip_000_frame_030.jpg": {
      "violence_prob": 0.47068464756011963
    },
    "clip_000_frame_034.jpg": {
      "violence_prob": 0.4674282670021057
    },
    "clip_000_frame_037.jpg": {
      "violence_prob": 0.46484073996543884
    },
    "clip_000_frame_040.jpg": {
      "violence_prob": 0.46393629908561707
    },
    "clip_000_frame_043.jpg": {
      "violence_prob": 0.45322147011756897
    },
    "clip_000_frame_046.jpg": {
      "violence_prob": 0.45539718866348267
    },
    "clip_001_frame_001.jpg": {
      "violence_prob": 0.46725165843963623
    },
    "clip_001_frame_004.jpg": {
      "violence_prob": 0.47444459795951843
    },
    "clip_001_frame_007.jpg": {
      "violence_prob": 0.4717913269996643
    },
    "clip_001_frame_010.jpg": {
      "violence_prob": 0.47103357315063477
    },
    "clip_001_frame_013.jpg": {
      "violence_prob": 0.4593586027622223
    },
    "clip_001_frame_017.jpg": {
      "violence_prob": 0.4624568223953247
    },
    "clip_001_frame_020.jpg": {
      "violence_prob": 0.4918503165245056
    },
    "clip_001_frame_023.jpg": {
      "violence_prob": 0.47138938307762146
    },
    "clip_001_frame_026.jpg": {
      "violence_prob": 0.4762763977050781
    },
    "clip_001_frame_029.jpg": {
      "violence_prob": 0.4675356447696686
    },
    "clip_001_frame_032.jpg": {
      "violence_prob": 0.4948485195636749
    },
    "clip_001_frame_035.jpg": {
      "violence_prob": 0.47665879130363464
    },
    "clip_001_frame_038.jpg": {
      "violence_prob": 0.4819490611553192
    },
    "clip_001_frame_041.jpg": {
      "violence_prob": 0.49291956424713135
    },
    "clip_001_frame_044.jpg": {
      "violence_prob": 0.488518625497818
    },
    "clip_001_frame_048.jpg": {
      "violence_prob": 0.4770788252353668
    }
  },
  "overall": {
    "avg_violence_prob": 0.4672406557947397,
    "max_violence_prob": 0.4948485195636749,
    "p95_violence_prob": 0.4923314779996872
  }
}