{
  "model": "jaranohaal/vit-base-violence-detection",
  "frames_dir": "/home/jovyan/kau-muhayu-multimodal-harmful-content-detect/임영재/팀원_라벨링_모델선정/결과_데이터_training/팀원_데이터/video_frames/안전비디오/NV_939",
  "num_frames_total": 116,
  "num_frames_used": 32,
  "per_frame": {
    "clip_000_frame_000.jpg": {
      "violence_prob": 0.11669088155031204
    },
    "clip_000_frame_003.jpg": {
      "violence_prob": 0.1166134625673294
    },
    "clip_000_frame_007.jpg": {
      "violence_prob": 0.11609847098588943
    },
    "clip_000_frame_011.jpg": {
      "violence_prob": 0.11605622619390488
    },
    "clip_000_frame_014.jpg": {
      "violence_prob": 0.11649725586175919
    },
    "clip_000_frame_018.jpg": {
      "violence_prob": 0.11553207784891129
    },
    "clip_000_frame_022.jpg": {
      "violence_prob": 0.11592758446931839
    },
    "clip_000_frame_025.jpg": {
      "violence_prob": 0.11678998172283173
    },
    "clip_000_frame_029.jpg": {
      "violence_prob": 0.1171409860253334
    },
    "clip_000_frame_033.jpg": {
      "violence_prob": 0.11898231506347656
    },
    "clip_000_frame_037.jpg": {
      "violence_prob": 0.11832882463932037
    },
    "clip_000_frame_040.jpg": {
      "violence_prob": 0.11776832491159439
    },
    "clip_000_frame_044.jpg": {
      "violence_prob": 0.11792279779911041
    },
    "clip_000_frame_048.jpg": {
      "violence_prob": 0.11673421412706375
    },
    "clip_000_frame_051.jpg": {
      "violence_prob": 0.11489212512969971
    },
    "clip_000_frame_055.jpg": {
      "violence_prob": 0.11718995124101639
    },
    "clip_001_frame_001.jpg": {
      "violence_prob": 0.11718767136335373
    },
    "clip_001_frame_005.jpg": {
      "violence_prob": 0.11539775878190994
    },
    "clip_001_frame_008.jpg": {
      "violence_prob": 0.11570977419614792
    },
    "clip_001_frame_012.jpg": {
      "violence_prob": 0.1099056676030159
    },
    "clip_001_frame_016.jpg": {
      "violence_prob": 0.10861998796463013
    },
    "clip_001_frame_019.jpg": {
      "violence_prob": 0.11234970390796661
    },
    "clip_001_frame_023.jpg": {
      "violence_prob": 0.1123083084821701
    },
    "clip_001_frame_027.jpg": {
      "violence_prob": 0.11219842731952667
    },
    "clip_001_frame_031.jpg": {
      "violence_prob": 0.11477650701999664
    },
    "clip_001_frame_034.jpg": {
      "violence_prob": 0.11437327414751053
    },
    "clip_001_frame_038.jpg": {
      "violence_prob": 0.11507494747638702
    },
    "clip_001_frame_042.jpg": {
      "violence_prob": 0.11400168389081955
    },
    "clip_001_frame_045.jpg": {
      "violence_prob": 0.11385287344455719
    },
    "clip_001_frame_049.jpg": {
      "violence_prob": 0.11288227885961533
    },
    "clip_001_frame_053.jpg": {
      "violence_prob": 0.11360491812229156
    },
    "clip_001_frame_057.jpg": {
      "violence_prob": 0.11530561000108719
    }
  },
  "overall": {
    "avg_violence_prob": 0.11520983977243304,
    "max_violence_prob": 0.11898231506347656,
    "p95_violence_prob": 0.11810550987720489
  }
}