{
  "scores": {
    "clip": 0.3481268286705017,
    "vit": 0.23441033959388727,
    "slowfast": 0.40195024013519287,
    "audio": 2.648225927259773e-05,
    "text": 0.18208441138267517,
    "violence_stream": 0.40195024013519287,
    "final": 0.29335278809070586
  },
  "fusion_weights": {
    "clip": 0.15,
    "vit": 0.6,
    "violence": 0.25,
    "audio": 0.0,
    "text": 0.0
  },
  "thresholds": {
    "allow": 0.3,
    "review": 0.55,
    "block": 0.78
  },
  "decision": "ALLOW"
}