{
  "model": "jaranohaal/vit-base-violence-detection",
  "frames_dir": "/home/jovyan/kau-muhayu-multimodal-harmful-content-detect/임영재/팀원_라벨링_모델선정/결과_데이터_32/안지산/video_frames/비디오/alcohol__clips__3402495-uhd_2160_4096_25fps_2.88_5.76",
  "num_frames_total": 50,
  "num_frames_used": 32,
  "per_frame": {
    "clip_000_frame_000.jpg": {
      "violence_prob": 0.1255643665790558
    },
    "clip_000_frame_001.jpg": {
      "violence_prob": 0.1270657777786255
    },
    "clip_000_frame_003.jpg": {
      "violence_prob": 0.13404938578605652
    },
    "clip_000_frame_004.jpg": {
      "violence_prob": 0.13344375789165497
    },
    "clip_000_frame_006.jpg": {
      "violence_prob": 0.13103511929512024
    },
    "clip_000_frame_007.jpg": {
      "violence_prob": 0.1314823031425476
    },
    "clip_000_frame_009.jpg": {
      "violence_prob": 0.1299559473991394
    },
    "clip_000_frame_011.jpg": {
      "violence_prob": 0.1280280500650406
    },
    "clip_000_frame_012.jpg": {
      "violence_prob": 0.12993408739566803
    },
    "clip_000_frame_014.jpg": {
      "violence_prob": 0.12961794435977936
    },
    "clip_000_frame_015.jpg": {
      "violence_prob": 0.1273183822631836
    },
    "clip_000_frame_017.jpg": {
      "violence_prob": 0.12585856020450592
    },
    "clip_000_frame_018.jpg": {
      "violence_prob": 0.12786516547203064
    },
    "clip_000_frame_020.jpg": {
      "violence_prob": 0.1294196993112564
    },
    "clip_000_frame_022.jpg": {
      "violence_prob": 0.12633459270000458
    },
    "clip_000_frame_023.jpg": {
      "violence_prob": 0.12650837004184723
    },
    "clip_000_frame_025.jpg": {
      "violence_prob": 0.1259898543357849
    },
    "clip_000_frame_026.jpg": {
      "violence_prob": 0.132279172539711
    },
    "clip_000_frame_028.jpg": {
      "violence_prob": 0.12643034756183624
    },
    "clip_000_frame_030.jpg": {
      "violence_prob": 0.12787888944149017
    },
    "clip_000_frame_031.jpg": {
      "violence_prob": 0.129100039601326
    },
    "clip_000_frame_033.jpg": {
      "violence_prob": 0.13119922578334808
    },
    "clip_000_frame_034.jpg": {
      "violence_prob": 0.1295616328716278
    },
    "clip_000_frame_036.jpg": {
      "violence_prob": 0.12398314476013184
    },
    "clip_000_frame_037.jpg": {
      "violence_prob": 0.12420608103275299
    },
    "clip_000_frame_039.jpg": {
      "violence_prob": 0.12892045080661774
    },
    "clip_000_frame_041.jpg": {
      "violence_prob": 0.13014422357082367
    },
    "clip_000_frame_042.jpg": {
      "violence_prob": 0.12979891896247864
    },
    "clip_000_frame_044.jpg": {
      "violence_prob": 0.1276875138282776
    },
    "clip_000_frame_045.jpg": {
      "violence_prob": 0.12512201070785522
    },
    "clip_000_frame_047.jpg": {
      "violence_prob": 0.12169767916202545
    },
    "clip_000_frame_049.jpg": {
      "violence_prob": 0.1222507581114769
    }
  },
  "overall": {
    "avg_violence_prob": 0.12811660789884627,
    "max_violence_prob": 0.13404938578605652,
    "p95_violence_prob": 0.1328032359480858
  }
}