{
  "scores": {
    "clip": 0.49077919125556946,
    "vit": 0.3800856828689575,
    "slowfast": 0.039526745676994324,
    "audio": 0.0,
    "text": 0.0,
    "violence_stream": 0.039526745676994324,
    "final": 0.3115499748289585
  },
  "fusion_weights": {
    "clip": 0.15,
    "vit": 0.6,
    "violence": 0.25,
    "audio": 0.0,
    "text": 0.0
  },
  "thresholds": {
    "allow": 0.3,
    "review": 0.55,
    "block": 0.78
  },
  "decision": "ALLOW"
}