{
  "scores": {
    "clip": 0.8591167807579041,
    "vit": 0.7178784877061843,
    "slowfast": 0.1327909380197525,
    "audio": 0.0,
    "text": 0.8513333201408386,
    "violence_stream": 0.1327909380197525,
    "final": 0.5927923442423344
  },
  "fusion_weights": {
    "clip": 0.15,
    "vit": 0.6,
    "violence": 0.25,
    "audio": 0.0,
    "text": 0.0
  },
  "thresholds": {
    "allow": 0.3,
    "review": 0.55,
    "block": 0.78
  },
  "decision": "REVIEW"
}