{
  "scores": {
    "clip": 0.8498602241277695,
    "vit": 0.5438795387744904,
    "slowfast": 0.09237947314977646,
    "audio": 0.022959211841225624,
    "text": 0.0,
    "violence_stream": 0.09237947314977646,
    "final": 0.7435140804946423
  },
  "fusion_weights": {
    "clip": 0.8,
    "vit": 0.1,
    "violence": 0.1,
    "audio": 0.0,
    "text": 0.0
  },
  "thresholds": {
    "allow": 0.3,
    "review": 0.55,
    "block": 0.78
  },
  "decision": "REVIEW"
}