{
  "scores": {
    "clip": 0.7442409932613373,
    "vit": 0.7444869697093963,
    "slowfast": 0.059043411165475845,
    "audio": 3.500601087580435e-05,
    "text": 0.48785626888275146,
    "violence_stream": 0.059043411165475845,
    "final": 0.5730891836062073
  },
  "fusion_weights": {
    "clip": 0.15,
    "vit": 0.6,
    "violence": 0.25,
    "audio": 0.0,
    "text": 0.0
  },
  "thresholds": {
    "allow": 0.3,
    "review": 0.55,
    "block": 0.78
  },
  "decision": "REVIEW"
}