{
  "model": "jaranohaal/vit-base-violence-detection",
  "frames_dir": "/home/jovyan/kau-muhayu-multimodal-harmful-content-detect/임영재/팀원_라벨링_모델선정/결과_데이터_32/안지산/video_frames/비디오/alcohol__clips__3188887-hd_1920_1080_25fps_0.00_9.36",
  "num_frames_total": 200,
  "num_frames_used": 32,
  "per_frame": {
    "clip_000_frame_000.jpg": {
      "violence_prob": 0.13823692500591278
    },
    "clip_000_frame_006.jpg": {
      "violence_prob": 0.13995806872844696
    },
    "clip_000_frame_012.jpg": {
      "violence_prob": 0.15271811187267303
    },
    "clip_000_frame_019.jpg": {
      "violence_prob": 0.15160976350307465
    },
    "clip_000_frame_025.jpg": {
      "violence_prob": 0.155238077044487
    },
    "clip_000_frame_032.jpg": {
      "violence_prob": 0.15591666102409363
    },
    "clip_000_frame_038.jpg": {
      "violence_prob": 0.15450575947761536
    },
    "clip_000_frame_044.jpg": {
      "violence_prob": 0.15889956057071686
    },
    "clip_001_frame_001.jpg": {
      "violence_prob": 0.1568000316619873
    },
    "clip_001_frame_007.jpg": {
      "violence_prob": 0.1555446833372116
    },
    "clip_001_frame_014.jpg": {
      "violence_prob": 0.15772384405136108
    },
    "clip_001_frame_020.jpg": {
      "violence_prob": 0.15446394681930542
    },
    "clip_001_frame_027.jpg": {
      "violence_prob": 0.15468144416809082
    },
    "clip_001_frame_033.jpg": {
      "violence_prob": 0.15698520839214325
    },
    "clip_001_frame_039.jpg": {
      "violence_prob": 0.15466025471687317
    },
    "clip_001_frame_046.jpg": {
      "violence_prob": 0.15826816856861115
    },
    "clip_002_frame_002.jpg": {
      "violence_prob": 0.15921364724636078
    },
    "clip_002_frame_009.jpg": {
      "violence_prob": 0.15745329856872559
    },
    "clip_002_frame_015.jpg": {
      "violence_prob": 0.15795539319515228
    },
    "clip_002_frame_021.jpg": {
      "violence_prob": 0.15648651123046875
    },
    "clip_002_frame_028.jpg": {
      "violence_prob": 0.15920275449752808
    },
    "clip_002_frame_034.jpg": {
      "violence_prob": 0.15530842542648315
    },
    "clip_002_frame_041.jpg": {
      "violence_prob": 0.1580961048603058
    },
    "clip_002_frame_047.jpg": {
      "violence_prob": 0.1569278985261917
    },
    "clip_003_frame_004.jpg": {
      "violence_prob": 0.15581656992435455
    },
    "clip_003_frame_010.jpg": {
      "violence_prob": 0.1499020904302597
    },
    "clip_003_frame_016.jpg": {
      "violence_prob": 0.15114688873291016
    },
    "clip_003_frame_023.jpg": {
      "violence_prob": 0.14729420840740204
    },
    "clip_003_frame_029.jpg": {
      "violence_prob": 0.1445113718509674
    },
    "clip_003_frame_036.jpg": {
      "violence_prob": 0.15180286765098572
    },
    "clip_003_frame_042.jpg": {
      "violence_prob": 0.1505037248134613
    },
    "clip_003_frame_049.jpg": {
      "violence_prob": 0.1502075344324112
    }
  },
  "overall": {
    "avg_violence_prob": 0.15368874371051788,
    "max_violence_prob": 0.15921364724636078,
    "p95_violence_prob": 0.1590359978377819
  }
}