{
  "model": "jaranohaal/vit-base-violence-detection",
  "frames_dir": "/home/jovyan/kau-muhayu-multimodal-harmful-content-detect/임영재/팀원_라벨링_모델선정/결과_데이터_training/팀원_데이터/video_frames/비디오/gJDvtfRrM7k_0",
  "num_frames_total": 120,
  "num_frames_used": 32,
  "per_frame": {
    "clip_000_frame_000.jpg": {
      "violence_prob": 0.09791294485330582
    },
    "clip_000_frame_003.jpg": {
      "violence_prob": 0.09885266423225403
    },
    "clip_000_frame_007.jpg": {
      "violence_prob": 0.09591376781463623
    },
    "clip_000_frame_011.jpg": {
      "violence_prob": 0.09718947112560272
    },
    "clip_000_frame_015.jpg": {
      "violence_prob": 0.09891823679208755
    },
    "clip_000_frame_019.jpg": {
      "violence_prob": 0.09766324609518051
    },
    "clip_000_frame_023.jpg": {
      "violence_prob": 0.10025318711996078
    },
    "clip_000_frame_026.jpg": {
      "violence_prob": 0.09864871203899384
    },
    "clip_000_frame_030.jpg": {
      "violence_prob": 0.09912455826997757
    },
    "clip_000_frame_034.jpg": {
      "violence_prob": 0.09848590195178986
    },
    "clip_000_frame_038.jpg": {
      "violence_prob": 0.098280169069767
    },
    "clip_000_frame_042.jpg": {
      "violence_prob": 0.09784214198589325
    },
    "clip_000_frame_046.jpg": {
      "violence_prob": 0.09857738018035889
    },
    "clip_000_frame_049.jpg": {
      "violence_prob": 0.09740230441093445
    },
    "clip_000_frame_053.jpg": {
      "violence_prob": 0.09791397303342819
    },
    "clip_000_frame_057.jpg": {
      "violence_prob": 0.10152679681777954
    },
    "clip_001_frame_001.jpg": {
      "violence_prob": 0.09791114926338196
    },
    "clip_001_frame_005.jpg": {
      "violence_prob": 0.09943198412656784
    },
    "clip_001_frame_009.jpg": {
      "violence_prob": 0.09690946340560913
    },
    "clip_001_frame_012.jpg": {
      "violence_prob": 0.09747174382209778
    },
    "clip_001_frame_016.jpg": {
      "violence_prob": 0.09887343645095825
    },
    "clip_001_frame_020.jpg": {
      "violence_prob": 0.10108008235692978
    },
    "clip_001_frame_024.jpg": {
      "violence_prob": 0.10058369487524033
    },
    "clip_001_frame_028.jpg": {
      "violence_prob": 0.10000021010637283
    },
    "clip_001_frame_032.jpg": {
      "violence_prob": 0.09891404211521149
    },
    "clip_001_frame_035.jpg": {
      "violence_prob": 0.09903660416603088
    },
    "clip_001_frame_039.jpg": {
      "violence_prob": 0.09582353383302689
    },
    "clip_001_frame_043.jpg": {
      "violence_prob": 0.09773264080286026
    },
    "clip_001_frame_047.jpg": {
      "violence_prob": 0.09627319127321243
    },
    "clip_001_frame_051.jpg": {
      "violence_prob": 0.09702875465154648
    },
    "clip_001_frame_055.jpg": {
      "violence_prob": 0.09976497292518616
    },
    "clip_001_frame_059.jpg": {
      "violence_prob": 0.10074566304683685
    }
  },
  "overall": {
    "avg_violence_prob": 0.09850270696915686,
    "max_violence_prob": 0.10152679681777954,
    "p95_violence_prob": 0.10089615173637867
  }
}