{
  "scores": {
    "clip": 0.8705609679222107,
    "vit": 0.7867662161588668,
    "slowfast": 0.12328802049160004,
    "audio": 0.0020904396660625935,
    "text": 0.0,
    "violence_stream": 0.12328802049160004,
    "final": 0.6334658800065517
  },
  "fusion_weights": {
    "clip": 0.15,
    "vit": 0.6,
    "violence": 0.25,
    "audio": 0.0,
    "text": 0.0
  },
  "thresholds": {
    "allow": 0.3,
    "review": 0.55,
    "block": 0.78
  },
  "decision": "REVIEW"
}