{
  "model": "jaranohaal/vit-base-violence-detection",
  "frames_dir": "/home/jovyan/kau-muhayu-multimodal-harmful-content-detect/임영재/팀원_라벨링/팀원_데이터/video_frames/V_888",
  "num_frames_total": 120,
  "num_frames_used": 12,
  "per_frame": {
    "clip_000_frame_000.jpg": {
      "violence_prob": 0.7442082762718201
    },
    "clip_000_frame_010.jpg": {
      "violence_prob": 0.4747140407562256
    },
    "clip_000_frame_020.jpg": {
      "violence_prob": 0.49794989824295044
    },
    "clip_000_frame_030.jpg": {
      "violence_prob": 0.47635579109191895
    },
    "clip_000_frame_040.jpg": {
      "violence_prob": 0.4986051619052887
    },
    "clip_000_frame_050.jpg": {
      "violence_prob": 0.6743575930595398
    },
    "clip_001_frame_000.jpg": {
      "violence_prob": 0.838781476020813
    },
    "clip_001_frame_010.jpg": {
      "violence_prob": 0.5449621081352234
    },
    "clip_001_frame_020.jpg": {
      "violence_prob": 0.5503073334693909
    },
    "clip_001_frame_030.jpg": {
      "violence_prob": 0.41173291206359863
    },
    "clip_001_frame_040.jpg": {
      "violence_prob": 0.42030420899391174
    },
    "clip_001_frame_050.jpg": {
      "violence_prob": 0.6261465549468994
    }
  },
  "overall": {
    "avg_violence_prob": 0.5632021129131317,
    "max_violence_prob": 0.838781476020813,
    "p95_violence_prob": 0.7867662161588668
  }
}