{
  "scores": {
    "clip": 0.4028030574321747,
    "vit": 0.1403101071715355,
    "slowfast": 0.0,
    "audio": 0.0,
    "text": 0.0,
    "violence_stream": 0.0,
    "final": 0.3362734566628934
  },
  "fusion_weights": {
    "clip": 0.8,
    "vit": 0.1,
    "violence": 0.1,
    "audio": 0.0,
    "text": 0.0
  },
  "thresholds": {
    "allow": 0.3,
    "review": 0.55,
    "block": 0.78
  },
  "decision": "ALLOW"
}