{
  "model": "jaranohaal/vit-base-violence-detection",
  "frames_dir": "/home/jovyan/kau-muhayu-multimodal-harmful-content-detect/임영재/팀원_라벨링/팀원_데이터/video_frames/NV_485",
  "num_frames_total": 92,
  "num_frames_used": 10,
  "per_frame": {
    "clip_000_frame_000.jpg": {
      "violence_prob": 0.6389994025230408
    },
    "clip_000_frame_010.jpg": {
      "violence_prob": 0.6599460244178772
    },
    "clip_000_frame_020.jpg": {
      "violence_prob": 0.6959469318389893
    },
    "clip_000_frame_030.jpg": {
      "violence_prob": 0.7340487837791443
    },
    "clip_000_frame_040.jpg": {
      "violence_prob": 0.7148783802986145
    },
    "clip_001_frame_004.jpg": {
      "violence_prob": 0.7073560357093811
    },
    "clip_001_frame_014.jpg": {
      "violence_prob": 0.6610508561134338
    },
    "clip_001_frame_024.jpg": {
      "violence_prob": 0.6481220722198486
    },
    "clip_001_frame_034.jpg": {
      "violence_prob": 0.6318134665489197
    },
    "clip_001_frame_044.jpg": {
      "violence_prob": 0.5965714454650879
    }
  },
  "overall": {
    "avg_violence_prob": 0.6688733398914337,
    "max_violence_prob": 0.7340487837791443,
    "p95_violence_prob": 0.7254221022129058
  }
}