{
  "model": "jaranohaal/vit-base-violence-detection",
  "frames_dir": "/home/jovyan/kau-muhayu-multimodal-harmful-content-detect/임영재/팀원_라벨링_모델선정/결과_데이터_32/박상원/video_frames/비디오/video_272_fight_violence",
  "num_frames_total": 400,
  "num_frames_used": 32,
  "per_frame": {
    "clip_000_frame_000.jpg": {
      "violence_prob": 0.14290575683116913
    },
    "clip_000_frame_012.jpg": {
      "violence_prob": 0.14243099093437195
    },
    "clip_000_frame_025.jpg": {
      "violence_prob": 0.14237552881240845
    },
    "clip_000_frame_038.jpg": {
      "violence_prob": 0.1426638513803482
    },
    "clip_001_frame_001.jpg": {
      "violence_prob": 0.14178545773029327
    },
    "clip_001_frame_014.jpg": {
      "violence_prob": 0.14169228076934814
    },
    "clip_001_frame_027.jpg": {
      "violence_prob": 0.14281651377677917
    },
    "clip_001_frame_040.jpg": {
      "violence_prob": 0.14337576925754547
    },
    "clip_002_frame_002.jpg": {
      "violence_prob": 0.142344668507576
    },
    "clip_002_frame_015.jpg": {
      "violence_prob": 0.14268475770950317
    },
    "clip_002_frame_028.jpg": {
      "violence_prob": 0.14225554466247559
    },
    "clip_002_frame_041.jpg": {
      "violence_prob": 0.1423191875219345
    },
    "clip_003_frame_004.jpg": {
      "violence_prob": 0.1435367912054062
    },
    "clip_003_frame_017.jpg": {
      "violence_prob": 0.14270910620689392
    },
    "clip_003_frame_030.jpg": {
      "violence_prob": 0.14339536428451538
    },
    "clip_003_frame_043.jpg": {
      "violence_prob": 0.14312629401683807
    },
    "clip_004_frame_005.jpg": {
      "violence_prob": 0.14311940968036652
    },
    "clip_004_frame_018.jpg": {
      "violence_prob": 0.14346107840538025
    },
    "clip_004_frame_031.jpg": {
      "violence_prob": 0.14355634152889252
    },
    "clip_004_frame_044.jpg": {
      "violence_prob": 0.1433074176311493
    },
    "clip_005_frame_007.jpg": {
      "violence_prob": 0.14261551201343536
    },
    "clip_005_frame_020.jpg": {
      "violence_prob": 0.14277201890945435
    },
    "clip_005_frame_033.jpg": {
      "violence_prob": 0.14331036806106567
    },
    "clip_005_frame_046.jpg": {
      "violence_prob": 0.14225418865680695
    },
    "clip_006_frame_008.jpg": {
      "violence_prob": 0.14362213015556335
    },
    "clip_006_frame_021.jpg": {
      "violence_prob": 0.14346261322498322
    },
    "clip_006_frame_034.jpg": {
      "violence_prob": 0.14396530389785767
    },
    "clip_006_frame_047.jpg": {
      "violence_prob": 0.14337266981601715
    },
    "clip_007_frame_010.jpg": {
      "violence_prob": 0.14337307214736938
    },
    "clip_007_frame_023.jpg": {
      "violence_prob": 0.1432940512895584
    },
    "clip_007_frame_036.jpg": {
      "violence_prob": 0.14247369766235352
    },
    "clip_007_frame_049.jpg": {
      "violence_prob": 0.14309872686862946
    }
  },
  "overall": {
    "avg_violence_prob": 0.14292113948613405,
    "max_violence_prob": 0.14396530389785767,
    "p95_violence_prob": 0.1435859464108944
  }
}