{
  "model": "jaranohaal/vit-base-violence-detection",
  "frames_dir": "/home/jovyan/kau-muhayu-multimodal-harmful-content-detect/임영재/팀원_라벨링/팀원_데이터/video_frames/V_174",
  "num_frames_total": 126,
  "num_frames_used": 13,
  "per_frame": {
    "clip_000_frame_000.jpg": {
      "violence_prob": 0.6400636434555054
    },
    "clip_000_frame_010.jpg": {
      "violence_prob": 0.58355313539505
    },
    "clip_000_frame_020.jpg": {
      "violence_prob": 0.6614960432052612
    },
    "clip_000_frame_030.jpg": {
      "violence_prob": 0.6433507800102234
    },
    "clip_000_frame_040.jpg": {
      "violence_prob": 0.6679980158805847
    },
    "clip_000_frame_050.jpg": {
      "violence_prob": 0.6888923645019531
    },
    "clip_001_frame_000.jpg": {
      "violence_prob": 0.6540340185165405
    },
    "clip_001_frame_010.jpg": {
      "violence_prob": 0.683866560459137
    },
    "clip_001_frame_020.jpg": {
      "violence_prob": 0.6902267336845398
    },
    "clip_001_frame_030.jpg": {
      "violence_prob": 0.6582525372505188
    },
    "clip_001_frame_040.jpg": {
      "violence_prob": 0.5852291584014893
    },
    "clip_001_frame_050.jpg": {
      "violence_prob": 0.6025081872940063
    },
    "clip_002_frame_000.jpg": {
      "violence_prob": 0.6047978401184082
    }
  },
  "overall": {
    "avg_violence_prob": 0.6434053090902475,
    "max_violence_prob": 0.6902267336845398,
    "p95_violence_prob": 0.6894261121749878
  }
}