{
  "safe_labels.json": {
    "metrics": {
      "N": 144,
      "TP": 0,
      "TN": 93,
      "FP": 51,
      "FN": 0,
      "acc": 0.6458333333333334,
      "precision_pos": 0.0,
      "recall_pos": 0.0,
      "f1_pos": 0.0,
      "precision_neg": 1.0,
      "recall_neg": 0.6458333333333334
    },
    "score_stats": {
      "clip": {
        "count": 144,
        "min": 0.06285,
        "max": 0.79448,
        "avg": 0.3598236111111111
      },
      "vit": {
        "count": 144,
        "min": 0.08671,
        "max": 0.49207,
        "avg": 0.18334277777777777
      },
      "fused": {
        "count": 144,
        "min": 0.07169,
        "max": 0.66628,
        "avg": 0.3245275
      }
    }
  },
  "verified_labels.json": {
    "metrics": {
      "N": 100,
      "TP": 77,
      "TN": 0,
      "FP": 0,
      "FN": 23,
      "acc": 0.77,
      "precision_pos": 1.0,
      "recall_pos": 0.77,
      "f1_pos": 0.8700564971751412,
      "precision_neg": 0.0,
      "recall_neg": 0.0
    },
    "score_stats": {
      "clip": {
        "count": 100,
        "min": 0.14515,
        "max": 0.90815,
        "avg": 0.5380248
      },
      "vit": {
        "count": 100,
        "min": 0.08928,
        "max": 0.53552,
        "avg": 0.2563785
      },
      "fused": {
        "count": 100,
        "min": 0.14014,
        "max": 0.82778,
        "avg": 0.4816958
      }
    }
  },
  "safe_video_labels.json": {
    "metrics": {
      "N": 148,
      "TP": 0,
      "TN": 87,
      "FP": 61,
      "FN": 0,
      "acc": 0.5878378378378378,
      "precision_pos": 0.0,
      "recall_pos": 0.0,
      "f1_pos": 0.0,
      "precision_neg": 1.0,
      "recall_neg": 0.5878378378378378
    },
    "score_stats": {
      "clip": {
        "count": 148,
        "min": 0.29978,
        "max": 0.89147,
        "avg": 0.5997464864864864
      },
      "vit": {
        "count": 148,
        "min": 0.07598,
        "max": 0.87824,
        "avg": 0.5205902702702703
      },
      "slowfast": {
        "count": 148,
        "min": 0.0,
        "max": 0.99996,
        "avg": 0.08323939189189189
      },
      "audio": {
        "count": 148,
        "min": 0.0,
        "max": 0.01137,
        "avg": 0.0001885810810810811
      },
      "text": {
        "count": 148,
        "min": 0.0,
        "max": 0.99302,
        "avg": 0.13574243243243242
      },
      "fused": {
        "count": 148,
        "min": 0.11375,
        "max": 0.7657,
        "avg": 0.4231255405405405
      }
    }
  },
  "verified_video_labels.json": {
    "metrics": {
      "N": 149,
      "TP": 82,
      "TN": 0,
      "FP": 0,
      "FN": 67,
      "acc": 0.5503355704697986,
      "precision_pos": 1.0,
      "recall_pos": 0.5503355704697986,
      "f1_pos": 0.70995670995671,
      "precision_neg": 0.0,
      "recall_neg": 0.0
    },
    "score_stats": {
      "clip": {
        "count": 149,
        "min": 0.48517,
        "max": 0.94358,
        "avg": 0.8107894630872483
      },
      "vit": {
        "count": 149,
        "min": 0.15814,
        "max": 0.85986,
        "avg": 0.5482588590604027
      },
      "slowfast": {
        "count": 149,
        "min": 0.0,
        "max": 0.89412,
        "avg": 0.0937838255033557
      },
      "audio": {
        "count": 149,
        "min": 0.0,
        "max": 0.06913,
        "avg": 0.0018879194630872483
      },
      "text": {
        "count": 149,
        "min": 0.0,
        "max": 0.96551,
        "avg": 0.15289268456375837
      },
      "fused": {
        "count": 149,
        "min": 0.23029,
        "max": 0.79055,
        "avg": 0.47401959731543625
      }
    }
  }
}