{
  "model": "openai/clip-vit-base-patch32",
  "frames_dir": "/home/jovyan/kau-muhayu-multimodal-harmful-content-detect/임영재/팀원_라벨링/팀원_데이터/안전_이미지",
  "num_frames_total": 144,
  "num_frames_used": 144,
  "prompts": {
    "harmful": [
      "a violent scene with people fighting, punching or kicking",
      "a person shooting a gun at another person",
      "visible blood, gore or serious injury",
      "a person holding a weapon in a threatening or aggressive way",
      "a brutal fight scene from an action movie",
      "an explicit violent scene that should not be shown to children"
    ],
    "benign": [
      "people calmly talking with no fighting or violence",
      "a person holding a harmless everyday object, no threat",
      "no blood or injury, just normal healthy people",
      "a person holding tools or everyday items in a safe way",
      "a normal peaceful scene with people standing or walking",
      "a safe and non-violent scene that is appropriate for all ages"
    ]
  },
  "per_frame": {
    "000000004395.jpg": {
      "violence_prob": 0.47657984495162964
    },
    "000000006471.jpg": {
      "violence_prob": 0.7684155702590942
    },
    "000000013546.jpg": {
      "violence_prob": 0.32039204239845276
    },
    "000000015254.jpg": {
      "violence_prob": 0.34903842210769653
    },
    "000000015517.jpg": {
      "violence_prob": 0.20764625072479248
    },
    "000000018491.jpg": {
      "violence_prob": 0.7944803833961487
    },
    "000000021604.jpg": {
      "violence_prob": 0.3121585249900818
    },
    "000000034257.jpg": {
      "violence_prob": 0.2706259787082672
    },
    "000000046463.jpg": {
      "violence_prob": 0.40187788009643555
    },
    "000000048555.jpg": {
      "violence_prob": 0.37287136912345886
    },
    "000000050331.jpg": {
      "violence_prob": 0.4525279998779297
    },
    "000000068765.jpg": {
      "violence_prob": 0.3635660409927368
    },
    "000000080413.jpg": {
      "violence_prob": 0.21385611593723297
    },
    "000000088040.jpg": {
      "violence_prob": 0.37557393312454224
    },
    "000000093437.jpg": {
      "violence_prob": 0.2848628759384155
    },
    "000000095155.jpg": {
      "violence_prob": 0.4731082022190094
    },
    "000000098497.jpg": {
      "violence_prob": 0.2810060977935791
    },
    "000000104803.jpg": {
      "violence_prob": 0.3111332654953003
    },
    "000000105912.jpg": {
      "violence_prob": 0.21831509470939636
    },
    "000000108253.jpg": {
      "violence_prob": 0.39144808053970337
    },
    "000000118367.jpg": {
      "violence_prob": 0.3043937683105469
    },
    "000000119452.jpg": {
      "violence_prob": 0.3331393003463745
    },
    "000000121417.jpg": {
      "violence_prob": 0.18451887369155884
    },
    "000000131556.jpg": {
      "violence_prob": 0.3821614384651184
    },
    "000000132703.jpg": {
      "violence_prob": 0.2960855960845947
    },
    "000000134322.jpg": {
      "violence_prob": 0.2775264382362366
    },
    "000000135604.jpg": {
      "violence_prob": 0.5758461952209473
    },
    "000000135670.jpg": {
      "violence_prob": 0.22286981344223022
    },
    "000000153229.jpg": {
      "violence_prob": 0.58696448802948
    },
    "000000157124.jpg": {
      "violence_prob": 0.24621447920799255
    },
    "000000159399.jpg": {
      "violence_prob": 0.20088383555412292
    },
    "000000159458.jpg": {
      "violence_prob": 0.357296347618103
    },
    "000000162581.jpg": {
      "violence_prob": 0.6734171509742737
    },
    "000000164883.jpg": {
      "violence_prob": 0.4419030249118805
    },
    "000000169076.jpg": {
      "violence_prob": 0.4029017686843872
    },
    "000000171740.jpg": {
      "violence_prob": 0.35028403997421265
    },
    "000000172946.jpg": {
      "violence_prob": 0.550078272819519
    },
    "000000181816.jpg": {
      "violence_prob": 0.10178013145923615
    },
    "000000186042.jpg": {
      "violence_prob": 0.4173792004585266
    },
    "000000187362.jpg": {
      "violence_prob": 0.2606954872608185
    },
    "000000188689.jpg": {
      "violence_prob": 0.4517834782600403
    },
    "000000189436.jpg": {
      "violence_prob": 0.38978517055511475
    },
    "000000192716.jpg": {
      "violence_prob": 0.44625669717788696
    },
    "000000196759.jpg": {
      "violence_prob": 0.3988124430179596
    },
    "000000201775.jpg": {
      "violence_prob": 0.4616534113883972
    },
    "000000203546.jpg": {
      "violence_prob": 0.40492576360702515
    },
    "000000207728.jpg": {
      "violence_prob": 0.40901100635528564
    },
    "000000221281.jpg": {
      "violence_prob": 0.28879714012145996
    },
    "000000226903.jpg": {
      "violence_prob": 0.2976577579975128
    },
    "000000232348.jpg": {
      "violence_prob": 0.1431550681591034
    },
    "000000234757.jpg": {
      "violence_prob": 0.26740774512290955
    },
    "000000240940.jpg": {
      "violence_prob": 0.31535065174102783
    },
    "000000244099.jpg": {
      "violence_prob": 0.3498806953430176
    },
    "000000245576.jpg": {
      "violence_prob": 0.33432966470718384
    },
    "000000248631.jpg": {
      "violence_prob": 0.24982017278671265
    },
    "000000250205.jpg": {
      "violence_prob": 0.1498534083366394
    },
    "000000255483.jpg": {
      "violence_prob": 0.43742120265960693
    },
    "000000262227.jpg": {
      "violence_prob": 0.38169994950294495
    },
    "000000273420.jpg": {
      "violence_prob": 0.3141464591026306
    },
    "000000275791.jpg": {
      "violence_prob": 0.3310492932796478
    },
    "000000278353.jpg": {
      "violence_prob": 0.35830414295196533
    },
    "000000279541.jpg": {
      "violence_prob": 0.4141015410423279
    },
    "000000281409.jpg": {
      "violence_prob": 0.629981517791748
    },
    "000000286849.jpg": {
      "violence_prob": 0.3427111804485321
    },
    "000000287347.jpg": {
      "violence_prob": 0.3314279317855835
    },
    "000000288882.jpg": {
      "violence_prob": 0.40255942940711975
    },
    "000000301421.jpg": {
      "violence_prob": 0.29619064927101135
    },
    "000000303305.jpg": {
      "violence_prob": 0.4922979772090912
    },
    "000000307074.jpg": {
      "violence_prob": 0.3561464250087738
    },
    "000000311002.jpg": {
      "violence_prob": 0.7181500792503357
    },
    "000000325991.jpg": {
      "violence_prob": 0.5473827719688416
    },
    "000000338304.jpg": {
      "violence_prob": 0.1951245665550232
    },
    "000000346707.jpg": {
      "violence_prob": 0.4052208662033081
    },
    "000000356612.jpg": {
      "violence_prob": 0.06732314825057983
    },
    "000000357748.jpg": {
      "violence_prob": 0.42045849561691284
    },
    "000000362682.jpg": {
      "violence_prob": 0.4114927649497986
    },
    "000000362716.jpg": {
      "violence_prob": 0.4737475514411926
    },
    "000000364636.jpg": {
      "violence_prob": 0.4933726191520691
    },
    "000000374052.jpg": {
      "violence_prob": 0.06284712255001068
    },
    "000000382030.jpg": {
      "violence_prob": 0.3268863260746002
    },
    "000000383842.jpg": {
      "violence_prob": 0.34902429580688477
    },
    "000000384666.jpg": {
      "violence_prob": 0.35533490777015686
    },
    "000000386912.jpg": {
      "violence_prob": 0.3608102798461914
    },
    "000000392722.jpg": {
      "violence_prob": 0.18404090404510498
    },
    "000000393226.jpg": {
      "violence_prob": 0.28257882595062256
    },
    "000000394510.jpg": {
      "violence_prob": 0.29166164994239807
    },
    "000000403565.jpg": {
      "violence_prob": 0.3952169120311737
    },
    "000000404249.jpg": {
      "violence_prob": 0.2439144402742386
    },
    "000000405972.jpg": {
      "violence_prob": 0.26356756687164307
    },
    "000000407646.jpg": {
      "violence_prob": 0.6196545958518982
    },
    "000000409542.jpg": {
      "violence_prob": 0.2705218195915222
    },
    "000000412362.jpg": {
      "violence_prob": 0.315329909324646
    },