{
  "model": "jaranohaal/vit-base-violence-detection",
  "frames_dir": "/home/jovyan/kau-muhayu-multimodal-harmful-content-detect/임영재/팀원_라벨링/팀원_데이터/이미지",
  "num_frames_total": 100,
  "num_frames_used": 100,
  "per_frame": {
    "img_hod_000134.jpg": {
      "violence_prob": 0.08927716314792633
    },
    "img_hod_000145.jpg": {
      "violence_prob": 0.4973539412021637
    },
    "img_hod_000175.jpg": {
      "violence_prob": 0.43146800994873047
    },
    "img_hod_000313.jpg": {
      "violence_prob": 0.46749913692474365
    },
    "img_hod_000335.jpg": {
      "violence_prob": 0.4673954248428345
    },
    "img_hod_000488.jpg": {
      "violence_prob": 0.4011176526546478
    },
    "img_hod_000591.jpg": {
      "violence_prob": 0.20452368259429932
    },
    "img_hod_000604.jpg": {
      "violence_prob": 0.5355203151702881
    },
    "img_hod_000827.jpg": {
      "violence_prob": 0.4414982199668884
    },
    "img_hod_000830.jpg": {
      "violence_prob": 0.5187819004058838
    },
    "img_hod_000967.jpg": {
      "violence_prob": 0.12834656238555908
    },
    "img_hod_001064.jpg": {
      "violence_prob": 0.134492427110672
    },
    "img_hod_001109.jpg": {
      "violence_prob": 0.12862186133861542
    },
    "img_hod_001145.jpg": {
      "violence_prob": 0.10612139850854874
    },
    "img_hod_001161.jpg": {
      "violence_prob": 0.42230209708213806
    },
    "img_hod_001193.jpg": {
      "violence_prob": 0.1311320662498474
    },
    "img_hod_001504.jpg": {
      "violence_prob": 0.12924815714359283
    },
    "img_hod_001662.jpg": {
      "violence_prob": 0.3003639280796051
    },
    "img_hod_001695.jpg": {
      "violence_prob": 0.1207418367266655
    },
    "img_hod_001764.jpg": {
      "violence_prob": 0.14822746813297272
    },
    "img_hod_001783.jpg": {
      "violence_prob": 0.11928154528141022
    },
    "img_hod_001820.jpg": {
      "violence_prob": 0.1047925353050232
    },
    "img_hod_001831.jpg": {
      "violence_prob": 0.43075883388519287
    },
    "img_hod_001864.jpg": {
      "violence_prob": 0.5297350883483887
    },
    "img_hod_001909.jpg": {
      "violence_prob": 0.12789590656757355
    },
    "img_hod_001927.jpg": {
      "violence_prob": 0.3920878767967224
    },
    "img_hod_002066.jpg": {
      "violence_prob": 0.15627218782901764
    },
    "img_hod_002174.jpg": {
      "violence_prob": 0.14964939653873444
    },
    "img_hod_002220.jpg": {
      "violence_prob": 0.14499607682228088
    },
    "img_hod_002340.jpg": {
      "violence_prob": 0.2672120928764343
    },
    "img_hod_002533.jpg": {
      "violence_prob": 0.10102523118257523
    },
    "img_hod_002592.jpg": {
      "violence_prob": 0.1375211924314499
    },
    "img_hod_002717.jpg": {
      "violence_prob": 0.25322166085243225
    },
    "img_hod_002831.jpg": {
      "violence_prob": 0.09648500382900238
    },
    "img_hod_002914.jpg": {
      "violence_prob": 0.23375113308429718
    },
    "img_hod_003114.jpg": {
      "violence_prob": 0.13279004395008087
    },
    "img_hod_003136.jpg": {
      "violence_prob": 0.48535987734794617
    },
    "img_hod_003147.jpg": {
      "violence_prob": 0.12615780532360077
    },
    "img_hod_003299.jpg": {
      "violence_prob": 0.1704794019460678
    },
    "img_hod_003319.jpg": {
      "violence_prob": 0.09323189407587051
    },
    "img_hod_003400.jpg": {
      "violence_prob": 0.4458737373352051
    },
    "img_hod_003423.jpg": {
      "violence_prob": 0.14137311279773712
    },
    "img_hod_003574.jpg": {
      "violence_prob": 0.14669004082679749
    },
    "img_hod_003762.jpg": {
      "violence_prob": 0.13397660851478577
    },
    "img_hod_003833.jpg": {
      "violence_prob": 0.17505647242069244
    },
    "img_hod_003902.jpg": {
      "violence_prob": 0.10306201875209808
    },
    "img_hod_003925.jpg": {
      "violence_prob": 0.08969761431217194
    },
    "img_hod_003943.jpg": {
      "violence_prob": 0.4449240565299988
    },
    "img_hod_003963.jpg": {
      "violence_prob": 0.527477502822876
    },
    "img_hod_004369.jpg": {
      "violence_prob": 0.12450513243675232
    },
    "img_hod_004467.jpg": {
      "violence_prob": 0.10910753160715103
    },
    "img_hod_004506.jpg": {
      "violence_prob": 0.148517906665802
    },
    "img_hod_004697.jpg": {
      "violence_prob": 0.152308851480484
    },
    "img_hod_004767.jpg": {
      "violence_prob": 0.1461758017539978
    },
    "img_hod_004775.jpg": {
      "violence_prob": 0.1695803701877594
    },
    "img_hod_004817.jpg": {
      "violence_prob": 0.13816548883914948
    },
    "img_hod_004859.jpg": {
      "violence_prob": 0.4597727656364441
    },
    "img_hod_004952.jpg": {
      "violence_prob": 0.10643196851015091
    },
    "img_hod_005017.jpg": {
      "violence_prob": 0.5189547538757324
    },
    "img_hod_005106.jpg": {
      "violence_prob": 0.4877426326274872
    },
    "img_hod_005188.jpg": {
      "violence_prob": 0.5062929391860962
    },
    "img_hod_005816.jpg": {
      "violence_prob": 0.15975303947925568
    },
    "img_hod_005922.jpg": {
      "violence_prob": 0.1493624895811081
    },
    "img_hod_006012.jpg": {
      "violence_prob": 0.09727200865745544
    },
    "img_hod_006331.jpg": {
      "violence_prob": 0.49936607480049133
    },
    "img_hod_006376.jpg": {
      "violence_prob": 0.15993809700012207
    },
    "img_hod_006405.jpg": {
      "violence_prob": 0.3867708444595337
    },
    "img_hod_006529.jpg": {
      "violence_prob": 0.1141200065612793
    },
    "img_hod_006938.jpg": {
      "violence_prob": 0.44373050332069397
    },
    "img_hod_007102.jpg": {
      "violence_prob": 0.46686723828315735
    },
    "img_hod_007218.jpg": {
      "violence_prob": 0.16205577552318573
    },
    "img_hod_007321.jpg": {
      "violence_prob": 0.4285670220851898
    },
    "img_hod_007363.jpg": {
      "violence_prob": 0.1258051097393036
    },
    "img_hod_007468.jpg": {
      "violence_prob": 0.13834670186042786
    },
    "img_hod_007485.jpg": {
      "violence_prob": 0.4410730302333832
    },
    "img_hod_007776.jpg": {
      "violence_prob": 0.4645044505596161
    },
    "img_hod_007801.jpg": {
      "violence_prob": 0.46767348051071167
    },
    "img_hod_007862.jpg": {
      "violence_prob": 0.45028775930404663
    },
    "img_hod_008009.jpg": {
      "violence_prob": 0.14830653369426727
    },
    "img_hod_008222.jpg": {
      "violence_prob": 0.12421922385692596
    },
    "img_hod_008295.jpg": {
      "violence_prob": 0.12596359848976135
    },
    "img_hod_008309.jpg": {
      "violence_prob": 0.41137057542800903
    },
    "img_hod_008359.jpg": {
      "violence_prob": 0.15609315037727356
    },
    "img_hod_008391.jpg": {
      "violence_prob": 0.1238560751080513
    },
    "img_hod_008616.jpg": {
      "violence_prob": 0.15351957082748413
    },
    "img_hod_008661.jpg": {
      "violence_prob": 0.14476241171360016
    },
    "img_hod_008713.jpg": {
      "violence_prob": 0.14381515979766846
    },
    "img_hod_009175.jpg": {
      "violence_prob": 0.4010879695415497
    },
    "img_hod_009235.jpg": {
      "violence_prob": 0.13884688913822174
    },
    "img_hod_009363.jpg": {
      "violence_prob": 0.4690769612789154
    },
    "img_hod_009463.jpg": {
      "violence_prob": 0.1303240805864334
    },
    "img_hod_009694.jpg": {
      "violence_prob": 0.46028104424476624
    },
    "img_hod_009739.jpg": {
      "violence_prob": 0.15135367214679718
    },
    "img_hod_009843.jpg": {
      "violence_prob": 0.15396200120449066
    },
    "img_hod_010009.jpg": {
      "violence_prob": 0.14399871230125427
    },
    "img_hod_010045.jpg": {
      "violence_prob": 0.418567419052124
    },
    "img_hod_010264.jpg": {
      "violence_prob": 0.1231335699558258
    },
    "img_hod_010272.jpg": {
      "violence_prob": 0.14731916785240173
    },
    "img_hod_010499.jpg": {
      "violence_prob": 0.4433712661266327
    },
    "img_hod_010550.jpg": {
      "violence_prob": 0.43668386340141296
    }
  },