{
  "model": "jaranohaal/vit-base-violence-detection",
  "frames_dir": "/home/jovyan/kau-muhayu-multimodal-harmful-content-detect/임영재/팀원_라벨링_모델선정/결과_데이터_32/임영재/video_frames/안전비디오/I7u5I8Oa_0",
  "num_frames_total": 120,
  "num_frames_used": 32,
  "per_frame": {
    "clip_000_frame_000.jpg": {
      "violence_prob": 0.12889793515205383
    },
    "clip_000_frame_003.jpg": {
      "violence_prob": 0.12867534160614014
    },
    "clip_000_frame_007.jpg": {
      "violence_prob": 0.1286575198173523
    },
    "clip_000_frame_011.jpg": {
      "violence_prob": 0.1284964382648468
    },
    "clip_000_frame_015.jpg": {
      "violence_prob": 0.12856249511241913
    },
    "clip_000_frame_019.jpg": {
      "violence_prob": 0.12880544364452362
    },
    "clip_000_frame_023.jpg": {
      "violence_prob": 0.1288154125213623
    },
    "clip_000_frame_026.jpg": {
      "violence_prob": 0.12884849309921265
    },
    "clip_000_frame_030.jpg": {
      "violence_prob": 0.12887564301490784
    },
    "clip_000_frame_034.jpg": {
      "violence_prob": 0.12887920439243317
    },
    "clip_000_frame_038.jpg": {
      "violence_prob": 0.12892770767211914
    },
    "clip_000_frame_042.jpg": {
      "violence_prob": 0.12891502678394318
    },
    "clip_000_frame_046.jpg": {
      "violence_prob": 0.12877249717712402
    },
    "clip_000_frame_049.jpg": {
      "violence_prob": 0.12866859138011932
    },
    "clip_000_frame_053.jpg": {
      "violence_prob": 0.12879706919193268
    },
    "clip_000_frame_057.jpg": {
      "violence_prob": 0.12879061698913574
    },
    "clip_001_frame_001.jpg": {
      "violence_prob": 0.1284932941198349
    },
    "clip_001_frame_005.jpg": {
      "violence_prob": 0.12822984158992767
    },
    "clip_001_frame_009.jpg": {
      "violence_prob": 0.12833218276500702
    },
    "clip_001_frame_012.jpg": {
      "violence_prob": 0.1282239556312561
    },
    "clip_001_frame_016.jpg": {
      "violence_prob": 0.12839557230472565
    },
    "clip_001_frame_020.jpg": {
      "violence_prob": 0.12810532748699188
    },
    "clip_001_frame_024.jpg": {
      "violence_prob": 0.12812969088554382
    },
    "clip_001_frame_028.jpg": {
      "violence_prob": 0.12850551307201385
    },
    "clip_001_frame_032.jpg": {
      "violence_prob": 0.12809520959854126
    },
    "clip_001_frame_035.jpg": {
      "violence_prob": 0.12838983535766602
    },
    "clip_001_frame_039.jpg": {
      "violence_prob": 0.12827569246292114
    },
    "clip_001_frame_043.jpg": {
      "violence_prob": 0.12821587920188904
    },
    "clip_001_frame_047.jpg": {
      "violence_prob": 0.12820038199424744
    },
    "clip_001_frame_051.jpg": {
      "violence_prob": 0.128510981798172
    },
    "clip_001_frame_055.jpg": {
      "violence_prob": 0.12851020693778992
    },
    "clip_001_frame_059.jpg": {
      "violence_prob": 0.12842325866222382
    }
  },
  "overall": {
    "avg_violence_prob": 0.1285444456152618,
    "max_violence_prob": 0.12892770767211914,
    "p95_violence_prob": 0.12890562638640404
  }
}