{
  "scores": {
    "clip": 0.7237256586551666,
    "vit": 0.1347291551530361,
    "slowfast": 0.06385184079408646,
    "audio": 0.0,
    "text": 0.0,
    "violence_stream": 0.06385184079408646,
    "final": 0.5988386265188456
  },
  "fusion_weights": {
    "clip": 0.8,
    "vit": 0.1,
    "violence": 0.1,
    "audio": 0.0,
    "text": 0.0
  },
  "thresholds": {
    "allow": 0.3,
    "review": 0.55,
    "block": 0.78
  },
  "decision": "REVIEW"
}