{
  "model": "jaranohaal/vit-base-violence-detection",
  "frames_dir": "/home/jovyan/kau-muhayu-multimodal-harmful-content-detect/임영재/팀원_라벨링_모델선정/결과_데이터_32/임영재/video_frames/안전비디오/d_93UNyiVM4_0",
  "num_frames_total": 120,
  "num_frames_used": 32,
  "per_frame": {
    "clip_000_frame_000.jpg": {
      "violence_prob": 0.11660934239625931
    },
    "clip_000_frame_003.jpg": {
      "violence_prob": 0.1376703977584839
    },
    "clip_000_frame_007.jpg": {
      "violence_prob": 0.10697544366121292
    },
    "clip_000_frame_011.jpg": {
      "violence_prob": 0.11181697249412537
    },
    "clip_000_frame_015.jpg": {
      "violence_prob": 0.10601706057786942
    },
    "clip_000_frame_019.jpg": {
      "violence_prob": 0.14730171859264374
    },
    "clip_000_frame_023.jpg": {
      "violence_prob": 0.13232268393039703
    },
    "clip_000_frame_026.jpg": {
      "violence_prob": 0.11295159161090851
    },
    "clip_000_frame_030.jpg": {
      "violence_prob": 0.11391226947307587
    },
    "clip_000_frame_034.jpg": {
      "violence_prob": 0.11581849306821823
    },
    "clip_000_frame_038.jpg": {
      "violence_prob": 0.11510469764471054
    },
    "clip_000_frame_042.jpg": {
      "violence_prob": 0.11913411319255829
    },
    "clip_000_frame_046.jpg": {
      "violence_prob": 0.10867428034543991
    },
    "clip_000_frame_049.jpg": {
      "violence_prob": 0.1167702004313469
    },
    "clip_000_frame_053.jpg": {
      "violence_prob": 0.11009037494659424
    },
    "clip_000_frame_057.jpg": {
      "violence_prob": 0.11433608829975128
    },
    "clip_001_frame_001.jpg": {
      "violence_prob": 0.12250270694494247
    },
    "clip_001_frame_005.jpg": {
      "violence_prob": 0.1004423126578331
    },
    "clip_001_frame_009.jpg": {
      "violence_prob": 0.1033993810415268
    },
    "clip_001_frame_012.jpg": {
      "violence_prob": 0.10229025781154633
    },
    "clip_001_frame_016.jpg": {
      "violence_prob": 0.10396379977464676
    },
    "clip_001_frame_020.jpg": {
      "violence_prob": 0.11064590513706207
    },
    "clip_001_frame_024.jpg": {
      "violence_prob": 0.1042647510766983
    },
    "clip_001_frame_028.jpg": {
      "violence_prob": 0.10100219398736954
    },
    "clip_001_frame_032.jpg": {
      "violence_prob": 0.09190364181995392
    },
    "clip_001_frame_035.jpg": {
      "violence_prob": 0.09820824861526489
    },
    "clip_001_frame_039.jpg": {
      "violence_prob": 0.09938492625951767
    },
    "clip_001_frame_043.jpg": {
      "violence_prob": 0.09915082901716232
    },
    "clip_001_frame_047.jpg": {
      "violence_prob": 0.10355803370475769
    },
    "clip_001_frame_051.jpg": {
      "violence_prob": 0.10640610754489899
    },
    "clip_001_frame_055.jpg": {
      "violence_prob": 0.10397215187549591
    },
    "clip_001_frame_059.jpg": {
      "violence_prob": 0.10647565871477127
    }
  },
  "overall": {
    "avg_violence_prob": 0.11072114482522011,
    "max_violence_prob": 0.14730171859264374,
    "p95_violence_prob": 0.1347291551530361
  }
}