{
  "scores": {
    "clip": 0.45572154223918915,
    "vit": 0.15723366737365724,
    "slowfast": 0.1784590482711792,
    "audio": 0.0,
    "text": 0.0,
    "violence_stream": 0.1784590482711792,
    "final": 0.39814650535583496
  },
  "fusion_weights": {
    "clip": 0.8,
    "vit": 0.1,
    "violence": 0.1,
    "audio": 0.0,
    "text": 0.0
  },
  "thresholds": {
    "allow": 0.3,
    "review": 0.55,
    "block": 0.78
  },
  "decision": "ALLOW"
}