{
  "scores": {
    "clip": 0.8495701223611831,
    "vit": 0.7347048938274382,
    "slowfast": 0.48415571451187134,
    "audio": 0.0014590183272957802,
    "text": 0.0,
    "violence_stream": 0.48415571451187134,
    "final": 0.6892973832786082
  },
  "fusion_weights": {
    "clip": 0.15,
    "vit": 0.6,
    "violence": 0.25,
    "audio": 0.0,
    "text": 0.0
  },
  "thresholds": {
    "allow": 0.3,
    "review": 0.55,
    "block": 0.78
  },
  "decision": "REVIEW"
}