{
  "scores": {
    "clip": 0.8787963390350342,
    "vit": 0.37281540036201477,
    "slowfast": 0.31615468859672546,
    "audio": 0.004372002556920052,
    "text": 0.09285295754671097,
    "violence_stream": 0.31615468859672546,
    "final": 0.43454736322164533
  },
  "fusion_weights": {
    "clip": 0.15,
    "vit": 0.6,
    "violence": 0.25,
    "audio": 0.0,
    "text": 0.0
  },
  "thresholds": {
    "allow": 0.3,
    "review": 0.55,
    "block": 0.78
  },
  "decision": "ALLOW"
}