{
  "scores": {
    "clip": 0.33252252638339996,
    "vit": 0.13527409136295318,
    "slowfast": 0.24073195457458496,
    "audio": 0.0,
    "text": 0.0,
    "violence_stream": 0.24073195457458496,
    "final": 0.30361862570047377
  },
  "fusion_weights": {
    "clip": 0.8,
    "vit": 0.1,
    "violence": 0.1,
    "audio": 0.0,
    "text": 0.0
  },
  "thresholds": {
    "allow": 0.3,
    "review": 0.55,
    "block": 0.78
  },
  "decision": "ALLOW"
}