{
  "scores": {
    "clip": 0.47053764909505835,
    "vit": 0.4011552527546882,
    "slowfast": 0.0,
    "audio": 0.0,
    "text": 0.0,
    "violence_stream": 0.0,
    "final": 0.31127379901707164
  },
  "fusion_weights": {
    "clip": 0.15,
    "vit": 0.6,
    "violence": 0.25,
    "audio": 0.0,
    "text": 0.0
  },
  "thresholds": {
    "allow": 0.3,
    "review": 0.55,
    "block": 0.78
  },
  "decision": "ALLOW"
}