{
  "model": "jaranohaal/vit-base-violence-detection",
  "frames_dir": "/home/jovyan/kau-muhayu-multimodal-harmful-content-detect/임영재/팀원_라벨링/팀원_데이터/video_frames/V_777",
  "num_frames_total": 120,
  "num_frames_used": 12,
  "per_frame": {
    "clip_000_frame_000.jpg": {
      "violence_prob": 0.40924209356307983
    },
    "clip_000_frame_010.jpg": {
      "violence_prob": 0.518799364566803
    },
    "clip_000_frame_020.jpg": {
      "violence_prob": 0.5610877871513367
    },
    "clip_000_frame_030.jpg": {
      "violence_prob": 0.6459299325942993
    },
    "clip_000_frame_040.jpg": {
      "violence_prob": 0.6719675660133362
    },
    "clip_000_frame_050.jpg": {
      "violence_prob": 0.6226843595504761
    },
    "clip_001_frame_000.jpg": {
      "violence_prob": 0.5770255923271179
    },
    "clip_001_frame_010.jpg": {
      "violence_prob": 0.5586445927619934
    },
    "clip_001_frame_020.jpg": {
      "violence_prob": 0.4695972502231598
    },
    "clip_001_frame_030.jpg": {
      "violence_prob": 0.5189829468727112
    },
    "clip_001_frame_040.jpg": {
      "violence_prob": 0.37243402004241943
    },
    "clip_001_frame_050.jpg": {
      "violence_prob": 0.6435151100158691
    }
  },
  "overall": {
    "avg_violence_prob": 0.5474925513068835,
    "max_violence_prob": 0.6719675660133362,
    "p95_violence_prob": 0.6576468676328658
  }
}