{
  "scores": {
    "clip": 0.2229272536933422,
    "vit": 0.11337734051048756,
    "slowfast": 0.08995802700519562,
    "audio": 0.0,
    "text": 0.0,
    "violence_stream": 0.08995802700519562,
    "final": 0.1986753397062421
  },
  "fusion_weights": {
    "clip": 0.8,
    "vit": 0.1,
    "violence": 0.1,
    "audio": 0.0,
    "text": 0.0
  },
  "thresholds": {
    "allow": 0.3,
    "review": 0.55,
    "block": 0.78
  },
  "decision": "ALLOW"
}