{
  "model": "jaranohaal/vit-base-violence-detection",
  "frames_dir": "/home/jovyan/kau-muhayu-multimodal-harmful-content-detect/임영재/팀원_라벨링/팀원_데이터/video_frames/V_701",
  "num_frames_total": 100,
  "num_frames_used": 10,
  "per_frame": {
    "clip_000_frame_000.jpg": {
      "violence_prob": 0.563851535320282
    },
    "clip_000_frame_010.jpg": {
      "violence_prob": 0.5847917795181274
    },
    "clip_000_frame_020.jpg": {
      "violence_prob": 0.5858500599861145
    },
    "clip_000_frame_030.jpg": {
      "violence_prob": 0.603301465511322
    },
    "clip_000_frame_040.jpg": {
      "violence_prob": 0.6168652176856995
    },
    "clip_001_frame_000.jpg": {
      "violence_prob": 0.6189597249031067
    },
    "clip_001_frame_010.jpg": {
      "violence_prob": 0.5965592861175537
    },
    "clip_001_frame_020.jpg": {
      "violence_prob": 0.6109869480133057
    },
    "clip_001_frame_030.jpg": {
      "violence_prob": 0.682356059551239
    },
    "clip_001_frame_040.jpg": {
      "violence_prob": 0.6686448454856873
    }
  },
  "overall": {
    "avg_violence_prob": 0.6132166922092438,
    "max_violence_prob": 0.682356059551239,
    "p95_violence_prob": 0.6761860132217407
  }
}