{
  "model": "jaranohaal/vit-base-violence-detection",
  "frames_dir": "/home/jovyan/kau-muhayu-multimodal-harmful-content-detect/임영재/팀원_라벨링/팀원_데이터/video_frames/vBwKQfJYG1Q_2",
  "num_frames_total": 120,
  "num_frames_used": 12,
  "per_frame": {
    "clip_000_frame_000.jpg": {
      "violence_prob": 0.49546581506729126
    },
    "clip_000_frame_010.jpg": {
      "violence_prob": 0.5017147660255432
    },
    "clip_000_frame_020.jpg": {
      "violence_prob": 0.5149697661399841
    },
    "clip_000_frame_030.jpg": {
      "violence_prob": 0.5224291086196899
    },
    "clip_000_frame_040.jpg": {
      "violence_prob": 0.5318935513496399
    },
    "clip_000_frame_050.jpg": {
      "violence_prob": 0.5483649373054504
    },
    "clip_001_frame_000.jpg": {
      "violence_prob": 0.5742127299308777
    },
    "clip_001_frame_010.jpg": {
      "violence_prob": 0.5812530517578125
    },
    "clip_001_frame_020.jpg": {
      "violence_prob": 0.5954713225364685
    },
    "clip_001_frame_030.jpg": {
      "violence_prob": 0.599350094795227
    },
    "clip_001_frame_040.jpg": {
      "violence_prob": 0.6037176847457886
    },
    "clip_001_frame_050.jpg": {
      "violence_prob": 0.6205633282661438
    }
  },
  "overall": {
    "avg_violence_prob": 0.557450513044993,
    "max_violence_prob": 0.6205633282661438,
    "p95_violence_prob": 0.6112982243299484
  }
}