{
  "model": "jaranohaal/vit-base-violence-detection",
  "frames_dir": "/home/jovyan/kau-muhayu-multimodal-harmful-content-detect/임영재/팀원_라벨링_모델선정/결과_데이터_32/박상원/video_frames/비디오/video_173_knife_attack",
  "num_frames_total": 300,
  "num_frames_used": 32,
  "per_frame": {
    "clip_000_frame_000.jpg": {
      "violence_prob": 0.13996392488479614
    },
    "clip_000_frame_009.jpg": {
      "violence_prob": 0.1410139501094818
    },
    "clip_000_frame_019.jpg": {
      "violence_prob": 0.14066171646118164
    },
    "clip_000_frame_028.jpg": {
      "violence_prob": 0.14161522686481476
    },
    "clip_000_frame_038.jpg": {
      "violence_prob": 0.13819146156311035
    },
    "clip_000_frame_048.jpg": {
      "violence_prob": 0.13692910969257355
    },
    "clip_001_frame_007.jpg": {
      "violence_prob": 0.13842709362506866
    },
    "clip_001_frame_017.jpg": {
      "violence_prob": 0.14226903021335602
    },
    "clip_001_frame_027.jpg": {
      "violence_prob": 0.13949309289455414
    },
    "clip_001_frame_036.jpg": {
      "violence_prob": 0.14165657758712769
    },
    "clip_001_frame_046.jpg": {
      "violence_prob": 0.14277024567127228
    },
    "clip_002_frame_006.jpg": {
      "violence_prob": 0.14205564558506012
    },
    "clip_002_frame_015.jpg": {
      "violence_prob": 0.13635802268981934
    },
    "clip_002_frame_025.jpg": {
      "violence_prob": 0.1407681703567505
    },
    "clip_002_frame_035.jpg": {
      "violence_prob": 0.13917183876037598
    },
    "clip_002_frame_044.jpg": {
      "violence_prob": 0.14599817991256714
    },
    "clip_003_frame_004.jpg": {
      "violence_prob": 0.14309553802013397
    },
    "clip_003_frame_013.jpg": {
      "violence_prob": 0.14192605018615723
    },
    "clip_003_frame_023.jpg": {
      "violence_prob": 0.14528192579746246
    },
    "clip_003_frame_033.jpg": {
      "violence_prob": 0.14271073043346405
    },
    "clip_003_frame_042.jpg": {
      "violence_prob": 0.13628001511096954
    },
    "clip_004_frame_002.jpg": {
      "violence_prob": 0.1424552947282791
    },
    "clip_004_frame_012.jpg": {
      "violence_prob": 0.14007124304771423
    },
    "clip_004_frame_021.jpg": {
      "violence_prob": 0.13995476067066193
    },
    "clip_004_frame_031.jpg": {
      "violence_prob": 0.14077197015285492
    },
    "clip_004_frame_041.jpg": {
      "violence_prob": 0.13710333406925201
    },
    "clip_005_frame_000.jpg": {
      "violence_prob": 0.13246922194957733
    },
    "clip_005_frame_010.jpg": {
      "violence_prob": 0.13403505086898804
    },
    "clip_005_frame_020.jpg": {
      "violence_prob": 0.1366988867521286
    },
    "clip_005_frame_029.jpg": {
      "violence_prob": 0.13706879317760468
    },
    "clip_005_frame_039.jpg": {
      "violence_prob": 0.1401197612285614
    },
    "clip_005_frame_049.jpg": {
      "violence_prob": 0.14151093363761902
    }
  },
  "overall": {
    "avg_violence_prob": 0.13996552489697933,
    "max_violence_prob": 0.14599817991256714,
    "p95_violence_prob": 0.14407941251993178
  }
}