{
  "model": "jaranohaal/vit-base-violence-detection",
  "frames_dir": "/home/jovyan/kau-muhayu-multimodal-harmful-content-detect/임영재/팀원_라벨링_모델선정/결과_데이터_32/임영재/video_frames/비디오/V_959",
  "num_frames_total": 119,
  "num_frames_used": 32,
  "per_frame": {
    "clip_000_frame_000.jpg": {
      "violence_prob": 0.4782390892505646
    },
    "clip_000_frame_003.jpg": {
      "violence_prob": 0.4834422469139099
    },
    "clip_000_frame_007.jpg": {
      "violence_prob": 0.4668872058391571
    },
    "clip_000_frame_011.jpg": {
      "violence_prob": 0.4456198513507843
    },
    "clip_000_frame_015.jpg": {
      "violence_prob": 0.47517040371894836
    },
    "clip_000_frame_019.jpg": {
      "violence_prob": 0.4632026255130768
    },
    "clip_000_frame_022.jpg": {
      "violence_prob": 0.4389534592628479
    },
    "clip_000_frame_026.jpg": {
      "violence_prob": 0.40161144733428955
    },
    "clip_000_frame_030.jpg": {
      "violence_prob": 0.3813217878341675
    },
    "clip_000_frame_034.jpg": {
      "violence_prob": 0.2884675860404968
    },
    "clip_000_frame_038.jpg": {
      "violence_prob": 0.2872920036315918
    },
    "clip_000_frame_041.jpg": {
      "violence_prob": 0.2832646369934082
    },
    "clip_000_frame_045.jpg": {
      "violence_prob": 0.35055869817733765
    },
    "clip_000_frame_049.jpg": {
      "violence_prob": 0.3864673376083374
    },
    "clip_000_frame_053.jpg": {
      "violence_prob": 0.44575247168540955
    },
    "clip_000_frame_057.jpg": {
      "violence_prob": 0.4559887647628784
    },
    "clip_001_frame_001.jpg": {
      "violence_prob": 0.45925724506378174
    },
    "clip_001_frame_005.jpg": {
      "violence_prob": 0.44774267077445984
    },
    "clip_001_frame_009.jpg": {
      "violence_prob": 0.4373011589050293
    },
    "clip_001_frame_013.jpg": {
      "violence_prob": 0.39247074723243713
    },
    "clip_001_frame_017.jpg": {
      "violence_prob": 0.36400070786476135
    },
    "clip_001_frame_020.jpg": {
      "violence_prob": 0.3770233392715454
    },
    "clip_001_frame_024.jpg": {
      "violence_prob": 0.30187323689460754
    },
    "clip_001_frame_028.jpg": {
      "violence_prob": 0.29138028621673584
    },
    "clip_001_frame_032.jpg": {
      "violence_prob": 0.3835688829421997
    },
    "clip_001_frame_036.jpg": {
      "violence_prob": 0.43527618050575256
    },
    "clip_001_frame_039.jpg": {
      "violence_prob": 0.4350748360157013
    },
    "clip_001_frame_043.jpg": {
      "violence_prob": 0.3824754059314728
    },
    "clip_001_frame_047.jpg": {
      "violence_prob": 0.3939287066459656
    },
    "clip_001_frame_051.jpg": {
      "violence_prob": 0.45167088508605957
    },
    "clip_001_frame_055.jpg": {
      "violence_prob": 0.4175635874271393
    },
    "clip_001_frame_059.jpg": {
      "violence_prob": 0.3968871533870697
    }
  },
  "overall": {
    "avg_violence_prob": 0.40311670769006014,
    "max_violence_prob": 0.4834422469139099,
    "p95_violence_prob": 0.47655131220817565
  }
}