{
  "model": "jaranohaal/vit-base-violence-detection",
  "frames_dir": "/home/jovyan/kau-muhayu-multimodal-harmful-content-detect/임영재/팀원_라벨링_모델선정/결과_데이터_32/임영재/video_frames/안전비디오/JwfajujK_0",
  "num_frames_total": 120,
  "num_frames_used": 32,
  "per_frame": {
    "clip_000_frame_000.jpg": {
      "violence_prob": 0.10429627448320389
    },
    "clip_000_frame_003.jpg": {
      "violence_prob": 0.10446876287460327
    },
    "clip_000_frame_007.jpg": {
      "violence_prob": 0.10412571579217911
    },
    "clip_000_frame_011.jpg": {
      "violence_prob": 0.10271110385656357
    },
    "clip_000_frame_015.jpg": {
      "violence_prob": 0.10151774436235428
    },
    "clip_000_frame_019.jpg": {
      "violence_prob": 0.10204295814037323
    },
    "clip_000_frame_023.jpg": {
      "violence_prob": 0.1011950820684433
    },
    "clip_000_frame_026.jpg": {
      "violence_prob": 0.10202202945947647
    },
    "clip_000_frame_030.jpg": {
      "violence_prob": 0.10242348909378052
    },
    "clip_000_frame_034.jpg": {
      "violence_prob": 0.10347893834114075
    },
    "clip_000_frame_038.jpg": {
      "violence_prob": 0.10297450423240662
    },
    "clip_000_frame_042.jpg": {
      "violence_prob": 0.1028442531824112
    },
    "clip_000_frame_046.jpg": {
      "violence_prob": 0.10262821614742279
    },
    "clip_000_frame_049.jpg": {
      "violence_prob": 0.10339031368494034
    },
    "clip_000_frame_053.jpg": {
      "violence_prob": 0.10565327107906342
    },
    "clip_000_frame_057.jpg": {
      "violence_prob": 0.10587039589881897
    },
    "clip_001_frame_001.jpg": {
      "violence_prob": 0.10687708854675293
    },
    "clip_001_frame_005.jpg": {
      "violence_prob": 0.10674845427274704
    },
    "clip_001_frame_009.jpg": {
      "violence_prob": 0.10619281977415085
    },
    "clip_001_frame_012.jpg": {
      "violence_prob": 0.10590507090091705
    },
    "clip_001_frame_016.jpg": {
      "violence_prob": 0.1065235286951065
    },
    "clip_001_frame_020.jpg": {
      "violence_prob": 0.10718655586242676
    },
    "clip_001_frame_024.jpg": {
      "violence_prob": 0.10645432770252228
    },
    "clip_001_frame_028.jpg": {
      "violence_prob": 0.10434219241142273
    },
    "clip_001_frame_032.jpg": {
      "violence_prob": 0.1055646613240242
    },
    "clip_001_frame_035.jpg": {
      "violence_prob": 0.10561297833919525
    },
    "clip_001_frame_039.jpg": {
      "violence_prob": 0.10684105008840561
    },
    "clip_001_frame_043.jpg": {
      "violence_prob": 0.10655347257852554
    },
    "clip_001_frame_047.jpg": {
      "violence_prob": 0.10588309913873672
    },
    "clip_001_frame_051.jpg": {
      "violence_prob": 0.10478738695383072
    },
    "clip_001_frame_055.jpg": {
      "violence_prob": 0.10577327758073807
    },
    "clip_001_frame_059.jpg": {
      "violence_prob": 0.10846997052431107
    }
  },
  "overall": {
    "avg_violence_prob": 0.1047299683559686,
    "max_violence_prob": 0.10846997052431107,
    "p95_violence_prob": 0.10701634883880615
  }
}