{
  "model": "jaranohaal/vit-base-violence-detection",
  "frames_dir": "/home/jovyan/kau-muhayu-multimodal-harmful-content-detect/임영재/팀원_라벨링_모델선정/결과_데이터_32/박상원/video_frames/비디오/video_263_bikini",
  "num_frames_total": 624,
  "num_frames_used": 32,
  "per_frame": {
    "clip_000_frame_000.jpg": {
      "violence_prob": 0.49276724457740784
    },
    "clip_000_frame_020.jpg": {
      "violence_prob": 0.48375204205513
    },
    "clip_000_frame_040.jpg": {
      "violence_prob": 0.4864683449268341
    },
    "clip_001_frame_012.jpg": {
      "violence_prob": 0.49077874422073364
    },
    "clip_001_frame_032.jpg": {
      "violence_prob": 0.4843682646751404
    },
    "clip_002_frame_004.jpg": {
      "violence_prob": 0.49431028962135315
    },
    "clip_002_frame_024.jpg": {
      "violence_prob": 0.49181678891181946
    },
    "clip_002_frame_044.jpg": {
      "violence_prob": 0.47887563705444336
    },
    "clip_003_frame_016.jpg": {
      "violence_prob": 0.4747575521469116
    },
    "clip_003_frame_036.jpg": {
      "violence_prob": 0.4732990860939026
    },
    "clip_004_frame_008.jpg": {
      "violence_prob": 0.4910477101802826
    },
    "clip_004_frame_029.jpg": {
      "violence_prob": 0.5053011775016785
    },
    "clip_005_frame_001.jpg": {
      "violence_prob": 0.47762763500213623
    },
    "clip_005_frame_021.jpg": {
      "violence_prob": 0.5029246211051941
    },
    "clip_005_frame_041.jpg": {
      "violence_prob": 0.47038790583610535
    },
    "clip_006_frame_013.jpg": {
      "violence_prob": 0.4737650752067566
    },
    "clip_006_frame_033.jpg": {
      "violence_prob": 0.48936307430267334
    },
    "clip_007_frame_005.jpg": {
      "violence_prob": 0.4718118906021118
    },
    "clip_007_frame_025.jpg": {
      "violence_prob": 0.502307116985321
    },
    "clip_007_frame_045.jpg": {
      "violence_prob": 0.48778948187828064
    },
    "clip_008_frame_017.jpg": {
      "violence_prob": 0.47071191668510437
    },
    "clip_008_frame_038.jpg": {
      "violence_prob": 0.4824454188346863
    },
    "clip_009_frame_010.jpg": {
      "violence_prob": 0.48959624767303467
    },
    "clip_009_frame_030.jpg": {
      "violence_prob": 0.4976431727409363
    },
    "clip_010_frame_002.jpg": {
      "violence_prob": 0.49500274658203125
    },
    "clip_010_frame_022.jpg": {
      "violence_prob": 0.4595697224140167
    },
    "clip_010_frame_042.jpg": {
      "violence_prob": 0.4460325241088867
    },
    "clip_011_frame_014.jpg": {
      "violence_prob": 0.46725884079933167
    },
    "clip_011_frame_034.jpg": {
      "violence_prob": 0.4320772588253021
    },
    "clip_012_frame_006.jpg": {
      "violence_prob": 0.436562180519104
    },
    "clip_012_frame_026.jpg": {
      "violence_prob": 0.43934366106987
    },
    "clip_012_frame_047.jpg": {
      "violence_prob": 0.47322866320610046
    }
  },
  "overall": {
    "avg_violence_prob": 0.4785310011357069,
    "max_violence_prob": 0.5053011775016785,
    "p95_violence_prob": 0.5025849938392639
  }
}