{
  "scores": {
    "clip": 0.6822739124298095,
    "vit": 0.36942531913518906,
    "slowfast": 0.0,
    "audio": 0.0,
    "text": 0.00764843262732029,
    "violence_stream": 0.0,
    "final": 0.32399627834558486
  },
  "fusion_weights": {
    "clip": 0.15,
    "vit": 0.6,
    "violence": 0.25,
    "audio": 0.0,
    "text": 0.0
  },
  "thresholds": {
    "allow": 0.3,
    "review": 0.55,
    "block": 0.78
  },
  "decision": "ALLOW"
}