{
  "model": "jaranohaal/vit-base-violence-detection",
  "frames_dir": "/home/jovyan/kau-muhayu-multimodal-harmful-content-detect/임영재/팀원_라벨링/팀원_데이터/video_frames/3SS0E4SmTk8_0",
  "num_frames_total": 120,
  "num_frames_used": 12,
  "per_frame": {
    "clip_000_frame_000.jpg": {
      "violence_prob": 0.2711864411830902
    },
    "clip_000_frame_010.jpg": {
      "violence_prob": 0.29257866740226746
    },
    "clip_000_frame_020.jpg": {
      "violence_prob": 0.317822128534317
    },
    "clip_000_frame_030.jpg": {
      "violence_prob": 0.3397165536880493
    },
    "clip_000_frame_040.jpg": {
      "violence_prob": 0.3641379475593567
    },
    "clip_000_frame_050.jpg": {
      "violence_prob": 0.3758876621723175
    },
    "clip_001_frame_000.jpg": {
      "violence_prob": 0.33131515979766846
    },
    "clip_001_frame_010.jpg": {
      "violence_prob": 0.31734299659729004
    },
    "clip_001_frame_020.jpg": {
      "violence_prob": 0.3050152659416199
    },
    "clip_001_frame_030.jpg": {
      "violence_prob": 0.2892456352710724
    },
    "clip_001_frame_040.jpg": {
      "violence_prob": 0.30706021189689636
    },
    "clip_001_frame_050.jpg": {
      "violence_prob": 0.329469233751297
    }
  },
  "overall": {
    "avg_violence_prob": 0.3200648253162702,
    "max_violence_prob": 0.3758876621723175,
    "p95_violence_prob": 0.36942531913518906
  }
}