{
  "model": "jaranohaal/vit-base-violence-detection",
  "frames_dir": "/home/jovyan/kau-muhayu-multimodal-harmful-content-detect/임영재/팀원_라벨링_모델선정/결과_데이터_32/임영재/video_frames/비디오/V_897",
  "num_frames_total": 116,
  "num_frames_used": 32,
  "per_frame": {
    "clip_000_frame_000.jpg": {
      "violence_prob": 0.144953653216362
    },
    "clip_000_frame_003.jpg": {
      "violence_prob": 0.14315606653690338
    },
    "clip_000_frame_007.jpg": {
      "violence_prob": 0.1445779800415039
    },
    "clip_000_frame_011.jpg": {
      "violence_prob": 0.1431591957807541
    },
    "clip_000_frame_014.jpg": {
      "violence_prob": 0.14147979021072388
    },
    "clip_000_frame_018.jpg": {
      "violence_prob": 0.1444363296031952
    },
    "clip_000_frame_022.jpg": {
      "violence_prob": 0.14941465854644775
    },
    "clip_000_frame_025.jpg": {
      "violence_prob": 0.1478765308856964
    },
    "clip_000_frame_029.jpg": {
      "violence_prob": 0.14510610699653625
    },
    "clip_000_frame_033.jpg": {
      "violence_prob": 0.1473170965909958
    },
    "clip_000_frame_037.jpg": {
      "violence_prob": 0.14356422424316406
    },
    "clip_000_frame_040.jpg": {
      "violence_prob": 0.1381392478942871
    },
    "clip_000_frame_044.jpg": {
      "violence_prob": 0.14294539391994476
    },
    "clip_000_frame_048.jpg": {
      "violence_prob": 0.14206257462501526
    },
    "clip_000_frame_051.jpg": {
      "violence_prob": 0.14918363094329834
    },
    "clip_000_frame_055.jpg": {
      "violence_prob": 0.1510991007089615
    },
    "clip_001_frame_001.jpg": {
      "violence_prob": 0.14446048438549042
    },
    "clip_001_frame_005.jpg": {
      "violence_prob": 0.1415969729423523
    },
    "clip_001_frame_008.jpg": {
      "violence_prob": 0.14233635365962982
    },
    "clip_001_frame_012.jpg": {
      "violence_prob": 0.1509339064359665
    },
    "clip_001_frame_016.jpg": {
      "violence_prob": 0.14060738682746887
    },
    "clip_001_frame_019.jpg": {
      "violence_prob": 0.143733412027359
    },
    "clip_001_frame_023.jpg": {
      "violence_prob": 0.14303365349769592
    },
    "clip_001_frame_027.jpg": {
      "violence_prob": 0.14755851030349731
    },
    "clip_001_frame_031.jpg": {
      "violence_prob": 0.14918577671051025
    },
    "clip_001_frame_034.jpg": {
      "violence_prob": 0.14401158690452576
    },
    "clip_001_frame_038.jpg": {
      "violence_prob": 0.14035049080848694
    },
    "clip_001_frame_042.jpg": {
      "violence_prob": 0.15019378066062927
    },
    "clip_001_frame_045.jpg": {
      "violence_prob": 0.1505783051252365
    },
    "clip_001_frame_049.jpg": {
      "violence_prob": 0.15133078396320343
    },
    "clip_001_frame_053.jpg": {
      "violence_prob": 0.14622141420841217
    },
    "clip_001_frame_057.jpg": {
      "violence_prob": 0.14989855885505676
    }
  },
  "overall": {
    "avg_violence_prob": 0.14545321743935347,
    "max_violence_prob": 0.15133078396320343,
    "p95_violence_prob": 0.15100824385881423
  }
}