{
  "model": "jaranohaal/vit-base-violence-detection",
  "frames_dir": "/home/jovyan/kau-muhayu-multimodal-harmful-content-detect/임영재/팀원_라벨링_모델선정/결과_데이터_32/박상원/video_frames/비디오/video_135_assault_attack",
  "num_frames_total": 400,
  "num_frames_used": 32,
  "per_frame": {
    "clip_000_frame_000.jpg": {
      "violence_prob": 0.14766180515289307
    },
    "clip_000_frame_012.jpg": {
      "violence_prob": 0.14779792726039886
    },
    "clip_000_frame_025.jpg": {
      "violence_prob": 0.14801931381225586
    },
    "clip_000_frame_038.jpg": {
      "violence_prob": 0.1492825299501419
    },
    "clip_001_frame_001.jpg": {
      "violence_prob": 0.14819251000881195
    },
    "clip_001_frame_014.jpg": {
      "violence_prob": 0.14875882863998413
    },
    "clip_001_frame_027.jpg": {
      "violence_prob": 0.14937648177146912
    },
    "clip_001_frame_040.jpg": {
      "violence_prob": 0.14921067655086517
    },
    "clip_002_frame_002.jpg": {
      "violence_prob": 0.15599817037582397
    },
    "clip_002_frame_015.jpg": {
      "violence_prob": 0.15308953821659088
    },
    "clip_002_frame_028.jpg": {
      "violence_prob": 0.15252147614955902
    },
    "clip_002_frame_041.jpg": {
      "violence_prob": 0.15352779626846313
    },
    "clip_003_frame_004.jpg": {
      "violence_prob": 0.1509474366903305
    },
    "clip_003_frame_017.jpg": {
      "violence_prob": 0.15219168365001678
    },
    "clip_003_frame_030.jpg": {
      "violence_prob": 0.1524018496274948
    },
    "clip_003_frame_043.jpg": {
      "violence_prob": 0.15186640620231628
    },
    "clip_004_frame_005.jpg": {
      "violence_prob": 0.15272608399391174
    },
    "clip_004_frame_018.jpg": {
      "violence_prob": 0.15228146314620972
    },
    "clip_004_frame_031.jpg": {
      "violence_prob": 0.15285344421863556
    },
    "clip_004_frame_044.jpg": {
      "violence_prob": 0.15252862870693207
    },
    "clip_005_frame_007.jpg": {
      "violence_prob": 0.15391090512275696
    },
    "clip_005_frame_020.jpg": {
      "violence_prob": 0.15319029986858368
    },
    "clip_005_frame_033.jpg": {
      "violence_prob": 0.15322819352149963
    },
    "clip_005_frame_046.jpg": {
      "violence_prob": 0.15320077538490295
    },
    "clip_006_frame_008.jpg": {
      "violence_prob": 0.15346616506576538
    },
    "clip_006_frame_021.jpg": {
      "violence_prob": 0.15347275137901306
    },
    "clip_006_frame_034.jpg": {
      "violence_prob": 0.15329118072986603
    },
    "clip_006_frame_047.jpg": {
      "violence_prob": 0.15380503237247467
    },
    "clip_007_frame_010.jpg": {
      "violence_prob": 0.15328271687030792
    },
    "clip_007_frame_023.jpg": {
      "violence_prob": 0.151819109916687
    },
    "clip_007_frame_036.jpg": {
      "violence_prob": 0.1518680453300476
    },
    "clip_007_frame_049.jpg": {
      "violence_prob": 0.15230686962604523
    }
  },
  "overall": {
    "avg_violence_prob": 0.15181487798690796,
    "max_violence_prob": 0.15599817037582397,
    "p95_violence_prob": 0.1538526751101017
  }
}