{
  "model": "jaranohaal/vit-base-violence-detection",
  "frames_dir": "/home/jovyan/kau-muhayu-multimodal-harmful-content-detect/임영재/팀원_라벨링_모델선정/결과_데이터_training/팀원_데이터/video_frames/안전비디오/NV_487",
  "num_frames_total": 92,
  "num_frames_used": 32,
  "per_frame": {
    "clip_000_frame_000.jpg": {
      "violence_prob": 0.4130474030971527
    },
    "clip_000_frame_002.jpg": {
      "violence_prob": 0.4137653410434723
    },
    "clip_000_frame_005.jpg": {
      "violence_prob": 0.4076440632343292
    },
    "clip_000_frame_008.jpg": {
      "violence_prob": 0.4104914963245392
    },
    "clip_000_frame_011.jpg": {
      "violence_prob": 0.4079587757587433
    },
    "clip_000_frame_014.jpg": {
      "violence_prob": 0.3954319655895233
    },
    "clip_000_frame_017.jpg": {
      "violence_prob": 0.40570366382598877
    },
    "clip_000_frame_020.jpg": {
      "violence_prob": 0.39630138874053955
    },
    "clip_000_frame_023.jpg": {
      "violence_prob": 0.4020219147205353
    },
    "clip_000_frame_026.jpg": {
      "violence_prob": 0.41718485951423645
    },
    "clip_000_frame_029.jpg": {
      "violence_prob": 0.42095932364463806
    },
    "clip_000_frame_032.jpg": {
      "violence_prob": 0.3966403901576996
    },
    "clip_000_frame_035.jpg": {
      "violence_prob": 0.3876069188117981
    },
    "clip_000_frame_038.jpg": {
      "violence_prob": 0.3994556665420532
    },
    "clip_000_frame_041.jpg": {
      "violence_prob": 0.4012376070022583
    },
    "clip_000_frame_044.jpg": {
      "violence_prob": 0.39341405034065247
    },
    "clip_001_frame_000.jpg": {
      "violence_prob": 0.39640673995018005
    },
    "clip_001_frame_003.jpg": {
      "violence_prob": 0.40600135922431946
    },
    "clip_001_frame_006.jpg": {
      "violence_prob": 0.4127742052078247
    },
    "clip_001_frame_009.jpg": {
      "violence_prob": 0.4011136591434479
    },
    "clip_001_frame_012.jpg": {
      "violence_prob": 0.3905234634876251
    },
    "clip_001_frame_015.jpg": {
      "violence_prob": 0.39617544412612915
    },
    "clip_001_frame_018.jpg": {
      "violence_prob": 0.4200034439563751
    },
    "clip_001_frame_021.jpg": {
      "violence_prob": 0.4071013629436493
    },
    "clip_001_frame_024.jpg": {
      "violence_prob": 0.3957081735134125
    },
    "clip_001_frame_027.jpg": {
      "violence_prob": 0.39726877212524414
    },
    "clip_001_frame_030.jpg": {
      "violence_prob": 0.40436792373657227
    },
    "clip_001_frame_033.jpg": {
      "violence_prob": 0.4226023256778717
    },
    "clip_001_frame_036.jpg": {
      "violence_prob": 0.4235855042934418
    },
    "clip_001_frame_039.jpg": {
      "violence_prob": 0.41187363862991333
    },
    "clip_001_frame_042.jpg": {
      "violence_prob": 0.40697482228279114
    },
    "clip_001_frame_045.jpg": {
      "violence_prob": 0.4116770625114441
    }
  },
  "overall": {
    "avg_violence_prob": 0.40540696028620005,
    "max_violence_prob": 0.4235855042934418,
    "p95_violence_prob": 0.4216986745595932
  }
}