{
  "scores": {
    "clip": 0.46722267866134637,
    "vit": 0.7637742131948471,
    "slowfast": 0.12937986850738525,
    "audio": 0.0,
    "text": 0.7751851081848145,
    "violence_stream": 0.12937986850738525,
    "final": 0.5606928968429564
  },
  "fusion_weights": {
    "clip": 0.15,
    "vit": 0.6,
    "violence": 0.25,
    "audio": 0.0,
    "text": 0.0
  },
  "thresholds": {
    "allow": 0.3,
    "review": 0.55,
    "block": 0.78
  },
  "decision": "REVIEW"
}