{
  "model": "jaranohaal/vit-base-violence-detection",
  "frames_dir": "/home/jovyan/kau-muhayu-multimodal-harmful-content-detect/임영재/팀원_라벨링_모델선정/결과_데이터_32/안지산/video_frames/비디오/threat__clips__423-136182346-1_small_7.51_15.02",
  "num_frames_total": 179,
  "num_frames_used": 32,
  "per_frame": {
    "clip_000_frame_000.jpg": {
      "violence_prob": 0.1774081438779831
    },
    "clip_000_frame_005.jpg": {
      "violence_prob": 0.17645271122455597
    },
    "clip_000_frame_011.jpg": {
      "violence_prob": 0.18043163418769836
    },
    "clip_000_frame_017.jpg": {
      "violence_prob": 0.2787483036518097
    },
    "clip_000_frame_022.jpg": {
      "violence_prob": 0.27851343154907227
    },
    "clip_000_frame_028.jpg": {
      "violence_prob": 0.1622251570224762
    },
    "clip_000_frame_034.jpg": {
      "violence_prob": 0.16085243225097656
    },
    "clip_000_frame_040.jpg": {
      "violence_prob": 0.15508781373500824
    },
    "clip_000_frame_045.jpg": {
      "violence_prob": 0.15484532713890076
    },
    "clip_000_frame_051.jpg": {
      "violence_prob": 0.14412008225917816
    },
    "clip_000_frame_057.jpg": {
      "violence_prob": 0.14904648065567017
    },
    "clip_001_frame_004.jpg": {
      "violence_prob": 0.14862483739852905
    },
    "clip_001_frame_009.jpg": {
      "violence_prob": 0.13429991900920868
    },
    "clip_001_frame_015.jpg": {
      "violence_prob": 0.13738997280597687
    },
    "clip_001_frame_021.jpg": {
      "violence_prob": 0.12986092269420624
    },
    "clip_001_frame_027.jpg": {
      "violence_prob": 0.12417914718389511
    },
    "clip_001_frame_032.jpg": {
      "violence_prob": 0.1188371405005455
    },
    "clip_001_frame_038.jpg": {
      "violence_prob": 0.13622422516345978
    },
    "clip_001_frame_044.jpg": {
      "violence_prob": 0.1413915455341339
    },
    "clip_001_frame_050.jpg": {
      "violence_prob": 0.14219945669174194
    },
    "clip_001_frame_055.jpg": {
      "violence_prob": 0.14229531586170197
    },
    "clip_002_frame_001.jpg": {
      "violence_prob": 0.14392074942588806
    },
    "clip_002_frame_007.jpg": {
      "violence_prob": 0.14462198317050934
    },
    "clip_002_frame_013.jpg": {
      "violence_prob": 0.13610556721687317
    },
    "clip_002_frame_018.jpg": {
      "violence_prob": 0.13932237029075623
    },
    "clip_002_frame_024.jpg": {
      "violence_prob": 0.15887954831123352
    },
    "clip_002_frame_030.jpg": {
      "violence_prob": 0.1587969809770584
    },
    "clip_002_frame_036.jpg": {
      "violence_prob": 0.15996630489826202
    },
    "clip_002_frame_041.jpg": {
      "violence_prob": 0.16149567067623138
    },
    "clip_002_frame_047.jpg": {
      "violence_prob": 0.16042329370975494
    },
    "clip_002_frame_053.jpg": {
      "violence_prob": 0.163236603140831
    },
    "clip_002_frame_059.jpg": {
      "violence_prob": 0.16213466227054596
    }
  },
  "overall": {
    "avg_violence_prob": 0.15818555420264602,
    "max_violence_prob": 0.2787483036518097,
    "p95_violence_prob": 0.22456844300031656
  }
}