{
  "scores": {
    "clip": 0.2671021446585655,
    "vit": 0.10924158655107022,
    "slowfast": 0.0,
    "audio": 0.000271656084805727,
    "text": 0.0,
    "violence_stream": 0.0,
    "final": 0.22460587438195945
  },
  "fusion_weights": {
    "clip": 0.8,
    "vit": 0.1,
    "violence": 0.1,
    "audio": 0.0,
    "text": 0.0
  },
  "thresholds": {
    "allow": 0.3,
    "review": 0.55,
    "block": 0.78
  },
  "decision": "ALLOW"
}