{
  "scores": {
    "clip": 0.4199524953961372,
    "vit": 0.15159954726696015,
    "slowfast": 0.07131068408489227,
    "audio": 0.0,
    "text": 0.0,
    "violence_stream": 0.07131068408489227,
    "final": 0.35825301945209503
  },
  "fusion_weights": {
    "clip": 0.8,
    "vit": 0.1,
    "violence": 0.1,
    "audio": 0.0,
    "text": 0.0
  },
  "thresholds": {
    "allow": 0.3,
    "review": 0.55,
    "block": 0.78
  },
  "decision": "ALLOW"
}