{
  "model": "jaranohaal/vit-base-violence-detection",
  "frames_dir": "/home/jovyan/kau-muhayu-multimodal-harmful-content-detect/임영재/팀원_라벨링_모델선정/결과_데이터_training/팀원_데이터/video_frames/비디오/NpznjZe7A2M_0",
  "num_frames_total": 120,
  "num_frames_used": 32,
  "per_frame": {
    "clip_000_frame_000.jpg": {
      "violence_prob": 0.09895651787519455
    },
    "clip_000_frame_003.jpg": {
      "violence_prob": 0.09864600747823715
    },
    "clip_000_frame_007.jpg": {
      "violence_prob": 0.09936805069446564
    },
    "clip_000_frame_011.jpg": {
      "violence_prob": 0.09883682429790497
    },
    "clip_000_frame_015.jpg": {
      "violence_prob": 0.09793274849653244
    },
    "clip_000_frame_019.jpg": {
      "violence_prob": 0.0987091138958931
    },
    "clip_000_frame_023.jpg": {
      "violence_prob": 0.0982542410492897
    },
    "clip_000_frame_026.jpg": {
      "violence_prob": 0.09823332726955414
    },
    "clip_000_frame_030.jpg": {
      "violence_prob": 0.09938498586416245
    },
    "clip_000_frame_034.jpg": {
      "violence_prob": 0.09730596840381622
    },
    "clip_000_frame_038.jpg": {
      "violence_prob": 0.09813640266656876
    },
    "clip_000_frame_042.jpg": {
      "violence_prob": 0.09894930571317673
    },
    "clip_000_frame_046.jpg": {
      "violence_prob": 0.09660813957452774
    },
    "clip_000_frame_049.jpg": {
      "violence_prob": 0.09696071594953537
    },
    "clip_000_frame_053.jpg": {
      "violence_prob": 0.0966963842511177
    },
    "clip_000_frame_057.jpg": {
      "violence_prob": 0.10401654988527298
    },
    "clip_001_frame_001.jpg": {
      "violence_prob": 0.10644111037254333
    },
    "clip_001_frame_005.jpg": {
      "violence_prob": 0.10505885630846024
    },
    "clip_001_frame_009.jpg": {
      "violence_prob": 0.10346391052007675
    },
    "clip_001_frame_012.jpg": {
      "violence_prob": 0.10337990522384644
    },
    "clip_001_frame_016.jpg": {
      "violence_prob": 0.10293477028608322
    },
    "clip_001_frame_020.jpg": {
      "violence_prob": 0.10462895035743713
    },
    "clip_001_frame_024.jpg": {
      "violence_prob": 0.10606346279382706
    },
    "clip_001_frame_028.jpg": {
      "violence_prob": 0.1066259890794754
    },
    "clip_001_frame_032.jpg": {
      "violence_prob": 0.10549698770046234
    },
    "clip_001_frame_035.jpg": {
      "violence_prob": 0.10231969505548477
    },
    "clip_001_frame_039.jpg": {
      "violence_prob": 0.10515429824590683
    },
    "clip_001_frame_043.jpg": {
      "violence_prob": 0.09896567463874817
    },
    "clip_001_frame_047.jpg": {
      "violence_prob": 0.10016106069087982
    },
    "clip_001_frame_051.jpg": {
      "violence_prob": 0.09787210077047348
    },
    "clip_001_frame_055.jpg": {
      "violence_prob": 0.0981021448969841
    },
    "clip_001_frame_059.jpg": {
      "violence_prob": 0.0976911336183548
    }
  },
  "overall": {
    "avg_violence_prob": 0.10066735418513417,
    "max_violence_prob": 0.1066259890794754,
    "p95_violence_prob": 0.10623340420424938
  }
}