{
  "scores": {
    "clip": 0.5892324954271316,
    "vit": 0.5777137964963913,
    "slowfast": 0.9979416728019714,
    "audio": 1.6610686437434907e-10,
    "text": 0.0,
    "violence_stream": 0.9979416728019714,
    "final": 0.6844985704123974
  },
  "fusion_weights": {
    "clip": 0.15,
    "vit": 0.6,
    "violence": 0.25,
    "audio": 0.0,
    "text": 0.0
  },
  "thresholds": {
    "allow": 0.3,
    "review": 0.55,
    "block": 0.78
  },
  "decision": "REVIEW"
}