{
  "scores": {
    "clip": 0.48918312788009644,
    "vit": 0.5141532868146896,
    "slowfast": 0.08675471693277359,
    "audio": 0.0,
    "text": 0.0,
    "violence_stream": 0.08675471693277359,
    "final": 0.45143730267882354
  },
  "fusion_weights": {
    "clip": 0.8,
    "vit": 0.1,
    "violence": 0.1,
    "audio": 0.0,
    "text": 0.0
  },
  "thresholds": {
    "allow": 0.3,
    "review": 0.55,
    "block": 0.78
  },
  "decision": "ALLOW"
}