{
  "scores": {
    "clip": 0.4283086970448494,
    "vit": 0.46454900652170183,
    "slowfast": 0.06393241137266159,
    "audio": 0.0,
    "text": 0.0,
    "violence_stream": 0.06393241137266159,
    "final": 0.39549509942531585
  },
  "fusion_weights": {
    "clip": 0.8,
    "vit": 0.1,
    "violence": 0.1,
    "audio": 0.0,
    "text": 0.0
  },
  "thresholds": {
    "allow": 0.3,
    "review": 0.55,
    "block": 0.78
  },
  "decision": "ALLOW"
}