{
  "scores": {
    "clip": 0.8275315701961518,
    "vit": 0.4710082396864891,
    "slowfast": 0.04767519235610962,
    "audio": 0.0,
    "text": 0.0,
    "violence_stream": 0.04767519235610962,
    "final": 0.4186534774303436
  },
  "fusion_weights": {
    "clip": 0.15,
    "vit": 0.6,
    "violence": 0.25,
    "audio": 0.0,
    "text": 0.0
  },
  "thresholds": {
    "allow": 0.3,
    "review": 0.55,
    "block": 0.78
  },
  "decision": "ALLOW"
}