{
  "scores": {
    "clip": 0.7960682362318039,
    "vit": 0.12117586433887481,
    "slowfast": 0.11751032620668411,
    "audio": 0.0,
    "text": 0.0,
    "violence_stream": 0.11751032620668411,
    "final": 0.6607232080399991
  },
  "fusion_weights": {
    "clip": 0.8,
    "vit": 0.1,
    "violence": 0.1,
    "audio": 0.0,
    "text": 0.0
  },
  "thresholds": {
    "allow": 0.3,
    "review": 0.55,
    "block": 0.78
  },
  "decision": "REVIEW"
}