{
  "model": "jaranohaal/vit-base-violence-detection",
  "frames_dir": "/home/jovyan/kau-muhayu-multimodal-harmful-content-detect/임영재/팀원_라벨링/팀원_데이터/video_frames/V_414",
  "num_frames_total": 59,
  "num_frames_used": 6,
  "per_frame": {
    "clip_000_frame_000.jpg": {
      "violence_prob": 0.4805368185043335
    },
    "clip_000_frame_010.jpg": {
      "violence_prob": 0.4257715940475464
    },
    "clip_000_frame_020.jpg": {
      "violence_prob": 0.4186425805091858
    },
    "clip_000_frame_030.jpg": {
      "violence_prob": 0.40571802854537964
    },
    "clip_000_frame_040.jpg": {
      "violence_prob": 0.3940247893333435
    },
    "clip_000_frame_050.jpg": {
      "violence_prob": 0.3876131474971771
    }
  },
  "overall": {
    "avg_violence_prob": 0.418717826406161,
    "max_violence_prob": 0.4805368185043335,
    "p95_violence_prob": 0.4668455123901367
  }
}