{
  "model": "jaranohaal/vit-base-violence-detection",
  "frames_dir": "/home/jovyan/kau-muhayu-multimodal-harmful-content-detect/임영재/팀원_라벨링_모델선정/결과_데이터_training/팀원_데이터/video_frames/비디오/V_446",
  "num_frames_total": 60,
  "num_frames_used": 32,
  "per_frame": {
    "clip_000_frame_000.jpg": {
      "violence_prob": 0.14159883558750153
    },
    "clip_000_frame_001.jpg": {
      "violence_prob": 0.14214812219142914
    },
    "clip_000_frame_003.jpg": {
      "violence_prob": 0.13860474526882172
    },
    "clip_000_frame_005.jpg": {
      "violence_prob": 0.14097905158996582
    },
    "clip_000_frame_007.jpg": {
      "violence_prob": 0.14091120660305023
    },
    "clip_000_frame_009.jpg": {
      "violence_prob": 0.1415308266878128
    },
    "clip_000_frame_011.jpg": {
      "violence_prob": 0.1422504484653473
    },
    "clip_000_frame_013.jpg": {
      "violence_prob": 0.1457929015159607
    },
    "clip_000_frame_015.jpg": {
      "violence_prob": 0.14907920360565186
    },
    "clip_000_frame_017.jpg": {
      "violence_prob": 0.14878977835178375
    },
    "clip_000_frame_019.jpg": {
      "violence_prob": 0.14742322266101837
    },
    "clip_000_frame_020.jpg": {
      "violence_prob": 0.14930075407028198
    },
    "clip_000_frame_022.jpg": {
      "violence_prob": 0.15063564479351044
    },
    "clip_000_frame_024.jpg": {
      "violence_prob": 0.15067540109157562
    },
    "clip_000_frame_026.jpg": {
      "violence_prob": 0.14787982404232025
    },
    "clip_000_frame_028.jpg": {
      "violence_prob": 0.14545424282550812
    },
    "clip_000_frame_030.jpg": {
      "violence_prob": 0.1449064314365387
    },
    "clip_000_frame_032.jpg": {
      "violence_prob": 0.13755245506763458
    },
    "clip_000_frame_034.jpg": {
      "violence_prob": 0.13224634528160095
    },
    "clip_000_frame_036.jpg": {
      "violence_prob": 0.12556250393390656
    },
    "clip_000_frame_038.jpg": {
      "violence_prob": 0.12933756411075592
    },
    "clip_000_frame_039.jpg": {
      "violence_prob": 0.13144555687904358
    },
    "clip_000_frame_041.jpg": {
      "violence_prob": 0.12755133211612701
    },
    "clip_000_frame_043.jpg": {
      "violence_prob": 0.12939567863941193
    },
    "clip_000_frame_045.jpg": {
      "violence_prob": 0.13653752207756042
    },
    "clip_000_frame_047.jpg": {
      "violence_prob": 0.14059124886989594
    },
    "clip_000_frame_049.jpg": {
      "violence_prob": 0.13467727601528168
    },
    "clip_000_frame_051.jpg": {
      "violence_prob": 0.1332441121339798
    },
    "clip_000_frame_053.jpg": {
      "violence_prob": 0.12760694324970245
    },
    "clip_000_frame_055.jpg": {
      "violence_prob": 0.12190961092710495
    },
    "clip_000_frame_057.jpg": {
      "violence_prob": 0.12590919435024261
    },
    "clip_000_frame_059.jpg": {
      "violence_prob": 0.12269578129053116
    }
  },
  "overall": {
    "avg_violence_prob": 0.1382569926790893,
    "max_violence_prob": 0.15067540109157562,
    "p95_violence_prob": 0.14990145489573478
  }
}