{
  "model": "jaranohaal/vit-base-violence-detection",
  "frames_dir": "/home/jovyan/kau-muhayu-multimodal-harmful-content-detect/임영재/팀원_라벨링_모델선정/결과_데이터_32/안지산/video_frames/비디오/violence__clips__4753947-uhd_2160_4096_25fps_0.00_19.30",
  "num_frames_total": 450,
  "num_frames_used": 32,
  "per_frame": {
    "clip_000_frame_000.jpg": {
      "violence_prob": 0.10889652371406555
    },
    "clip_000_frame_014.jpg": {
      "violence_prob": 0.11180462688207626
    },
    "clip_000_frame_028.jpg": {
      "violence_prob": 0.12330793589353561
    },
    "clip_000_frame_043.jpg": {
      "violence_prob": 0.1287577897310257
    },
    "clip_001_frame_007.jpg": {
      "violence_prob": 0.12353213131427765
    },
    "clip_001_frame_022.jpg": {
      "violence_prob": 0.12276792526245117
    },
    "clip_001_frame_036.jpg": {
      "violence_prob": 0.12533748149871826
    },
    "clip_002_frame_001.jpg": {
      "violence_prob": 0.115951307117939
    },
    "clip_002_frame_015.jpg": {
      "violence_prob": 0.11214908212423325
    },
    "clip_002_frame_030.jpg": {
      "violence_prob": 0.11304076761007309
    },
    "clip_002_frame_044.jpg": {
      "violence_prob": 0.11608988791704178
    },
    "clip_003_frame_009.jpg": {
      "violence_prob": 0.11744822561740875
    },
    "clip_003_frame_023.jpg": {
      "violence_prob": 0.12218794226646423
    },
    "clip_003_frame_038.jpg": {
      "violence_prob": 0.11888307332992554
    },
    "clip_004_frame_002.jpg": {
      "violence_prob": 0.1157972440123558
    },
    "clip_004_frame_017.jpg": {
      "violence_prob": 0.11498114466667175
    },
    "clip_004_frame_031.jpg": {
      "violence_prob": 0.11584047228097916
    },
    "clip_004_frame_046.jpg": {
      "violence_prob": 0.11575198918581009
    },
    "clip_005_frame_010.jpg": {
      "violence_prob": 0.10668822377920151
    },
    "clip_005_frame_025.jpg": {
      "violence_prob": 0.10507341474294662
    },
    "clip_005_frame_039.jpg": {
      "violence_prob": 0.10985293984413147
    },
    "clip_006_frame_004.jpg": {
      "violence_prob": 0.09680882841348648
    },
    "clip_006_frame_018.jpg": {
      "violence_prob": 0.09257633984088898
    },
    "clip_006_frame_033.jpg": {
      "violence_prob": 0.08922705054283142
    },
    "clip_006_frame_047.jpg": {
      "violence_prob": 0.09501438587903976
    },
    "clip_007_frame_012.jpg": {
      "violence_prob": 0.09535571932792664
    },
    "clip_007_frame_026.jpg": {
      "violence_prob": 0.09388253092765808
    },
    "clip_007_frame_041.jpg": {
      "violence_prob": 0.09502719342708588
    },
    "clip_008_frame_005.jpg": {
      "violence_prob": 0.09756826609373093
    },
    "clip_008_frame_020.jpg": {
      "violence_prob": 0.09211639314889908
    },
    "clip_008_frame_034.jpg": {
      "violence_prob": 0.09185446053743362
    },
    "clip_008_frame_049.jpg": {
      "violence_prob": 0.09553134441375732
    }
  },
  "overall": {
    "avg_violence_prob": 0.1087219575420022,
    "max_violence_prob": 0.1287577897310257,
    "p95_violence_prob": 0.12434453889727592
  }
}