{
  "model": "jaranohaal/vit-base-violence-detection",
  "frames_dir": "/home/jovyan/kau-muhayu-multimodal-harmful-content-detect/임영재/팀원_라벨링/팀원_데이터/video_frames/mx0UXBFc_0",
  "num_frames_total": 120,
  "num_frames_used": 12,
  "per_frame": {
    "clip_000_frame_000.jpg": {
      "violence_prob": 0.5164278149604797
    },
    "clip_000_frame_010.jpg": {
      "violence_prob": 0.5157284140586853
    },
    "clip_000_frame_020.jpg": {
      "violence_prob": 0.5095784664154053
    },
    "clip_000_frame_030.jpg": {
      "violence_prob": 0.5079231262207031
    },
    "clip_000_frame_040.jpg": {
      "violence_prob": 0.5141509771347046
    },
    "clip_000_frame_050.jpg": {
      "violence_prob": 0.5139057040214539
    },
    "clip_001_frame_000.jpg": {
      "violence_prob": 0.5121229887008667
    },
    "clip_001_frame_010.jpg": {
      "violence_prob": 0.5128150582313538
    },
    "clip_001_frame_020.jpg": {
      "violence_prob": 0.5136169195175171
    },
    "clip_001_frame_030.jpg": {
      "violence_prob": 0.5180788040161133
    },
    "clip_001_frame_040.jpg": {
      "violence_prob": 0.5162012577056885
    },
    "clip_001_frame_050.jpg": {
      "violence_prob": 0.5164943337440491
    }
  },
  "overall": {
    "avg_violence_prob": 0.513920322060585,
    "max_violence_prob": 0.5180788040161133,
    "p95_violence_prob": 0.5172073453664779
  }
}