{
  "scores": {
    "clip": 0.9225041836500167,
    "vit": 0.14572085067629814,
    "slowfast": 0.13062308728694916,
    "audio": 0.0,
    "text": 0.0,
    "violence_stream": 0.13062308728694916,
    "final": 0.7656377407163383
  },
  "fusion_weights": {
    "clip": 0.8,
    "vit": 0.1,
    "violence": 0.1,
    "audio": 0.0,
    "text": 0.0
  },
  "thresholds": {
    "allow": 0.3,
    "review": 0.55,
    "block": 0.78
  },
  "decision": "REVIEW"
}