{
  "model": "jaranohaal/vit-base-violence-detection",
  "frames_dir": "/home/jovyan/kau-muhayu-multimodal-harmful-content-detect/임영재/팀원_라벨링_모델선정/결과_데이터_32/임영재/video_frames/안전비디오/EDaOod1H_0",
  "num_frames_total": 120,
  "num_frames_used": 32,
  "per_frame": {
    "clip_000_frame_000.jpg": {
      "violence_prob": 0.11747478693723679
    },
    "clip_000_frame_003.jpg": {
      "violence_prob": 0.11539186537265778
    },
    "clip_000_frame_007.jpg": {
      "violence_prob": 0.1164444163441658
    },
    "clip_000_frame_011.jpg": {
      "violence_prob": 0.1162843182682991
    },
    "clip_000_frame_015.jpg": {
      "violence_prob": 0.11613113433122635
    },
    "clip_000_frame_019.jpg": {
      "violence_prob": 0.11699691414833069
    },
    "clip_000_frame_023.jpg": {
      "violence_prob": 0.11635203659534454
    },
    "clip_000_frame_026.jpg": {
      "violence_prob": 0.11576278507709503
    },
    "clip_000_frame_030.jpg": {
      "violence_prob": 0.11658219248056412
    },
    "clip_000_frame_034.jpg": {
      "violence_prob": 0.11612854152917862
    },
    "clip_000_frame_038.jpg": {
      "violence_prob": 0.11674892157316208
    },
    "clip_000_frame_042.jpg": {
      "violence_prob": 0.11587229371070862
    },
    "clip_000_frame_046.jpg": {
      "violence_prob": 0.11557189375162125
    },
    "clip_000_frame_049.jpg": {
      "violence_prob": 0.11774767190217972
    },
    "clip_000_frame_053.jpg": {
      "violence_prob": 0.11671154201030731
    },
    "clip_000_frame_057.jpg": {
      "violence_prob": 0.113627590239048
    },
    "clip_001_frame_001.jpg": {
      "violence_prob": 0.11610524356365204
    },
    "clip_001_frame_005.jpg": {
      "violence_prob": 0.11577577888965607
    },
    "clip_001_frame_009.jpg": {
      "violence_prob": 0.11459353566169739
    },
    "clip_001_frame_012.jpg": {
      "violence_prob": 0.11385097354650497
    },
    "clip_001_frame_016.jpg": {
      "violence_prob": 0.11579477041959763
    },
    "clip_001_frame_020.jpg": {
      "violence_prob": 0.1155957579612732
    },
    "clip_001_frame_024.jpg": {
      "violence_prob": 0.11673109233379364
    },
    "clip_001_frame_028.jpg": {
      "violence_prob": 0.11536774784326553
    },
    "clip_001_frame_032.jpg": {
      "violence_prob": 0.11575556546449661
    },
    "clip_001_frame_035.jpg": {
      "violence_prob": 0.11674105376005173
    },
    "clip_001_frame_039.jpg": {
      "violence_prob": 0.11310730874538422
    },
    "clip_001_frame_043.jpg": {
      "violence_prob": 0.11820082366466522
    },
    "clip_001_frame_047.jpg": {
      "violence_prob": 0.11440090835094452
    },
    "clip_001_frame_051.jpg": {
      "violence_prob": 0.11499178409576416
    },
    "clip_001_frame_055.jpg": {
      "violence_prob": 0.11534994095563889
    },
    "clip_001_frame_059.jpg": {
      "violence_prob": 0.11779659986495972
    }
  },
  "overall": {
    "avg_violence_prob": 0.11593711841851473,
    "max_violence_prob": 0.11820082366466522,
    "p95_violence_prob": 0.11776968948543072
  }
}