{
  "scores": {
    "clip": 0.88569196164608,
    "vit": 0.1404885545372963,
    "slowfast": 0.027184661477804184,
    "audio": 0.0005850924062542617,
    "text": 0.0,
    "violence_stream": 0.027184661477804184,
    "final": 0.725320890918374
  },
  "fusion_weights": {
    "clip": 0.8,
    "vit": 0.1,
    "violence": 0.1,
    "audio": 0.0,
    "text": 0.0
  },
  "thresholds": {
    "allow": 0.3,
    "review": 0.55,
    "block": 0.78
  },
  "decision": "REVIEW"
}