{
  "scores": {
    "clip": 0.6017356634140014,
    "vit": 0.1148866031318903,
    "slowfast": 0.46408194303512573,
    "audio": 0.0,
    "text": 0.0,
    "violence_stream": 0.46408194303512573,
    "final": 0.5392853853479027
  },
  "fusion_weights": {
    "clip": 0.8,
    "vit": 0.1,
    "violence": 0.1,
    "audio": 0.0,
    "text": 0.0
  },
  "thresholds": {
    "allow": 0.3,
    "review": 0.55,
    "block": 0.78
  },
  "decision": "ALLOW"
}