{
  "scores": {
    "clip": 0.9083221584558487,
    "vit": 0.19102116152644158,
    "slowfast": 0.0,
    "audio": 6.578398460987955e-05,
    "text": 0.0,
    "violence_stream": 0.0,
    "final": 0.7457598429173231
  },
  "fusion_weights": {
    "clip": 0.8,
    "vit": 0.1,
    "violence": 0.1,
    "audio": 0.0,
    "text": 0.0
  },
  "thresholds": {
    "allow": 0.3,
    "review": 0.55,
    "block": 0.78
  },
  "decision": "REVIEW"
}