{
  "model": "jaranohaal/vit-base-violence-detection",
  "frames_dir": "/home/jovyan/kau-muhayu-multimodal-harmful-content-detect/임영재/팀원_라벨링/팀원_데이터/video_frames/F7W6PQ3V3y8_0",
  "num_frames_total": 120,
  "num_frames_used": 12,
  "per_frame": {
    "clip_000_frame_000.jpg": {
      "violence_prob": 0.2652595043182373
    },
    "clip_000_frame_010.jpg": {
      "violence_prob": 0.2637094259262085
    },
    "clip_000_frame_020.jpg": {
      "violence_prob": 0.26220032572746277
    },
    "clip_000_frame_030.jpg": {
      "violence_prob": 0.2636277377605438
    },
    "clip_000_frame_040.jpg": {
      "violence_prob": 0.2650037705898285
    },
    "clip_000_frame_050.jpg": {
      "violence_prob": 0.26643043756484985
    },
    "clip_001_frame_000.jpg": {
      "violence_prob": 0.2835589349269867
    },
    "clip_001_frame_010.jpg": {
      "violence_prob": 0.2852080464363098
    },
    "clip_001_frame_020.jpg": {
      "violence_prob": 0.2952922582626343
    },
    "clip_001_frame_030.jpg": {
      "violence_prob": 0.27581462264060974
    },
    "clip_001_frame_040.jpg": {
      "violence_prob": 0.2738400399684906
    },
    "clip_001_frame_050.jpg": {
      "violence_prob": 0.2808719575405121
    }
  },
  "overall": {
    "avg_violence_prob": 0.2734014218052228,
    "max_violence_prob": 0.2952922582626343,
    "p95_violence_prob": 0.2897459417581558
  }
}