{
  "model": "jaranohaal/vit-base-violence-detection",
  "frames_dir": "/home/jovyan/kau-muhayu-multimodal-harmful-content-detect/임영재/팀원_라벨링_모델선정/결과_데이터_32/안지산/video_frames/비디오/alcohol__clips__6603425-uhd_4096_2160_25fps_53.50_107.00",
  "num_frames_total": 1300,
  "num_frames_used": 32,
  "per_frame": {
    "clip_000_frame_000.jpg": {
      "violence_prob": 0.14268480241298676
    },
    "clip_000_frame_041.jpg": {
      "violence_prob": 0.14221496880054474
    },
    "clip_001_frame_033.jpg": {
      "violence_prob": 0.1401739865541458
    },
    "clip_002_frame_025.jpg": {
      "violence_prob": 0.13865140080451965
    },
    "clip_003_frame_017.jpg": {
      "violence_prob": 0.138924703001976
    },
    "clip_004_frame_009.jpg": {
      "violence_prob": 0.1437063366174698
    },
    "clip_005_frame_001.jpg": {
      "violence_prob": 0.14297054708003998
    },
    "clip_005_frame_043.jpg": {
      "violence_prob": 0.14009535312652588
    },
    "clip_006_frame_035.jpg": {
      "violence_prob": 0.1416536569595337
    },
    "clip_007_frame_027.jpg": {
      "violence_prob": 0.14466829597949982
    },
    "clip_008_frame_019.jpg": {
      "violence_prob": 0.14034731686115265
    },
    "clip_009_frame_010.jpg": {
      "violence_prob": 0.14018547534942627
    },
    "clip_010_frame_002.jpg": {
      "violence_prob": 0.13855862617492676
    },
    "clip_010_frame_044.jpg": {
      "violence_prob": 0.13990503549575806
    },
    "clip_011_frame_036.jpg": {
      "violence_prob": 0.14093700051307678
    },
    "clip_012_frame_028.jpg": {
      "violence_prob": 0.1406857967376709
    },
    "clip_013_frame_020.jpg": {
      "violence_prob": 0.13835005462169647
    },
    "clip_014_frame_012.jpg": {
      "violence_prob": 0.13833551108837128
    },
    "clip_015_frame_004.jpg": {
      "violence_prob": 0.1410858929157257
    },
    "clip_015_frame_046.jpg": {
      "violence_prob": 0.14119644463062286
    },
    "clip_016_frame_038.jpg": {
      "violence_prob": 0.14311973750591278
    },
    "clip_017_frame_029.jpg": {
      "violence_prob": 0.1437692791223526
    },
    "clip_018_frame_021.jpg": {
      "violence_prob": 0.14155204594135284
    },
    "clip_019_frame_013.jpg": {
      "violence_prob": 0.14013172686100006
    },
    "clip_020_frame_005.jpg": {
      "violence_prob": 0.14580702781677246
    },
    "clip_020_frame_047.jpg": {
      "violence_prob": 0.14299649000167847
    },
    "clip_021_frame_039.jpg": {
      "violence_prob": 0.14436577260494232
    },
    "clip_022_frame_031.jpg": {
      "violence_prob": 0.14474672079086304
    },
    "clip_023_frame_023.jpg": {
      "violence_prob": 0.14383617043495178
    },
    "clip_024_frame_015.jpg": {
      "violence_prob": 0.14253708720207214
    },
    "clip_025_frame_007.jpg": {
      "violence_prob": 0.14459790289402008
    },
    "clip_025_frame_049.jpg": {
      "violence_prob": 0.1427311897277832
    }
  },
  "overall": {
    "avg_violence_prob": 0.14173507364466786,
    "max_violence_prob": 0.14580702781677246,
    "p95_violence_prob": 0.14470358714461326
  }
}