{
  "model": "jaranohaal/vit-base-violence-detection",
  "frames_dir": "/home/jovyan/kau-muhayu-multimodal-harmful-content-detect/임영재/팀원_라벨링_모델선정/결과_데이터_32/안지산/video_frames/안전비디오/clips__4769802-hd_1920_1080_25fps_2.27_4.54",
  "num_frames_total": 126,
  "num_frames_used": 32,
  "per_frame": {
    "clip_000_frame_000.jpg": {
      "violence_prob": 0.5041416883468628
    },
    "clip_000_frame_004.jpg": {
      "violence_prob": 0.5034040808677673
    },
    "clip_000_frame_008.jpg": {
      "violence_prob": 0.5043770670890808
    },
    "clip_000_frame_012.jpg": {
      "violence_prob": 0.5066071152687073
    },
    "clip_000_frame_016.jpg": {
      "violence_prob": 0.5045129656791687
    },
    "clip_000_frame_020.jpg": {
      "violence_prob": 0.5131251811981201
    },
    "clip_000_frame_024.jpg": {
      "violence_prob": 0.5131523609161377
    },
    "clip_000_frame_028.jpg": {
      "violence_prob": 0.5126767158508301
    },
    "clip_000_frame_032.jpg": {
      "violence_prob": 0.5042299628257751
    },
    "clip_000_frame_036.jpg": {
      "violence_prob": 0.5045087933540344
    },
    "clip_000_frame_040.jpg": {
      "violence_prob": 0.5052651166915894
    },
    "clip_000_frame_044.jpg": {
      "violence_prob": 0.5049713253974915
    },
    "clip_000_frame_048.jpg": {
      "violence_prob": 0.5093259215354919
    },
    "clip_000_frame_052.jpg": {
      "violence_prob": 0.5063292384147644
    },
    "clip_000_frame_056.jpg": {
      "violence_prob": 0.5034669637680054
    },
    "clip_000_frame_060.jpg": {
      "violence_prob": 0.5027081370353699
    },
    "clip_000_frame_064.jpg": {
      "violence_prob": 0.5028335452079773
    },
    "clip_000_frame_068.jpg": {
      "violence_prob": 0.5032538771629333
    },
    "clip_000_frame_072.jpg": {
      "violence_prob": 0.5043754577636719
    },
    "clip_000_frame_076.jpg": {
      "violence_prob": 0.5027620792388916
    },
    "clip_000_frame_080.jpg": {
      "violence_prob": 0.5028769969940186
    },
    "clip_000_frame_084.jpg": {
      "violence_prob": 0.5043706297874451
    },
    "clip_000_frame_088.jpg": {
      "violence_prob": 0.5056713223457336
    },
    "clip_000_frame_092.jpg": {
      "violence_prob": 0.5026614665985107
    },
    "clip_001_frame_003.jpg": {
      "violence_prob": 0.4936813414096832
    },
    "clip_001_frame_007.jpg": {
      "violence_prob": 0.4875136911869049
    },
    "clip_001_frame_011.jpg": {
      "violence_prob": 0.4908819794654846
    },
    "clip_001_frame_015.jpg": {
      "violence_prob": 0.4932410717010498
    },
    "clip_001_frame_019.jpg": {
      "violence_prob": 0.4972452223300934
    },
    "clip_001_frame_023.jpg": {
      "violence_prob": 0.5093544721603394
    },
    "clip_001_frame_027.jpg": {
      "violence_prob": 0.5101812481880188
    },
    "clip_001_frame_032.jpg": {
      "violence_prob": 0.49913671612739563
    }
  },
  "overall": {
    "avg_violence_prob": 0.5035263672471046,
    "max_violence_prob": 0.5131523609161377,
    "p95_violence_prob": 0.5128785252571106
  }
}