{
  "scores": {
    "clip": 0.3292623728513718,
    "vit": 0.2116008445620537,
    "slowfast": 0.13693013787269592,
    "audio": 0.0,
    "text": 0.0,
    "violence_stream": 0.13693013787269592,
    "final": 0.29826299652457244
  },
  "fusion_weights": {
    "clip": 0.8,
    "vit": 0.1,
    "violence": 0.1,
    "audio": 0.0,
    "text": 0.0
  },
  "thresholds": {
    "allow": 0.3,
    "review": 0.55,
    "block": 0.78
  },
  "decision": "ALLOW"
}