{
  "scores": {
    "clip": 0.15757081508636475,
    "vit": 0.09637204334139823,
    "slowfast": 0.037534575909376144,
    "audio": 0.0,
    "text": 0.0,
    "violence_stream": 0.037534575909376144,
    "final": 0.13944731399416924
  },
  "fusion_weights": {
    "clip": 0.8,
    "vit": 0.1,
    "violence": 0.1,
    "audio": 0.0,
    "text": 0.0
  },
  "thresholds": {
    "allow": 0.3,
    "review": 0.55,
    "block": 0.78
  },
  "decision": "ALLOW"
}