{
  "scores": {
    "clip": 0.8430254578590393,
    "vit": 0.39579115062952036,
    "slowfast": 0.07772807031869888,
    "audio": 0.0002932726638391614,
    "text": 0.0,
    "violence_stream": 0.07772807031869888,
    "final": 0.7217722883820534
  },
  "fusion_weights": {
    "clip": 0.8,
    "vit": 0.1,
    "violence": 0.1,
    "audio": 0.0,
    "text": 0.0
  },
  "thresholds": {
    "allow": 0.3,
    "review": 0.55,
    "block": 0.78
  },
  "decision": "REVIEW"
}