{
  "scores": {
    "clip": 0.546494996547699,
    "vit": 0.15772043019533158,
    "slowfast": 0.07110252231359482,
    "audio": 0.0,
    "text": 0.0,
    "violence_stream": 0.07110252231359482,
    "final": 0.4600782924890518
  },
  "fusion_weights": {
    "clip": 0.8,
    "vit": 0.1,
    "violence": 0.1,
    "audio": 0.0,
    "text": 0.0
  },
  "thresholds": {
    "allow": 0.3,
    "review": 0.55,
    "block": 0.78
  },
  "decision": "ALLOW"
}