{
  "model": "jaranohaal/vit-base-violence-detection",
  "frames_dir": "/home/jovyan/kau-muhayu-multimodal-harmful-content-detect/임영재/팀원_라벨링/팀원_데이터/video_frames/gNIohJfdvEc_0",
  "num_frames_total": 120,
  "num_frames_used": 12,
  "per_frame": {
    "clip_000_frame_000.jpg": {
      "violence_prob": 0.4448557198047638
    },
    "clip_000_frame_010.jpg": {
      "violence_prob": 0.3975851535797119
    },
    "clip_000_frame_020.jpg": {
      "violence_prob": 0.3519161343574524
    },
    "clip_000_frame_030.jpg": {
      "violence_prob": 0.3287625014781952
    },
    "clip_000_frame_040.jpg": {
      "violence_prob": 0.28674161434173584
    },
    "clip_000_frame_050.jpg": {
      "violence_prob": 0.27517974376678467
    },
    "clip_001_frame_000.jpg": {
      "violence_prob": 0.28334125876426697
    },
    "clip_001_frame_010.jpg": {
      "violence_prob": 0.31195902824401855
    },
    "clip_001_frame_020.jpg": {
      "violence_prob": 0.30496159195899963
    },
    "clip_001_frame_030.jpg": {
      "violence_prob": 0.3223143517971039
    },
    "clip_001_frame_040.jpg": {
      "violence_prob": 0.3181016147136688
    },
    "clip_001_frame_050.jpg": {
      "violence_prob": 0.284635990858078
    }
  },
  "overall": {
    "avg_violence_prob": 0.32586289197206497,
    "max_violence_prob": 0.4448557198047638,
    "p95_violence_prob": 0.4188569083809852
  }
}