{
  "scores": {
    "clip": 0.8027500510215759,
    "vit": 0.5261535346508026,
    "slowfast": 0.0,
    "audio": 0.0011663205223158002,
    "text": 0.0,
    "violence_stream": 0.0,
    "final": 0.4361046284437179
  },
  "fusion_weights": {
    "clip": 0.15,
    "vit": 0.6,
    "violence": 0.25,
    "audio": 0.0,
    "text": 0.0
  },
  "thresholds": {
    "allow": 0.3,
    "review": 0.55,
    "block": 0.78
  },
  "decision": "ALLOW"
}