{
  "model": "jaranohaal/vit-base-violence-detection",
  "frames_dir": "/home/jovyan/kau-muhayu-multimodal-harmful-content-detect/임영재/팀원_라벨링_모델선정/결과_데이터_32/박상원/video_frames/안전비디오/safe_video_022_sunset_timelaps",
  "num_frames_total": 239,
  "num_frames_used": 32,
  "per_frame": {
    "clip_000_frame_000.jpg": {
      "violence_prob": 0.17448697984218597
    },
    "clip_000_frame_007.jpg": {
      "violence_prob": 0.17509247362613678
    },
    "clip_000_frame_015.jpg": {
      "violence_prob": 0.1758037656545639
    },
    "clip_000_frame_023.jpg": {
      "violence_prob": 0.17559702694416046
    },
    "clip_000_frame_030.jpg": {
      "violence_prob": 0.17700369656085968
    },
    "clip_000_frame_038.jpg": {
      "violence_prob": 0.17734986543655396
    },
    "clip_000_frame_046.jpg": {
      "violence_prob": 0.17596787214279175
    },
    "clip_000_frame_053.jpg": {
      "violence_prob": 0.1760399043560028
    },
    "clip_001_frame_002.jpg": {
      "violence_prob": 0.1748146414756775
    },
    "clip_001_frame_010.jpg": {
      "violence_prob": 0.17324894666671753
    },
    "clip_001_frame_017.jpg": {
      "violence_prob": 0.17412513494491577
    },
    "clip_001_frame_025.jpg": {
      "violence_prob": 0.17206057906150818
    },
    "clip_001_frame_033.jpg": {
      "violence_prob": 0.17277653515338898
    },
    "clip_001_frame_040.jpg": {
      "violence_prob": 0.17211316525936127
    },
    "clip_001_frame_048.jpg": {
      "violence_prob": 0.17201970517635345
    },
    "clip_001_frame_056.jpg": {
      "violence_prob": 0.1698848456144333
    },
    "clip_002_frame_003.jpg": {
      "violence_prob": 0.1696893870830536
    },
    "clip_002_frame_011.jpg": {
      "violence_prob": 0.1697620004415512
    },
    "clip_002_frame_019.jpg": {
      "violence_prob": 0.16882972419261932
    },
    "clip_002_frame_026.jpg": {
      "violence_prob": 0.16779227554798126
    },
    "clip_002_frame_034.jpg": {
      "violence_prob": 0.16780713200569153
    },
    "clip_002_frame_042.jpg": {
      "violence_prob": 0.16689617931842804
    },
    "clip_002_frame_049.jpg": {
      "violence_prob": 0.16624939441680908
    },
    "clip_002_frame_057.jpg": {
      "violence_prob": 0.165810227394104
    },
    "clip_003_frame_005.jpg": {
      "violence_prob": 0.1660841554403305
    },
    "clip_003_frame_012.jpg": {
      "violence_prob": 0.1664944440126419
    },
    "clip_003_frame_020.jpg": {
      "violence_prob": 0.16558712720870972
    },
    "clip_003_frame_028.jpg": {
      "violence_prob": 0.16603361070156097
    },
    "clip_003_frame_035.jpg": {
      "violence_prob": 0.16603721678256989
    },
    "clip_003_frame_043.jpg": {
      "violence_prob": 0.16604676842689514
    },
    "clip_003_frame_051.jpg": {
      "violence_prob": 0.16556799411773682
    },
    "clip_003_frame_059.jpg": {
      "violence_prob": 0.16647931933403015
    }
  },
  "overall": {
    "avg_violence_prob": 0.17061100294813514,
    "max_violence_prob": 0.17734986543655396,
    "p95_violence_prob": 0.1764736108481884
  }
}