{
  "scores": {
    "clip": 0.8391561359167099,
    "vit": 0.11938997469842434,
    "slowfast": 0.0,
    "audio": 0.2713564932346344,
    "text": 0.0,
    "violence_stream": 0.0,
    "final": 0.6832639062032103
  },
  "fusion_weights": {
    "clip": 0.8,
    "vit": 0.1,
    "violence": 0.1,
    "audio": 0.0,
    "text": 0.0
  },
  "thresholds": {
    "allow": 0.3,
    "review": 0.55,
    "block": 0.78
  },
  "decision": "REVIEW"
}