{
  "model": "jaranohaal/vit-base-violence-detection",
  "frames_dir": "/home/jovyan/kau-muhayu-multimodal-harmful-content-detect/임영재/팀원_라벨링_모델선정/결과_데이터_training/팀원_데이터/video_frames/안전비디오/ajJRyYZUEtA_1",
  "num_frames_total": 120,
  "num_frames_used": 32,
  "per_frame": {
    "clip_000_frame_000.jpg": {
      "violence_prob": 0.10092438757419586
    },
    "clip_000_frame_003.jpg": {
      "violence_prob": 0.0999947190284729
    },
    "clip_000_frame_007.jpg": {
      "violence_prob": 0.10018795728683472
    },
    "clip_000_frame_011.jpg": {
      "violence_prob": 0.09704412519931793
    },
    "clip_000_frame_015.jpg": {
      "violence_prob": 0.09494701772928238
    },
    "clip_000_frame_019.jpg": {
      "violence_prob": 0.09837625920772552
    },
    "clip_000_frame_023.jpg": {
      "violence_prob": 0.1001291424036026
    },
    "clip_000_frame_026.jpg": {
      "violence_prob": 0.1002342626452446
    },
    "clip_000_frame_030.jpg": {
      "violence_prob": 0.09909012168645859
    },
    "clip_000_frame_034.jpg": {
      "violence_prob": 0.09566990286111832
    },
    "clip_000_frame_038.jpg": {
      "violence_prob": 0.09778706729412079
    },
    "clip_000_frame_042.jpg": {
      "violence_prob": 0.09969969838857651
    },
    "clip_000_frame_046.jpg": {
      "violence_prob": 0.10510553419589996
    },
    "clip_000_frame_049.jpg": {
      "violence_prob": 0.10565212368965149
    },
    "clip_000_frame_053.jpg": {
      "violence_prob": 0.10375770926475525
    },
    "clip_000_frame_057.jpg": {
      "violence_prob": 0.1008531004190445
    },
    "clip_001_frame_001.jpg": {
      "violence_prob": 0.09997643530368805
    },
    "clip_001_frame_005.jpg": {
      "violence_prob": 0.10394396632909775
    },
    "clip_001_frame_009.jpg": {
      "violence_prob": 0.1054578647017479
    },
    "clip_001_frame_012.jpg": {
      "violence_prob": 0.1010911762714386
    },
    "clip_001_frame_016.jpg": {
      "violence_prob": 0.09820091724395752
    },
    "clip_001_frame_020.jpg": {
      "violence_prob": 0.10023180395364761
    },
    "clip_001_frame_024.jpg": {
      "violence_prob": 0.10209609568119049
    },
    "clip_001_frame_028.jpg": {
      "violence_prob": 0.10198970884084702
    },
    "clip_001_frame_032.jpg": {
      "violence_prob": 0.09672504663467407
    },
    "clip_001_frame_035.jpg": {
      "violence_prob": 0.09741535782814026
    },
    "clip_001_frame_039.jpg": {
      "violence_prob": 0.09587117284536362
    },
    "clip_001_frame_043.jpg": {
      "violence_prob": 0.09407644718885422
    },
    "clip_001_frame_047.jpg": {
      "violence_prob": 0.09298975765705109
    },
    "clip_001_frame_051.jpg": {
      "violence_prob": 0.08832327276468277
    },
    "clip_001_frame_055.jpg": {
      "violence_prob": 0.09265389293432236
    },
    "clip_001_frame_059.jpg": {
      "violence_prob": 0.0940675362944603
    }
  },
  "overall": {
    "avg_violence_prob": 0.0988926119171083,
    "max_violence_prob": 0.10565212368965149,
    "p95_violence_prob": 0.10526408292353154
  }
}