{
  "scores": {
    "clip": 0.9187150031328202,
    "vit": 0.45137996375560757,
    "slowfast": 0.06504880636930466,
    "audio": 6.146246596472338e-05,
    "text": 0.0,
    "violence_stream": 0.06504880636930466,
    "final": 0.7866148795187474
  },
  "fusion_weights": {
    "clip": 0.8,
    "vit": 0.1,
    "violence": 0.1,
    "audio": 0.0,
    "text": 0.0
  },
  "thresholds": {
    "allow": 0.3,
    "review": 0.55,
    "block": 0.78
  },
  "decision": "BLOCK"
}