{
  "scores": {
    "clip": 0.333354564011097,
    "vit": 0.4135791018605232,
    "slowfast": 0.03358905017375946,
    "audio": 0.0,
    "text": 0.0,
    "violence_stream": 0.03358905017375946,
    "final": 0.3114004664123059
  },
  "fusion_weights": {
    "clip": 0.8,
    "vit": 0.1,
    "violence": 0.1,
    "audio": 0.0,
    "text": 0.0
  },
  "thresholds": {
    "allow": 0.3,
    "review": 0.55,
    "block": 0.78
  },
  "decision": "ALLOW"
}