{
  "model": "jaranohaal/vit-base-violence-detection",
  "frames_dir": "/home/jovyan/kau-muhayu-multimodal-harmful-content-detect/임영재/팀원_라벨링_모델선정/결과_데이터_32/안지산/video_frames/비디오/drugs__clips__7231670-uhd_2160_3840_25fps_0.00_11.44",
  "num_frames_total": 250,
  "num_frames_used": 32,
  "per_frame": {
    "clip_000_frame_000.jpg": {
      "violence_prob": 0.41855117678642273
    },
    "clip_000_frame_008.jpg": {
      "violence_prob": 0.3921912610530853
    },
    "clip_000_frame_016.jpg": {
      "violence_prob": 0.3719216287136078
    },
    "clip_000_frame_024.jpg": {
      "violence_prob": 0.346084326505661
    },
    "clip_000_frame_032.jpg": {
      "violence_prob": 0.3518441915512085
    },
    "clip_000_frame_040.jpg": {
      "violence_prob": 0.37111106514930725
    },
    "clip_000_frame_048.jpg": {
      "violence_prob": 0.3822028934955597
    },
    "clip_001_frame_006.jpg": {
      "violence_prob": 0.38895824551582336
    },
    "clip_001_frame_014.jpg": {
      "violence_prob": 0.4085198938846588
    },
    "clip_001_frame_022.jpg": {
      "violence_prob": 0.4106161296367645
    },
    "clip_001_frame_030.jpg": {
      "violence_prob": 0.38948386907577515
    },
    "clip_001_frame_038.jpg": {
      "violence_prob": 0.3667635917663574
    },
    "clip_001_frame_046.jpg": {
      "violence_prob": 0.3454478085041046
    },
    "clip_002_frame_004.jpg": {
      "violence_prob": 0.3257826268672943
    },
    "clip_002_frame_012.jpg": {
      "violence_prob": 0.3441162109375
    },
    "clip_002_frame_020.jpg": {
      "violence_prob": 0.3316006362438202
    },
    "clip_002_frame_028.jpg": {
      "violence_prob": 0.34796595573425293
    },
    "clip_002_frame_036.jpg": {
      "violence_prob": 0.34921330213546753
    },
    "clip_002_frame_044.jpg": {
      "violence_prob": 0.36811596155166626
    },
    "clip_003_frame_002.jpg": {
      "violence_prob": 0.40760087966918945
    },
    "clip_003_frame_010.jpg": {
      "violence_prob": 0.39529773592948914
    },
    "clip_003_frame_018.jpg": {
      "violence_prob": 0.3903810381889343
    },
    "clip_003_frame_026.jpg": {
      "violence_prob": 0.40682312846183777
    },
    "clip_003_frame_034.jpg": {
      "violence_prob": 0.3954397439956665
    },
    "clip_003_frame_042.jpg": {
      "violence_prob": 0.37099209427833557
    },
    "clip_004_frame_000.jpg": {
      "violence_prob": 0.35010582208633423
    },
    "clip_004_frame_008.jpg": {
      "violence_prob": 0.34216588735580444
    },
    "clip_004_frame_016.jpg": {
      "violence_prob": 0.3458426892757416
    },
    "clip_004_frame_024.jpg": {
      "violence_prob": 0.3540961742401123
    },
    "clip_004_frame_032.jpg": {
      "violence_prob": 0.35404255986213684
    },
    "clip_004_frame_040.jpg": {
      "violence_prob": 0.383095920085907
    },
    "clip_004_frame_049.jpg": {
      "violence_prob": 0.3749575614929199
    }
  },
  "overall": {
    "avg_violence_prob": 0.3712916253134608,
    "max_violence_prob": 0.41855117678642273,
    "p95_violence_prob": 0.4094631999731064
  }
}