{
  "scores": {
    "clip": 0.5911821126937865,
    "vit": 0.811533522605896,
    "slowfast": 0.0334538035094738,
    "audio": 0.0,
    "text": 0.31439337134361267,
    "violence_stream": 0.0334538035094738,
    "final": 0.5839608813449739
  },
  "fusion_weights": {
    "clip": 0.15,
    "vit": 0.6,
    "violence": 0.25,
    "audio": 0.0,
    "text": 0.0
  },
  "thresholds": {
    "allow": 0.3,
    "review": 0.55,
    "block": 0.78
  },
  "decision": "REVIEW"
}