{
  "model": "jaranohaal/vit-base-violence-detection",
  "frames_dir": "/home/jovyan/kau-muhayu-multimodal-harmful-content-detect/임영재/팀원_라벨링_모델선정/결과_데이터_32/박상원/video_frames/비디오/video_253_physical_violence",
  "num_frames_total": 180,
  "num_frames_used": 32,
  "per_frame": {
    "clip_000_frame_000.jpg": {
      "violence_prob": 0.15036679804325104
    },
    "clip_000_frame_005.jpg": {
      "violence_prob": 0.15013915300369263
    },
    "clip_000_frame_011.jpg": {
      "violence_prob": 0.1495905965566635
    },
    "clip_000_frame_017.jpg": {
      "violence_prob": 0.14890210330486298
    },
    "clip_000_frame_023.jpg": {
      "violence_prob": 0.14994202554225922
    },
    "clip_000_frame_028.jpg": {
      "violence_prob": 0.14747563004493713
    },
    "clip_000_frame_034.jpg": {
      "violence_prob": 0.14790408313274384
    },
    "clip_000_frame_040.jpg": {
      "violence_prob": 0.14896084368228912
    },
    "clip_000_frame_046.jpg": {
      "violence_prob": 0.14797785878181458
    },
    "clip_000_frame_051.jpg": {
      "violence_prob": 0.1492583453655243
    },
    "clip_000_frame_057.jpg": {
      "violence_prob": 0.15066927671432495
    },
    "clip_001_frame_003.jpg": {
      "violence_prob": 0.1515181064605713
    },
    "clip_001_frame_009.jpg": {
      "violence_prob": 0.1509055197238922
    },
    "clip_001_frame_015.jpg": {
      "violence_prob": 0.1506076604127884
    },
    "clip_001_frame_020.jpg": {
      "violence_prob": 0.14938043057918549
    },
    "clip_001_frame_026.jpg": {
      "violence_prob": 0.14853882789611816
    },
    "clip_001_frame_032.jpg": {
      "violence_prob": 0.14918167889118195
    },
    "clip_001_frame_038.jpg": {
      "violence_prob": 0.1506904810667038
    },
    "clip_001_frame_043.jpg": {
      "violence_prob": 0.15178975462913513
    },
    "clip_001_frame_049.jpg": {
      "violence_prob": 0.15190811455249786
    },
    "clip_001_frame_055.jpg": {
      "violence_prob": 0.14853541553020477
    },
    "clip_002_frame_001.jpg": {
      "violence_prob": 0.14886948466300964
    },
    "clip_002_frame_007.jpg": {
      "violence_prob": 0.14711083471775055
    },
    "clip_002_frame_012.jpg": {
      "violence_prob": 0.14890924096107483
    },
    "clip_002_frame_018.jpg": {
      "violence_prob": 0.14984029531478882
    },
    "clip_002_frame_024.jpg": {
      "violence_prob": 0.15066249668598175
    },
    "clip_002_frame_030.jpg": {
      "violence_prob": 0.1506153792142868
    },
    "clip_002_frame_035.jpg": {
      "violence_prob": 0.1504698246717453
    },
    "clip_002_frame_041.jpg": {
      "violence_prob": 0.14608602225780487
    },
    "clip_002_frame_047.jpg": {
      "violence_prob": 0.14447994530200958
    },
    "clip_002_frame_053.jpg": {
      "violence_prob": 0.144391730427742
    },
    "clip_002_frame_059.jpg": {
      "violence_prob": 0.14521704614162445
    }
  },
  "overall": {
    "avg_violence_prob": 0.1490904688835144,
    "max_violence_prob": 0.15190811455249786,
    "p95_violence_prob": 0.15164034813642502
  }
}