{
  "scores": {
    "clip": 0.5012633025646209,
    "vit": 0.11089432947337627,
    "slowfast": 0.0010916644241660833,
    "audio": 0.0001231009082403034,
    "text": 0.0,
    "violence_stream": 0.0010916644241660833,
    "final": 0.412209241441451
  },
  "fusion_weights": {
    "clip": 0.8,
    "vit": 0.1,
    "violence": 0.1,
    "audio": 0.0,
    "text": 0.0
  },
  "thresholds": {
    "allow": 0.3,
    "review": 0.55,
    "block": 0.78
  },
  "decision": "ALLOW"
}