{
  "model": "jaranohaal/vit-base-violence-detection",
  "frames_dir": "/home/jovyan/kau-muhayu-multimodal-harmful-content-detect/임영재/팀원_라벨링/팀원_데이터/video_frames/V_850",
  "num_frames_total": 120,
  "num_frames_used": 12,
  "per_frame": {
    "clip_000_frame_000.jpg": {
      "violence_prob": 0.4946315586566925
    },
    "clip_000_frame_010.jpg": {
      "violence_prob": 0.47728899121284485
    },
    "clip_000_frame_020.jpg": {
      "violence_prob": 0.4908650517463684
    },
    "clip_000_frame_030.jpg": {
      "violence_prob": 0.5260910391807556
    },
    "clip_000_frame_040.jpg": {
      "violence_prob": 0.5331618785858154
    },
    "clip_000_frame_050.jpg": {
      "violence_prob": 0.5296422839164734
    },
    "clip_001_frame_000.jpg": {
      "violence_prob": 0.5207103490829468
    },
    "clip_001_frame_010.jpg": {
      "violence_prob": 0.5015847682952881
    },
    "clip_001_frame_020.jpg": {
      "violence_prob": 0.49558544158935547
    },
    "clip_001_frame_030.jpg": {
      "violence_prob": 0.4937213063240051
    },
    "clip_001_frame_040.jpg": {
      "violence_prob": 0.4451143145561218
    },
    "clip_001_frame_050.jpg": {
      "violence_prob": 0.4732535481452942
    }
  },
  "overall": {
    "avg_violence_prob": 0.49847087760766345,
    "max_violence_prob": 0.5331618785858154,
    "p95_violence_prob": 0.5312261015176774
  }
}