{
  "model": "jaranohaal/vit-base-violence-detection",
  "frames_dir": "/home/jovyan/kau-muhayu-multimodal-harmful-content-detect/임영재/팀원_라벨링_모델선정/결과_데이터_training/팀원_데이터/video_frames/안전비디오/ycOdxOJt_0",
  "num_frames_total": 120,
  "num_frames_used": 32,
  "per_frame": {
    "clip_000_frame_000.jpg": {
      "violence_prob": 0.11526552587747574
    },
    "clip_000_frame_003.jpg": {
      "violence_prob": 0.11575096100568771
    },
    "clip_000_frame_007.jpg": {
      "violence_prob": 0.11538030952215195
    },
    "clip_000_frame_011.jpg": {
      "violence_prob": 0.11536072194576263
    },
    "clip_000_frame_015.jpg": {
      "violence_prob": 0.1153692901134491
    },
    "clip_000_frame_019.jpg": {
      "violence_prob": 0.114965058863163
    },
    "clip_000_frame_023.jpg": {
      "violence_prob": 0.11522593349218369
    },
    "clip_000_frame_026.jpg": {
      "violence_prob": 0.11540938913822174
    },
    "clip_000_frame_030.jpg": {
      "violence_prob": 0.1153172180056572
    },
    "clip_000_frame_034.jpg": {
      "violence_prob": 0.115427166223526
    },
    "clip_000_frame_038.jpg": {
      "violence_prob": 0.11526080965995789
    },
    "clip_000_frame_042.jpg": {
      "violence_prob": 0.115201935172081
    },
    "clip_000_frame_046.jpg": {
      "violence_prob": 0.11521880328655243
    },
    "clip_000_frame_049.jpg": {
      "violence_prob": 0.1151835098862648
    },
    "clip_000_frame_053.jpg": {
      "violence_prob": 0.11522054672241211
    },
    "clip_000_frame_057.jpg": {
      "violence_prob": 0.11509213596582413
    },
    "clip_001_frame_001.jpg": {
      "violence_prob": 0.11538956314325333
    },
    "clip_001_frame_005.jpg": {
      "violence_prob": 0.11521024256944656
    },
    "clip_001_frame_009.jpg": {
      "violence_prob": 0.11502045392990112
    },
    "clip_001_frame_012.jpg": {
      "violence_prob": 0.11514704674482346
    },
    "clip_001_frame_016.jpg": {
      "violence_prob": 0.11474049836397171
    },
    "clip_001_frame_020.jpg": {
      "violence_prob": 0.11458270996809006
    },
    "clip_001_frame_024.jpg": {
      "violence_prob": 0.11476092785596848
    },
    "clip_001_frame_028.jpg": {
      "violence_prob": 0.11441823095083237
    },
    "clip_001_frame_032.jpg": {
      "violence_prob": 0.11413819342851639
    },
    "clip_001_frame_035.jpg": {
      "violence_prob": 0.11439166963100433
    },
    "clip_001_frame_039.jpg": {
      "violence_prob": 0.11430820822715759
    },
    "clip_001_frame_043.jpg": {
      "violence_prob": 0.11491504311561584
    },
    "clip_001_frame_047.jpg": {
      "violence_prob": 0.11492234468460083
    },
    "clip_001_frame_051.jpg": {
      "violence_prob": 0.1150728091597557
    },
    "clip_001_frame_055.jpg": {
      "violence_prob": 0.1156599372625351
    },
    "clip_001_frame_059.jpg": {
      "violence_prob": 0.11551853269338608
    }
  },
  "overall": {
    "avg_violence_prob": 0.11508892895653844,
    "max_violence_prob": 0.11575096100568771,
    "p95_violence_prob": 0.11558216474950314
  }
}