{
  "scores": {
    "clip": 0.5128860145807266,
    "vit": 0.6251423180103302,
    "slowfast": 0.9957408905029297,
    "audio": 0.0,
    "text": 0.0,
    "violence_stream": 0.9957408905029297,
    "final": 0.7009535156190394
  },
  "fusion_weights": {
    "clip": 0.15,
    "vit": 0.6,
    "violence": 0.25,
    "audio": 0.0,
    "text": 0.0
  },
  "thresholds": {
    "allow": 0.3,
    "review": 0.55,
    "block": 0.78
  },
  "decision": "REVIEW"
}