{
  "scores": {
    "clip": 0.5419656664133072,
    "vit": 0.14776644259691238,
    "slowfast": 0.9316062927246094,
    "audio": 0.0,
    "text": 0.0,
    "violence_stream": 0.9316062927246094,
    "final": 0.5415098066627979
  },
  "fusion_weights": {
    "clip": 0.8,
    "vit": 0.1,
    "violence": 0.1,
    "audio": 0.0,
    "text": 0.0
  },
  "thresholds": {
    "allow": 0.3,
    "review": 0.55,
    "block": 0.78
  },
  "decision": "ALLOW"
}