{
  "model": "jaranohaal/vit-base-violence-detection",
  "frames_dir": "/home/jovyan/kau-muhayu-multimodal-harmful-content-detect/임영재/팀원_라벨링_모델선정/결과_데이터_32/임영재/video_frames/비디오/_2RYnSFPD_U_0",
  "num_frames_total": 120,
  "num_frames_used": 32,
  "per_frame": {
    "clip_000_frame_000.jpg": {
      "violence_prob": 0.36124956607818604
    },
    "clip_000_frame_003.jpg": {
      "violence_prob": 0.37673619389533997
    },
    "clip_000_frame_007.jpg": {
      "violence_prob": 0.39925438165664673
    },
    "clip_000_frame_011.jpg": {
      "violence_prob": 0.37771204113960266
    },
    "clip_000_frame_015.jpg": {
      "violence_prob": 0.3936530649662018
    },
    "clip_000_frame_019.jpg": {
      "violence_prob": 0.368549644947052
    },
    "clip_000_frame_023.jpg": {
      "violence_prob": 0.35933220386505127
    },
    "clip_000_frame_026.jpg": {
      "violence_prob": 0.37235602736473083
    },
    "clip_000_frame_030.jpg": {
      "violence_prob": 0.38094794750213623
    },
    "clip_000_frame_034.jpg": {
      "violence_prob": 0.4054853618144989
    },
    "clip_000_frame_038.jpg": {
      "violence_prob": 0.39961710572242737
    },
    "clip_000_frame_042.jpg": {
      "violence_prob": 0.3597413897514343
    },
    "clip_000_frame_046.jpg": {
      "violence_prob": 0.3104686141014099
    },
    "clip_000_frame_049.jpg": {
      "violence_prob": 0.37379664182662964
    },
    "clip_000_frame_053.jpg": {
      "violence_prob": 0.3896825313568115
    },
    "clip_000_frame_057.jpg": {
      "violence_prob": 0.410595566034317
    },
    "clip_001_frame_001.jpg": {
      "violence_prob": 0.34878554940223694
    },
    "clip_001_frame_005.jpg": {
      "violence_prob": 0.34949666261672974
    },
    "clip_001_frame_009.jpg": {
      "violence_prob": 0.33376839756965637
    },
    "clip_001_frame_012.jpg": {
      "violence_prob": 0.3490199148654938
    },
    "clip_001_frame_016.jpg": {
      "violence_prob": 0.33322012424468994
    },
    "clip_001_frame_020.jpg": {
      "violence_prob": 0.3425225615501404
    },
    "clip_001_frame_024.jpg": {
      "violence_prob": 0.340590238571167
    },
    "clip_001_frame_028.jpg": {
      "violence_prob": 0.34119418263435364
    },
    "clip_001_frame_032.jpg": {
      "violence_prob": 0.34264177083969116
    },
    "clip_001_frame_035.jpg": {
      "violence_prob": 0.35855263471603394
    },
    "clip_001_frame_039.jpg": {
      "violence_prob": 0.35626301169395447
    },
    "clip_001_frame_043.jpg": {
      "violence_prob": 0.3788886070251465
    },
    "clip_001_frame_047.jpg": {
      "violence_prob": 0.4013555347919464
    },
    "clip_001_frame_051.jpg": {
      "violence_prob": 0.43421822786331177
    },
    "clip_001_frame_055.jpg": {
      "violence_prob": 0.4270460307598114
    },
    "clip_001_frame_059.jpg": {
      "violence_prob": 0.3952496647834778
    }
  },
  "overall": {
    "avg_violence_prob": 0.3709997311234474,
    "max_violence_prob": 0.43421822786331177,
    "p95_violence_prob": 0.41799827516078947
  }
}