{
  "model": "jaranohaal/vit-base-violence-detection",
  "frames_dir": "/home/jovyan/kau-muhayu-multimodal-harmful-content-detect/임영재/팀원_라벨링_모델선정/결과_데이터_32/안지산/video_frames/비디오/violence__clips__4754212-uhd_2160_4096_25fps_11.44_22.88",
  "num_frames_total": 250,
  "num_frames_used": 32,
  "per_frame": {
    "clip_000_frame_000.jpg": {
      "violence_prob": 0.2853451669216156
    },
    "clip_000_frame_008.jpg": {
      "violence_prob": 0.10667791217565536
    },
    "clip_000_frame_016.jpg": {
      "violence_prob": 0.1311744749546051
    },
    "clip_000_frame_024.jpg": {
      "violence_prob": 0.0865057110786438
    },
    "clip_000_frame_032.jpg": {
      "violence_prob": 0.10399927198886871
    },
    "clip_000_frame_040.jpg": {
      "violence_prob": 0.14666064083576202
    },
    "clip_000_frame_048.jpg": {
      "violence_prob": 0.15760686993598938
    },
    "clip_001_frame_006.jpg": {
      "violence_prob": 0.22757697105407715
    },
    "clip_001_frame_014.jpg": {
      "violence_prob": 0.290985643863678
    },
    "clip_001_frame_022.jpg": {
      "violence_prob": 0.29971468448638916
    },
    "clip_001_frame_030.jpg": {
      "violence_prob": 0.32097673416137695
    },
    "clip_001_frame_038.jpg": {
      "violence_prob": 0.36841490864753723
    },
    "clip_001_frame_046.jpg": {
      "violence_prob": 0.358338326215744
    },
    "clip_002_frame_004.jpg": {
      "violence_prob": 0.2479255646467209
    },
    "clip_002_frame_012.jpg": {
      "violence_prob": 0.11198735982179642
    },
    "clip_002_frame_020.jpg": {
      "violence_prob": 0.08911412954330444
    },
    "clip_002_frame_028.jpg": {
      "violence_prob": 0.08455389738082886
    },
    "clip_002_frame_036.jpg": {
      "violence_prob": 0.08872214704751968
    },
    "clip_002_frame_044.jpg": {
      "violence_prob": 0.0859566479921341
    },
    "clip_003_frame_002.jpg": {
      "violence_prob": 0.09039294719696045
    },
    "clip_003_frame_010.jpg": {
      "violence_prob": 0.10230673104524612
    },
    "clip_003_frame_018.jpg": {
      "violence_prob": 0.09070195257663727
    },
    "clip_003_frame_026.jpg": {
      "violence_prob": 0.0887245163321495
    },
    "clip_003_frame_034.jpg": {
      "violence_prob": 0.08494773507118225
    },
    "clip_003_frame_042.jpg": {
      "violence_prob": 0.09627947956323624
    },
    "clip_004_frame_000.jpg": {
      "violence_prob": 0.13360752165317535
    },
    "clip_004_frame_008.jpg": {
      "violence_prob": 0.10553967207670212
    },
    "clip_004_frame_016.jpg": {
      "violence_prob": 0.12149813026189804
    },
    "clip_004_frame_024.jpg": {
      "violence_prob": 0.15194259583950043
    },
    "clip_004_frame_032.jpg": {
      "violence_prob": 0.16300040483474731
    },
    "clip_004_frame_040.jpg": {
      "violence_prob": 0.18556246161460876
    },
    "clip_004_frame_049.jpg": {
      "violence_prob": 0.08291340619325638
    }
  },
  "overall": {
    "avg_violence_prob": 0.15905170678161085,
    "max_violence_prob": 0.36841490864753723,
    "p95_violence_prob": 0.3377894505858421
  }
}