{
  "model": "jaranohaal/vit-base-violence-detection",
  "frames_dir": "/home/jovyan/kau-muhayu-multimodal-harmful-content-detect/임영재/팀원_라벨링_모델선정/결과_데이터_32/안지산/video_frames/비디오/smoking__clips__8427743-uhd_2160_3840_25fps_4.44_8.88",
  "num_frames_total": 100,
  "num_frames_used": 32,
  "per_frame": {
    "clip_000_frame_000.jpg": {
      "violence_prob": 0.1405094712972641
    },
    "clip_000_frame_003.jpg": {
      "violence_prob": 0.14157338440418243
    },
    "clip_000_frame_006.jpg": {
      "violence_prob": 0.14128310978412628
    },
    "clip_000_frame_009.jpg": {
      "violence_prob": 0.140772745013237
    },
    "clip_000_frame_012.jpg": {
      "violence_prob": 0.1408839225769043
    },
    "clip_000_frame_015.jpg": {
      "violence_prob": 0.1413472294807434
    },
    "clip_000_frame_019.jpg": {
      "violence_prob": 0.14088669419288635
    },
    "clip_000_frame_022.jpg": {
      "violence_prob": 0.14106906950473785
    },
    "clip_000_frame_025.jpg": {
      "violence_prob": 0.14100342988967896
    },
    "clip_000_frame_028.jpg": {
      "violence_prob": 0.14062955975532532
    },
    "clip_000_frame_031.jpg": {
      "violence_prob": 0.14010606706142426
    },
    "clip_000_frame_035.jpg": {
      "violence_prob": 0.13912348449230194
    },
    "clip_000_frame_038.jpg": {
      "violence_prob": 0.14098422229290009
    },
    "clip_000_frame_041.jpg": {
      "violence_prob": 0.1418808400630951
    },
    "clip_000_frame_044.jpg": {
      "violence_prob": 0.14154784381389618
    },
    "clip_000_frame_047.jpg": {
      "violence_prob": 0.14202691614627838
    },
    "clip_001_frame_001.jpg": {
      "violence_prob": 0.1421690136194229
    },
    "clip_001_frame_004.jpg": {
      "violence_prob": 0.1423376351594925
    },
    "clip_001_frame_007.jpg": {
      "violence_prob": 0.14314866065979004
    },
    "clip_001_frame_010.jpg": {
      "violence_prob": 0.14293482899665833
    },
    "clip_001_frame_013.jpg": {
      "violence_prob": 0.1427755057811737
    },
    "clip_001_frame_017.jpg": {
      "violence_prob": 0.14262200891971588
    },
    "clip_001_frame_020.jpg": {
      "violence_prob": 0.14144840836524963
    },
    "clip_001_frame_023.jpg": {
      "violence_prob": 0.14167527854442596
    },
    "clip_001_frame_026.jpg": {
      "violence_prob": 0.14079496264457703
    },
    "clip_001_frame_029.jpg": {
      "violence_prob": 0.14167355000972748
    },
    "clip_001_frame_033.jpg": {
      "violence_prob": 0.14299435913562775
    },
    "clip_001_frame_036.jpg": {
      "violence_prob": 0.14424221217632294
    },
    "clip_001_frame_039.jpg": {
      "violence_prob": 0.14494867622852325
    },
    "clip_001_frame_042.jpg": {
      "violence_prob": 0.14555056393146515
    },
    "clip_001_frame_045.jpg": {
      "violence_prob": 0.1455804407596588
    },
    "clip_001_frame_049.jpg": {
      "violence_prob": 0.14584533870220184
    }
  },
  "overall": {
    "avg_violence_prob": 0.14207404479384422,
    "max_violence_prob": 0.14584533870220184,
    "p95_violence_prob": 0.1455640085041523
  }
}