{
  "scores": {
    "clip": 0.8700988531112671,
    "vit": 0.12318528853356839,
    "slowfast": 0.0,
    "audio": 0.0,
    "text": 0.49340248107910156,
    "violence_stream": 0.0,
    "final": 0.2044260010868311
  },
  "fusion_weights": {
    "clip": 0.15,
    "vit": 0.6,
    "violence": 0.25,
    "audio": 0.0,
    "text": 0.0
  },
  "thresholds": {
    "allow": 0.3,
    "review": 0.55,
    "block": 0.78
  },
  "decision": "ALLOW"
}