{
  "scores": {
    "clip": 0.7932219356298446,
    "vit": 0.8608796805143356,
    "slowfast": 0.1461406648159027,
    "audio": 0.0,
    "text": 0.0,
    "violence_stream": 0.1461406648159027,
    "final": 0.6720462648570537
  },
  "fusion_weights": {
    "clip": 0.15,
    "vit": 0.6,
    "violence": 0.25,
    "audio": 0.0,
    "text": 0.0
  },
  "thresholds": {
    "allow": 0.3,
    "review": 0.55,
    "block": 0.78
  },
  "decision": "REVIEW"
}