{
  "model": "jaranohaal/vit-base-violence-detection",
  "frames_dir": "/home/jovyan/kau-muhayu-multimodal-harmful-content-detect/임영재/팀원_라벨링/팀원_데이터/video_frames/wetyh_1206",
  "num_frames_total": 120,
  "num_frames_used": 12,
  "per_frame": {
    "clip_000_frame_000.jpg": {
      "violence_prob": 0.25939151644706726
    },
    "clip_000_frame_010.jpg": {
      "violence_prob": 0.24967814981937408
    },
    "clip_000_frame_020.jpg": {
      "violence_prob": 0.3425663709640503
    },
    "clip_000_frame_030.jpg": {
      "violence_prob": 0.3772037625312805
    },
    "clip_000_frame_040.jpg": {
      "violence_prob": 0.45469433069229126
    },
    "clip_000_frame_050.jpg": {
      "violence_prob": 0.4314466118812561
    },
    "clip_001_frame_000.jpg": {
      "violence_prob": 0.4503155052661896
    },
    "clip_001_frame_010.jpg": {
      "violence_prob": 0.33302900195121765
    },
    "clip_001_frame_020.jpg": {
      "violence_prob": 0.38048526644706726
    },
    "clip_001_frame_030.jpg": {
      "violence_prob": 0.4015972316265106
    },
    "clip_001_frame_040.jpg": {
      "violence_prob": 0.40642061829566956
    },
    "clip_001_frame_050.jpg": {
      "violence_prob": 0.33404740691185
    }
  },
  "overall": {
    "avg_violence_prob": 0.3684063144028187,
    "max_violence_prob": 0.45469433069229126,
    "p95_violence_prob": 0.45228597670793536
  }
}