{
  "scores": {
    "clip": 0.5629730969667435,
    "vit": 0.5381927162408828,
    "slowfast": 0.0,
    "audio": 0.0,
    "text": 0.26736193895339966,
    "violence_stream": 0.0,
    "final": 0.4073615942895412
  },
  "fusion_weights": {
    "clip": 0.15,
    "vit": 0.6,
    "violence": 0.25,
    "audio": 0.0,
    "text": 0.0
  },
  "thresholds": {
    "allow": 0.3,
    "review": 0.55,
    "block": 0.78
  },
  "decision": "ALLOW"
}