{
  "model": "jaranohaal/vit-base-violence-detection",
  "frames_dir": "/home/jovyan/kau-muhayu-multimodal-harmful-content-detect/임영재/팀원_라벨링_모델선정/결과_데이터_training/팀원_데이터/video_frames/비디오/V_411",
  "num_frames_total": 60,
  "num_frames_used": 32,
  "per_frame": {
    "clip_000_frame_000.jpg": {
      "violence_prob": 0.12510865926742554
    },
    "clip_000_frame_001.jpg": {
      "violence_prob": 0.12115836143493652
    },
    "clip_000_frame_003.jpg": {
      "violence_prob": 0.1239803358912468
    },
    "clip_000_frame_005.jpg": {
      "violence_prob": 0.11447965353727341
    },
    "clip_000_frame_007.jpg": {
      "violence_prob": 0.1152920052409172
    },
    "clip_000_frame_009.jpg": {
      "violence_prob": 0.1185956746339798
    },
    "clip_000_frame_011.jpg": {
      "violence_prob": 0.12312514334917068
    },
    "clip_000_frame_013.jpg": {
      "violence_prob": 0.12295639514923096
    },
    "clip_000_frame_015.jpg": {
      "violence_prob": 0.1138608381152153
    },
    "clip_000_frame_017.jpg": {
      "violence_prob": 0.11479508131742477
    },
    "clip_000_frame_019.jpg": {
      "violence_prob": 0.1180339902639389
    },
    "clip_000_frame_020.jpg": {
      "violence_prob": 0.12976935505867004
    },
    "clip_000_frame_022.jpg": {
      "violence_prob": 0.1252928525209427
    },
    "clip_000_frame_024.jpg": {
      "violence_prob": 0.1302497386932373
    },
    "clip_000_frame_026.jpg": {
      "violence_prob": 0.1270039677619934
    },
    "clip_000_frame_028.jpg": {
      "violence_prob": 0.11721242219209671
    },
    "clip_000_frame_030.jpg": {
      "violence_prob": 0.11964476108551025
    },
    "clip_000_frame_032.jpg": {
      "violence_prob": 0.11836570501327515
    },
    "clip_000_frame_034.jpg": {
      "violence_prob": 0.12021606415510178
    },
    "clip_000_frame_036.jpg": {
      "violence_prob": 0.12077177315950394
    },
    "clip_000_frame_038.jpg": {
      "violence_prob": 0.12309876084327698
    },
    "clip_000_frame_039.jpg": {
      "violence_prob": 0.12233137339353561
    },
    "clip_000_frame_041.jpg": {
      "violence_prob": 0.1260950267314911
    },
    "clip_000_frame_043.jpg": {
      "violence_prob": 0.12776046991348267
    },
    "clip_000_frame_045.jpg": {
      "violence_prob": 0.12787273526191711
    },
    "clip_000_frame_047.jpg": {
      "violence_prob": 0.1307823657989502
    },
    "clip_000_frame_049.jpg": {
      "violence_prob": 0.12777738273143768
    },
    "clip_000_frame_051.jpg": {
      "violence_prob": 0.12643693387508392
    },
    "clip_000_frame_053.jpg": {
      "violence_prob": 0.12632305920124054
    },
    "clip_000_frame_055.jpg": {
      "violence_prob": 0.12649507820606232
    },
    "clip_000_frame_057.jpg": {
      "violence_prob": 0.12509779632091522
    },
    "clip_000_frame_059.jpg": {
      "violence_prob": 0.12417923659086227
    }
  },
  "overall": {
    "avg_violence_prob": 0.12294259364716709,
    "max_violence_prob": 0.1307823657989502,
    "p95_violence_prob": 0.1299855276942253
  }
}