{
  "scores": {
    "clip": 0.7936848223209381,
    "vit": 0.1580608978867531,
    "slowfast": 0.0,
    "audio": 0.0008093168726190925,
    "text": 0.0,
    "violence_stream": 0.0,
    "final": 0.6507539476454257
  },
  "fusion_weights": {
    "clip": 0.8,
    "vit": 0.1,
    "violence": 0.1,
    "audio": 0.0,
    "text": 0.0
  },
  "thresholds": {
    "allow": 0.3,
    "review": 0.55,
    "block": 0.78
  },
  "decision": "REVIEW"
}