{
  "model": "jaranohaal/vit-base-violence-detection",
  "frames_dir": "/home/jovyan/kau-muhayu-multimodal-harmful-content-detect/임영재/팀원_라벨링/팀원_데이터/video_frames/8SWZq5we_fk_0",
  "num_frames_total": 120,
  "num_frames_used": 12,
  "per_frame": {
    "clip_000_frame_000.jpg": {
      "violence_prob": 0.5936462879180908
    },
    "clip_000_frame_010.jpg": {
      "violence_prob": 0.5921696424484253
    },
    "clip_000_frame_020.jpg": {
      "violence_prob": 0.58934086561203
    },
    "clip_000_frame_030.jpg": {
      "violence_prob": 0.5881767868995667
    },
    "clip_000_frame_040.jpg": {
      "violence_prob": 0.5863483548164368
    },
    "clip_000_frame_050.jpg": {
      "violence_prob": 0.5858936905860901
    },
    "clip_001_frame_000.jpg": {
      "violence_prob": 0.5851026773452759
    },
    "clip_001_frame_010.jpg": {
      "violence_prob": 0.5875339508056641
    },
    "clip_001_frame_020.jpg": {
      "violence_prob": 0.5868018269538879
    },
    "clip_001_frame_030.jpg": {
      "violence_prob": 0.5847209692001343
    },
    "clip_001_frame_040.jpg": {
      "violence_prob": 0.5817821025848389
    },
    "clip_001_frame_050.jpg": {
      "violence_prob": 0.5834599733352661
    }
  },
  "overall": {
    "avg_violence_prob": 0.5870814273754755,
    "max_violence_prob": 0.5936462879180908,
    "p95_violence_prob": 0.5928341329097748
  }
}