{
  "model": "jaranohaal/vit-base-violence-detection",
  "frames_dir": "/home/jovyan/kau-muhayu-multimodal-harmful-content-detect/임영재/팀원_라벨링_모델선정/결과_데이터_32/안지산/video_frames/비디오/alcohol__clips__7265901-uhd_4096_2160_25fps_10.44_20.88",
  "num_frames_total": 250,
  "num_frames_used": 32,
  "per_frame": {
    "clip_000_frame_000.jpg": {
      "violence_prob": 0.15646614134311676
    },
    "clip_000_frame_008.jpg": {
      "violence_prob": 0.1564614325761795
    },
    "clip_000_frame_016.jpg": {
      "violence_prob": 0.15639866888523102
    },
    "clip_000_frame_024.jpg": {
      "violence_prob": 0.15626753866672516
    },
    "clip_000_frame_032.jpg": {
      "violence_prob": 0.15620164573192596
    },
    "clip_000_frame_040.jpg": {
      "violence_prob": 0.15605801343917847
    },
    "clip_000_frame_048.jpg": {
      "violence_prob": 0.15339304506778717
    },
    "clip_001_frame_006.jpg": {
      "violence_prob": 0.14992710947990417
    },
    "clip_001_frame_014.jpg": {
      "violence_prob": 0.1510758250951767
    },
    "clip_001_frame_022.jpg": {
      "violence_prob": 0.15209300816059113
    },
    "clip_001_frame_030.jpg": {
      "violence_prob": 0.15359926223754883
    },
    "clip_001_frame_038.jpg": {
      "violence_prob": 0.15300042927265167
    },
    "clip_001_frame_046.jpg": {
      "violence_prob": 0.1521775871515274
    },
    "clip_002_frame_004.jpg": {
      "violence_prob": 0.1546712964773178
    },
    "clip_002_frame_012.jpg": {
      "violence_prob": 0.15589846670627594
    },
    "clip_002_frame_020.jpg": {
      "violence_prob": 0.1570335030555725
    },
    "clip_002_frame_028.jpg": {
      "violence_prob": 0.15353472530841827
    },
    "clip_002_frame_036.jpg": {
      "violence_prob": 0.15322771668434143
    },
    "clip_002_frame_044.jpg": {
      "violence_prob": 0.1499370038509369
    },
    "clip_003_frame_002.jpg": {
      "violence_prob": 0.14399868249893188
    },
    "clip_003_frame_010.jpg": {
      "violence_prob": 0.14232666790485382
    },
    "clip_003_frame_018.jpg": {
      "violence_prob": 0.14241445064544678
    },
    "clip_003_frame_026.jpg": {
      "violence_prob": 0.1465391218662262
    },
    "clip_003_frame_034.jpg": {
      "violence_prob": 0.14398504793643951
    },
    "clip_003_frame_042.jpg": {
      "violence_prob": 0.14782239496707916
    },
    "clip_004_frame_000.jpg": {
      "violence_prob": 0.14784598350524902
    },
    "clip_004_frame_008.jpg": {
      "violence_prob": 0.14947502315044403
    },
    "clip_004_frame_016.jpg": {
      "violence_prob": 0.15154822170734406
    },
    "clip_004_frame_024.jpg": {
      "violence_prob": 0.1542351245880127
    },
    "clip_004_frame_032.jpg": {
      "violence_prob": 0.15346474945545197
    },
    "clip_004_frame_040.jpg": {
      "violence_prob": 0.15399420261383057
    },
    "clip_004_frame_049.jpg": {
      "violence_prob": 0.15254080295562744
    }
  },
  "overall": {
    "avg_violence_prob": 0.151800402905792,
    "max_violence_prob": 0.1570335030555725,
    "p95_violence_prob": 0.15646355152130126
  }
}