{
  "scores": {
    "clip": 0.8714479118585586,
    "vit": 0.13591608852148057,
    "slowfast": 0.0,
    "audio": 0.004372002556920052,
    "text": 0.0,
    "violence_stream": 0.0,
    "final": 0.710749938338995
  },
  "fusion_weights": {
    "clip": 0.8,
    "vit": 0.1,
    "violence": 0.1,
    "audio": 0.0,
    "text": 0.0
  },
  "thresholds": {
    "allow": 0.3,
    "review": 0.55,
    "block": 0.78
  },
  "decision": "REVIEW"
}