{
  "scores": {
    "clip": 0.7623408794403076,
    "vit": 0.4544107958674431,
    "slowfast": 0.0,
    "audio": 0.00028969693812541664,
    "text": 0.0,
    "violence_stream": 0.0,
    "final": 0.6553137831389904
  },
  "fusion_weights": {
    "clip": 0.8,
    "vit": 0.1,
    "violence": 0.1,
    "audio": 0.0,
    "text": 0.0
  },
  "thresholds": {
    "allow": 0.3,
    "review": 0.55,
    "block": 0.78
  },
  "decision": "REVIEW"
}