{
  "scores": {
    "clip": 0.6348702907562256,
    "vit": 0.10888204015791417,
    "slowfast": 0.0,
    "audio": 0.009537183679640293,
    "text": 0.0,
    "violence_stream": 0.0,
    "final": 0.5187844366207719
  },
  "fusion_weights": {
    "clip": 0.8,
    "vit": 0.1,
    "violence": 0.1,
    "audio": 0.0,
    "text": 0.0
  },
  "thresholds": {
    "allow": 0.3,
    "review": 0.55,
    "block": 0.78
  },
  "decision": "ALLOW"
}