{
  "scores": {
    "clip": 0.44974136501550666,
    "vit": 0.6758359551429749,
    "slowfast": 0.0,
    "audio": 0.0,
    "text": 0.6580604910850525,
    "violence_stream": 0.0,
    "final": 0.4729627778381109
  },
  "fusion_weights": {
    "clip": 0.15,
    "vit": 0.6,
    "violence": 0.25,
    "audio": 0.0,
    "text": 0.0
  },
  "thresholds": {
    "allow": 0.3,
    "review": 0.55,
    "block": 0.78
  },
  "decision": "ALLOW"
}