{
  "scores": {
    "clip": 0.7949373126029968,
    "vit": 0.5475412309169769,
    "slowfast": 0.1843971163034439,
    "audio": 0.0008565546595491469,
    "text": 0.020839858800172806,
    "violence_stream": 0.1843971163034439,
    "final": 0.49386461451649666
  },
  "fusion_weights": {
    "clip": 0.15,
    "vit": 0.6,
    "violence": 0.25,
    "audio": 0.0,
    "text": 0.0
  },
  "thresholds": {
    "allow": 0.3,
    "review": 0.55,
    "block": 0.78
  },
  "decision": "ALLOW"
}