{
  "scores": {
    "clip": 0.7883337438106537,
    "vit": 0.6922550797462463,
    "slowfast": 0.0,
    "audio": 0.0008565546595491469,
    "text": 0.020839858800172806,
    "violence_stream": 0.0,
    "final": 0.5336031094193459
  },
  "fusion_weights": {
    "clip": 0.15,
    "vit": 0.6,
    "violence": 0.25,
    "audio": 0.0,
    "text": 0.0
  },
  "thresholds": {
    "allow": 0.3,
    "review": 0.55,
    "block": 0.78
  },
  "decision": "ALLOW"
}