{
  "scores": {
    "clip": 0.5380436688661575,
    "vit": 0.16201674267649652,
    "slowfast": 0.00011687403457472101,
    "audio": 0.0,
    "text": 0.0,
    "violence_stream": 0.00011687403457472101,
    "final": 0.44664829676403317
  },
  "fusion_weights": {
    "clip": 0.8,
    "vit": 0.1,
    "violence": 0.1,
    "audio": 0.0,
    "text": 0.0
  },
  "thresholds": {
    "allow": 0.3,
    "review": 0.55,
    "block": 0.78
  },
  "decision": "ALLOW"
}