{
  "model": "jaranohaal/vit-base-violence-detection",
  "frames_dir": "/home/jovyan/kau-muhayu-multimodal-harmful-content-detect/임영재/팀원_라벨링_모델선정/결과_데이터_32/안지산/video_frames/안전비디오/clips__14766703_1920_1080_60fps_0.00_2.02",
  "num_frames_total": 284,
  "num_frames_used": 32,
  "per_frame": {
    "clip_000_frame_000.jpg": {
      "violence_prob": 0.15983042120933533
    },
    "clip_000_frame_009.jpg": {
      "violence_prob": 0.15868055820465088
    },
    "clip_000_frame_018.jpg": {
      "violence_prob": 0.1624417006969452
    },
    "clip_000_frame_027.jpg": {
      "violence_prob": 0.1596953421831131
    },
    "clip_000_frame_036.jpg": {
      "violence_prob": 0.16107480227947235
    },
    "clip_000_frame_045.jpg": {
      "violence_prob": 0.15987618267536163
    },
    "clip_000_frame_054.jpg": {
      "violence_prob": 0.16167248785495758
    },
    "clip_000_frame_063.jpg": {
      "violence_prob": 0.15920205414295197
    },
    "clip_000_frame_073.jpg": {
      "violence_prob": 0.15862824022769928
    },
    "clip_000_frame_082.jpg": {
      "violence_prob": 0.15703554451465607
    },
    "clip_000_frame_091.jpg": {
      "violence_prob": 0.15657827258110046
    },
    "clip_000_frame_100.jpg": {
      "violence_prob": 0.16107480227947235
    },
    "clip_000_frame_109.jpg": {
      "violence_prob": 0.15987618267536163
    },
    "clip_000_frame_118.jpg": {
      "violence_prob": 0.16167248785495758
    },
    "clip_000_frame_127.jpg": {
      "violence_prob": 0.15920205414295197
    },
    "clip_000_frame_136.jpg": {
      "violence_prob": 0.15877866744995117
    },
    "clip_000_frame_146.jpg": {
      "violence_prob": 0.15703554451465607
    },
    "clip_000_frame_155.jpg": {
      "violence_prob": 0.15657827258110046
    },
    "clip_000_frame_164.jpg": {
      "violence_prob": 0.15469616651535034
    },
    "clip_000_frame_173.jpg": {
      "violence_prob": 0.15458981692790985
    },
    "clip_000_frame_182.jpg": {
      "violence_prob": 0.15472379326820374
    },
    "clip_000_frame_191.jpg": {
      "violence_prob": 0.15226876735687256
    },
    "clip_000_frame_200.jpg": {
      "violence_prob": 0.15899817645549774
    },
    "clip_000_frame_209.jpg": {
      "violence_prob": 0.16243749856948853
    },
    "clip_000_frame_219.jpg": {
      "violence_prob": 0.1596953421831131
    },
    "clip_000_frame_228.jpg": {
      "violence_prob": 0.1598387360572815
    },
    "clip_000_frame_237.jpg": {
      "violence_prob": 0.15908807516098022
    },
    "clip_000_frame_246.jpg": {
      "violence_prob": 0.15643256902694702
    },
    "clip_000_frame_255.jpg": {
      "violence_prob": 0.15517660975456238
    },
    "clip_000_frame_264.jpg": {
      "violence_prob": 0.15476427972316742
    },
    "clip_000_frame_273.jpg": {
      "violence_prob": 0.15514416992664337
    },
    "clip_000_frame_283.jpg": {
      "violence_prob": 0.15364941954612732
    }
  },
  "overall": {
    "avg_violence_prob": 0.15813865745440125,
    "max_violence_prob": 0.1624417006969452,
    "p95_violence_prob": 0.16201674267649652
  }
}