{
  "model": "jaranohaal/vit-base-violence-detection",
  "frames_dir": "/home/jovyan/kau-muhayu-multimodal-harmful-content-detect/임영재/팀원_라벨링_모델선정/결과_데이터_32/안지산/video_frames/안전비디오/clips__4065927-uhd_2160_4096_25fps_5.30_7.95",
  "num_frames_total": 189,
  "num_frames_used": 32,
  "per_frame": {
    "clip_000_frame_000.jpg": {
      "violence_prob": 0.4705864489078522
    },
    "clip_000_frame_006.jpg": {
      "violence_prob": 0.4753454625606537
    },
    "clip_000_frame_012.jpg": {
      "violence_prob": 0.47391757369041443
    },
    "clip_000_frame_018.jpg": {
      "violence_prob": 0.47176823019981384
    },
    "clip_000_frame_024.jpg": {
      "violence_prob": 0.4748208224773407
    },
    "clip_000_frame_030.jpg": {
      "violence_prob": 0.47339463233947754
    },
    "clip_000_frame_036.jpg": {
      "violence_prob": 0.47230929136276245
    },
    "clip_000_frame_042.jpg": {
      "violence_prob": 0.4743405878543854
    },
    "clip_000_frame_048.jpg": {
      "violence_prob": 0.47710299491882324
    },
    "clip_000_frame_054.jpg": {
      "violence_prob": 0.4734583795070648
    },
    "clip_000_frame_060.jpg": {
      "violence_prob": 0.4737563133239746
    },
    "clip_000_frame_066.jpg": {
      "violence_prob": 0.4766560196876526
    },
    "clip_000_frame_072.jpg": {
      "violence_prob": 0.47421735525131226
    },
    "clip_000_frame_078.jpg": {
      "violence_prob": 0.4722624719142914
    },
    "clip_000_frame_084.jpg": {
      "violence_prob": 0.47526952624320984
    },
    "clip_000_frame_090.jpg": {
      "violence_prob": 0.4740179479122162
    },
    "clip_001_frame_003.jpg": {
      "violence_prob": 0.47211942076683044
    },
    "clip_001_frame_009.jpg": {
      "violence_prob": 0.47466692328453064
    },
    "clip_001_frame_015.jpg": {
      "violence_prob": 0.4733169972896576
    },
    "clip_001_frame_021.jpg": {
      "violence_prob": 0.47267669439315796
    },
    "clip_001_frame_027.jpg": {
      "violence_prob": 0.4738224744796753
    },
    "clip_001_frame_033.jpg": {
      "violence_prob": 0.4738112986087799
    },
    "clip_001_frame_039.jpg": {
      "violence_prob": 0.47299280762672424
    },
    "clip_001_frame_045.jpg": {
      "violence_prob": 0.4738224744796753
    },
    "clip_001_frame_051.jpg": {
      "violence_prob": 0.4738112986087799
    },
    "clip_001_frame_057.jpg": {
      "violence_prob": 0.47299280762672424
    },
    "clip_001_frame_063.jpg": {
      "violence_prob": 0.4744700789451599
    },
    "clip_001_frame_069.jpg": {
      "violence_prob": 0.4732789993286133
    },
    "clip_001_frame_075.jpg": {
      "violence_prob": 0.47376522421836853
    },
    "clip_001_frame_081.jpg": {
      "violence_prob": 0.4738224744796753
    },
    "clip_001_frame_087.jpg": {
      "violence_prob": 0.4738112986087799
    },
    "clip_001_frame_094.jpg": {
      "violence_prob": 0.4735718071460724
    }
  },
  "overall": {
    "avg_violence_prob": 0.47374928556382656,
    "max_violence_prob": 0.47710299491882324,
    "p95_violence_prob": 0.4759352132678032
  }
}