{
  "model": "jaranohaal/vit-base-violence-detection",
  "frames_dir": "/home/jovyan/kau-muhayu-multimodal-harmful-content-detect/임영재/팀원_라벨링_모델선정/결과_데이터_32/안지산/video_frames/비디오/weapons__clips__3169657-hd_1920_1080_25fps_6.90_13.80",
  "num_frames_total": 150,
  "num_frames_used": 32,
  "per_frame": {
    "clip_000_frame_000.jpg": {
      "violence_prob": 0.16445571184158325
    },
    "clip_000_frame_004.jpg": {
      "violence_prob": 0.16512417793273926
    },
    "clip_000_frame_009.jpg": {
      "violence_prob": 0.16482996940612793
    },
    "clip_000_frame_014.jpg": {
      "violence_prob": 0.16536790132522583
    },
    "clip_000_frame_019.jpg": {
      "violence_prob": 0.1651117354631424
    },
    "clip_000_frame_024.jpg": {
      "violence_prob": 0.16545000672340393
    },
    "clip_000_frame_028.jpg": {
      "violence_prob": 0.1651802808046341
    },
    "clip_000_frame_033.jpg": {
      "violence_prob": 0.16531772911548615
    },
    "clip_000_frame_038.jpg": {
      "violence_prob": 0.1648186594247818
    },
    "clip_000_frame_043.jpg": {
      "violence_prob": 0.16232118010520935
    },
    "clip_000_frame_048.jpg": {
      "violence_prob": 0.1987595409154892
    },
    "clip_001_frame_002.jpg": {
      "violence_prob": 0.24251656234264374
    },
    "clip_001_frame_007.jpg": {
      "violence_prob": 0.3070513606071472
    },
    "clip_001_frame_012.jpg": {
      "violence_prob": 0.369940847158432
    },
    "clip_001_frame_017.jpg": {
      "violence_prob": 0.1729211062192917
    },
    "clip_001_frame_022.jpg": {
      "violence_prob": 0.17753785848617554
    },
    "clip_001_frame_026.jpg": {
      "violence_prob": 0.17127422988414764
    },
    "clip_001_frame_031.jpg": {
      "violence_prob": 0.16371537744998932
    },
    "clip_001_frame_036.jpg": {
      "violence_prob": 0.16203449666500092
    },
    "clip_001_frame_041.jpg": {
      "violence_prob": 0.1650056093931198
    },
    "clip_001_frame_046.jpg": {
      "violence_prob": 0.16513432562351227
    },
    "clip_002_frame_000.jpg": {
      "violence_prob": 0.16429686546325684
    },
    "clip_002_frame_005.jpg": {
      "violence_prob": 0.1622355878353119
    },
    "clip_002_frame_010.jpg": {
      "violence_prob": 0.18002283573150635
    },
    "clip_002_frame_015.jpg": {
      "violence_prob": 0.20842167735099792
    },
    "clip_002_frame_020.jpg": {
      "violence_prob": 0.3001229763031006
    },
    "clip_002_frame_024.jpg": {
      "violence_prob": 0.310773640871048
    },
    "clip_002_frame_029.jpg": {
      "violence_prob": 0.32483503222465515
    },
    "clip_002_frame_034.jpg": {
      "violence_prob": 0.19999492168426514
    },
    "clip_002_frame_039.jpg": {
      "violence_prob": 0.17336896061897278
    },
    "clip_002_frame_044.jpg": {
      "violence_prob": 0.1698027104139328
    },
    "clip_002_frame_049.jpg": {
      "violence_prob": 0.15970246493816376
    }
  },
  "overall": {
    "avg_violence_prob": 0.19679519813507795,
    "max_violence_prob": 0.369940847158432,
    "p95_violence_prob": 0.3171012669801712
  }
}