{
  "model": "jaranohaal/vit-base-violence-detection",
  "frames_dir": "/home/jovyan/kau-muhayu-multimodal-harmful-content-detect/임영재/팀원_라벨링/팀원_데이터/video_frames/oM-goKOVjeU_1",
  "num_frames_total": 150,
  "num_frames_used": 15,
  "per_frame": {
    "clip_000_frame_000.jpg": {
      "violence_prob": 0.3839662969112396
    },
    "clip_000_frame_010.jpg": {
      "violence_prob": 0.37992870807647705
    },
    "clip_000_frame_020.jpg": {
      "violence_prob": 0.3683949112892151
    },
    "clip_000_frame_030.jpg": {
      "violence_prob": 0.37925124168395996
    },
    "clip_000_frame_040.jpg": {
      "violence_prob": 0.3918870985507965
    },
    "clip_000_frame_050.jpg": {
      "violence_prob": 0.38554635643959045
    },
    "clip_001_frame_000.jpg": {
      "violence_prob": 0.38852694630622864
    },
    "clip_001_frame_010.jpg": {
      "violence_prob": 0.3898037374019623
    },
    "clip_001_frame_020.jpg": {
      "violence_prob": 0.38690534234046936
    },
    "clip_001_frame_030.jpg": {
      "violence_prob": 0.3887324333190918
    },
    "clip_001_frame_040.jpg": {
      "violence_prob": 0.3910817801952362
    },
    "clip_001_frame_050.jpg": {
      "violence_prob": 0.3878730833530426
    },
    "clip_002_frame_000.jpg": {
      "violence_prob": 0.3908998668193817
    },
    "clip_002_frame_010.jpg": {
      "violence_prob": 0.38233262300491333
    },
    "clip_002_frame_020.jpg": {
      "violence_prob": 0.3847584128379822
    }
  },
  "overall": {
    "avg_violence_prob": 0.3853259225686391,
    "max_violence_prob": 0.3918870985507965,
    "p95_violence_prob": 0.3913233757019043
  }
}