{
  "model": "jaranohaal/vit-base-violence-detection",
  "frames_dir": "/home/jovyan/kau-muhayu-multimodal-harmful-content-detect/임영재/팀원_라벨링/팀원_데이터/video_frames/oM-goKOVjeU_1",
  "num_frames_total": 120,
  "num_frames_used": 12,
  "per_frame": {
    "clip_000_frame_000.jpg": {
      "violence_prob": 0.34881773591041565
    },
    "clip_000_frame_010.jpg": {
      "violence_prob": 0.3665826916694641
    },
    "clip_000_frame_020.jpg": {
      "violence_prob": 0.36869511008262634
    },
    "clip_000_frame_030.jpg": {
      "violence_prob": 0.34157052636146545
    },
    "clip_000_frame_040.jpg": {
      "violence_prob": 0.31771743297576904
    },
    "clip_000_frame_050.jpg": {
      "violence_prob": 0.32443058490753174
    },
    "clip_001_frame_000.jpg": {
      "violence_prob": 0.3206420838832855
    },
    "clip_001_frame_010.jpg": {
      "violence_prob": 0.3204418122768402
    },
    "clip_001_frame_020.jpg": {
      "violence_prob": 0.3191959857940674
    },
    "clip_001_frame_030.jpg": {
      "violence_prob": 0.31639689207077026
    },
    "clip_001_frame_040.jpg": {
      "violence_prob": 0.3152240812778473
    },
    "clip_001_frame_050.jpg": {
      "violence_prob": 0.31727784872055054
    }
  },
  "overall": {
    "avg_violence_prob": 0.3314160654942195,
    "max_violence_prob": 0.36869511008262634,
    "p95_violence_prob": 0.3675332799553871
  }
}