{
  "scores": {
    "clip": 0.49732220768928526,
    "vit": 0.09472722336649894,
    "slowfast": 0.07511455565690994,
    "audio": 0.0,
    "text": 0.0,
    "violence_stream": 0.07511455565690994,
    "final": 0.4148419440537691
  },
  "fusion_weights": {
    "clip": 0.8,
    "vit": 0.1,
    "violence": 0.1,
    "audio": 0.0,
    "text": 0.0
  },
  "thresholds": {
    "allow": 0.3,
    "review": 0.55,
    "block": 0.78
  },
  "decision": "ALLOW"
}