{
  "scores": {
    "clip": 0.7167094141244889,
    "vit": 0.2909615620970726,
    "slowfast": 0.14811712503433228,
    "audio": 0.0,
    "text": 0.0,
    "violence_stream": 0.14811712503433228,
    "final": 0.31911263063549994
  },
  "fusion_weights": {
    "clip": 0.15,
    "vit": 0.6,
    "violence": 0.25,
    "audio": 0.0,
    "text": 0.0
  },
  "thresholds": {
    "allow": 0.3,
    "review": 0.55,
    "block": 0.78
  },
  "decision": "ALLOW"
}