{
  "model": "jaranohaal/vit-base-violence-detection",
  "frames_dir": "/home/jovyan/kau-muhayu-multimodal-harmful-content-detect/임영재/팀원_라벨링/팀원_데이터/video_frames/NV_962",
  "num_frames_total": 145,
  "num_frames_used": 15,
  "per_frame": {
    "clip_000_frame_000.jpg": {
      "violence_prob": 0.4587637484073639
    },
    "clip_000_frame_010.jpg": {
      "violence_prob": 0.5073896050453186
    },
    "clip_000_frame_020.jpg": {
      "violence_prob": 0.43443942070007324
    },
    "clip_000_frame_030.jpg": {
      "violence_prob": 0.3781948983669281
    },
    "clip_000_frame_040.jpg": {
      "violence_prob": 0.44464579224586487
    },
    "clip_000_frame_050.jpg": {
      "violence_prob": 0.3363238573074341
    },
    "clip_001_frame_002.jpg": {
      "violence_prob": 0.41952624917030334
    },
    "clip_001_frame_012.jpg": {
      "violence_prob": 0.35965782403945923
    },
    "clip_001_frame_022.jpg": {
      "violence_prob": 0.36638855934143066
    },
    "clip_001_frame_032.jpg": {
      "violence_prob": 0.46143895387649536
    },
    "clip_001_frame_042.jpg": {
      "violence_prob": 0.4092816114425659
    },
    "clip_001_frame_052.jpg": {
      "violence_prob": 0.40048959851264954
    },
    "clip_002_frame_004.jpg": {
      "violence_prob": 0.4508216977119446
    },
    "clip_002_frame_014.jpg": {
      "violence_prob": 0.3558443486690521
    },
    "clip_002_frame_024.jpg": {
      "violence_prob": 0.3936413824558258
    }
  },
  "overall": {
    "avg_violence_prob": 0.4117898364861806,
    "max_violence_prob": 0.5073896050453186,
    "p95_violence_prob": 0.4752241492271423
  }
}