{
  "scores": {
    "clip": 0.9165174722671509,
    "vit": 0.38045694679021835,
    "slowfast": 0.2358103096485138,
    "audio": 0.0005887224106118083,
    "text": 0.0,
    "violence_stream": 0.2358103096485138,
    "final": 0.4247043663263321
  },
  "fusion_weights": {
    "clip": 0.15,
    "vit": 0.6,
    "violence": 0.25,
    "audio": 0.0,
    "text": 0.0
  },
  "thresholds": {
    "allow": 0.3,
    "review": 0.55,
    "block": 0.78
  },
  "decision": "ALLOW"
}