{
  "scores": {
    "clip": 0.5281344383955001,
    "vit": 0.16054286807775497,
    "slowfast": 0.06192152574658394,
    "audio": 0.0,
    "text": 0.0,
    "violence_stream": 0.06192152574658394,
    "final": 0.444753990098834
  },
  "fusion_weights": {
    "clip": 0.8,
    "vit": 0.1,
    "violence": 0.1,
    "audio": 0.0,
    "text": 0.0
  },
  "thresholds": {
    "allow": 0.3,
    "review": 0.55,
    "block": 0.78
  },
  "decision": "ALLOW"
}