{
  "scores": {
    "clip": 0.8576630204916,
    "vit": 0.21528879553079605,
    "slowfast": 0.0,
    "audio": 0.0015292487805709243,
    "text": 0.0,
    "violence_stream": 0.0,
    "final": 0.25782273039221765
  },
  "fusion_weights": {
    "clip": 0.15,
    "vit": 0.6,
    "violence": 0.25,
    "audio": 0.0,
    "text": 0.0
  },
  "thresholds": {
    "allow": 0.3,
    "review": 0.55,
    "block": 0.78
  },
  "decision": "ALLOW"
}