{
  "scores": {
    "clip": 0.3791129022836685,
    "vit": 0.13852543383836746,
    "slowfast": 0.0,
    "audio": 0.0007196437800303102,
    "text": 0.0,
    "violence_stream": 0.0,
    "final": 0.31714286521077156
  },
  "fusion_weights": {
    "clip": 0.8,
    "vit": 0.1,
    "violence": 0.1,
    "audio": 0.0,
    "text": 0.0
  },
  "thresholds": {
    "allow": 0.3,
    "review": 0.55,
    "block": 0.78
  },
  "decision": "ALLOW"
}