{
  "scores": {
    "clip": 0.8649458110332489,
    "vit": 0.5876968115568161,
    "slowfast": 0.6434611678123474,
    "audio": 0.010830520652234554,
    "text": 0.0,
    "violence_stream": 0.6434611678123474,
    "final": 0.6432252505421638
  },
  "fusion_weights": {
    "clip": 0.15,
    "vit": 0.6,
    "violence": 0.25,
    "audio": 0.0,
    "text": 0.0
  },
  "thresholds": {
    "allow": 0.3,
    "review": 0.55,
    "block": 0.78
  },
  "decision": "REVIEW"
}