{
  "model": "jaranohaal/vit-base-violence-detection",
  "frames_dir": "/home/jovyan/kau-muhayu-multimodal-harmful-content-detect/임영재/팀원_라벨링/팀원_데이터/video_frames/V_780",
  "num_frames_total": 120,
  "num_frames_used": 12,
  "per_frame": {
    "clip_000_frame_000.jpg": {
      "violence_prob": 0.6179136633872986
    },
    "clip_000_frame_010.jpg": {
      "violence_prob": 0.5390088558197021
    },
    "clip_000_frame_020.jpg": {
      "violence_prob": 0.5635808706283569
    },
    "clip_000_frame_030.jpg": {
      "violence_prob": 0.6632090210914612
    },
    "clip_000_frame_040.jpg": {
      "violence_prob": 0.7941933870315552
    },
    "clip_000_frame_050.jpg": {
      "violence_prob": 0.7076804041862488
    },
    "clip_001_frame_000.jpg": {
      "violence_prob": 0.8802000880241394
    },
    "clip_001_frame_010.jpg": {
      "violence_prob": 0.7141937017440796
    },
    "clip_001_frame_020.jpg": {
      "violence_prob": 0.6753111481666565
    },
    "clip_001_frame_030.jpg": {
      "violence_prob": 0.5766916871070862
    },
    "clip_001_frame_040.jpg": {
      "violence_prob": 0.5508911609649658
    },
    "clip_001_frame_050.jpg": {
      "violence_prob": 0.455689013004303
    }
  },
  "overall": {
    "avg_violence_prob": 0.6448802500963211,
    "max_violence_prob": 0.8802000880241394,
    "p95_violence_prob": 0.8328964024782181
  }
}