{
  "scores": {
    "clip": 0.9287427753210068,
    "vit": 0.12182346433401108,
    "slowfast": 0.0,
    "audio": 0.0005887224106118083,
    "text": 0.0,
    "violence_stream": 0.0,
    "final": 0.7551765666902066
  },
  "fusion_weights": {
    "clip": 0.8,
    "vit": 0.1,
    "violence": 0.1,
    "audio": 0.0,
    "text": 0.0
  },
  "thresholds": {
    "allow": 0.3,
    "review": 0.55,
    "block": 0.78
  },
  "decision": "REVIEW"
}