{
  "scores": {
    "clip": 0.719016432762146,
    "vit": 0.26677218079566956,
    "slowfast": 0.0,
    "audio": 0.0,
    "text": 0.007249148562550545,
    "violence_stream": 0.0,
    "final": 0.2679157733917236
  },
  "fusion_weights": {
    "clip": 0.15,
    "vit": 0.6,
    "violence": 0.25,
    "audio": 0.0,
    "text": 0.0
  },
  "thresholds": {
    "allow": 0.3,
    "review": 0.55,
    "block": 0.78
  },
  "decision": "ALLOW"
}