{
  "scores": {
    "clip": 0.7114764392375946,
    "vit": 0.3023598253726959,
    "slowfast": 0.0,
    "audio": 0.0,
    "text": 0.007249148562550545,
    "violence_stream": 0.0,
    "final": 0.2881373611092567
  },
  "fusion_weights": {
    "clip": 0.15,
    "vit": 0.6,
    "violence": 0.25,
    "audio": 0.0,
    "text": 0.0
  },
  "thresholds": {
    "allow": 0.3,
    "review": 0.55,
    "block": 0.78
  },
  "decision": "ALLOW"
}