{
  "model": "jaranohaal/vit-base-violence-detection",
  "frames_dir": "/home/jovyan/kau-muhayu-multimodal-harmful-content-detect/임영재/팀원_라벨링_모델선정/결과_데이터_32/안지산/video_frames/안전비디오/clips__3973312-uhd_3840_2160_25fps_6.14_9.21",
  "num_frames_total": 121,
  "num_frames_used": 32,
  "per_frame": {
    "clip_000_frame_000.jpg": {
      "violence_prob": 0.3749048113822937
    },
    "clip_000_frame_003.jpg": {
      "violence_prob": 0.3916335105895996
    },
    "clip_000_frame_007.jpg": {
      "violence_prob": 0.3780047595500946
    },
    "clip_000_frame_011.jpg": {
      "violence_prob": 0.38425758481025696
    },
    "clip_000_frame_015.jpg": {
      "violence_prob": 0.37288153171539307
    },
    "clip_000_frame_019.jpg": {
      "violence_prob": 0.39437800645828247
    },
    "clip_000_frame_023.jpg": {
      "violence_prob": 0.3771415054798126
    },
    "clip_000_frame_027.jpg": {
      "violence_prob": 0.3916335105895996
    },
    "clip_000_frame_030.jpg": {
      "violence_prob": 0.378761887550354
    },
    "clip_000_frame_034.jpg": {
      "violence_prob": 0.38360995054244995
    },
    "clip_000_frame_038.jpg": {
      "violence_prob": 0.3736150562763214
    },
    "clip_000_frame_042.jpg": {
      "violence_prob": 0.3896593451499939
    },
    "clip_000_frame_046.jpg": {
      "violence_prob": 0.39550289511680603
    },
    "clip_000_frame_050.jpg": {
      "violence_prob": 0.38271793723106384
    },
    "clip_000_frame_054.jpg": {
      "violence_prob": 0.3866044580936432
    },
    "clip_000_frame_058.jpg": {
      "violence_prob": 0.38037624955177307
    },
    "clip_000_frame_061.jpg": {
      "violence_prob": 0.38121160864830017
    },
    "clip_000_frame_065.jpg": {
      "violence_prob": 0.3834012746810913
    },
    "clip_000_frame_069.jpg": {
      "violence_prob": 0.3825753927230835
    },
    "clip_000_frame_073.jpg": {
      "violence_prob": 0.3842002749443054
    },
    "clip_000_frame_077.jpg": {
      "violence_prob": 0.3801596164703369
    },
    "clip_000_frame_081.jpg": {
      "violence_prob": 0.378643274307251
    },
    "clip_000_frame_085.jpg": {
      "violence_prob": 0.3838731646537781
    },
    "clip_000_frame_089.jpg": {
      "violence_prob": 0.39678940176963806
    },
    "clip_000_frame_092.jpg": {
      "violence_prob": 0.38215622305870056
    },
    "clip_000_frame_096.jpg": {
      "violence_prob": 0.3836009204387665
    },
    "clip_000_frame_100.jpg": {
      "violence_prob": 0.3835268020629883
    },
    "clip_000_frame_104.jpg": {
      "violence_prob": 0.38709235191345215
    },
    "clip_000_frame_108.jpg": {
      "violence_prob": 0.3900907635688782
    },
    "clip_000_frame_112.jpg": {
      "violence_prob": 0.38031435012817383
    },
    "clip_000_frame_116.jpg": {
      "violence_prob": 0.3883199691772461
    },
    "clip_000_frame_120.jpg": {
      "violence_prob": 0.39053407311439514
    }
  },
  "overall": {
    "avg_violence_prob": 0.38413038942962885,
    "max_violence_prob": 0.39678940176963806,
    "p95_violence_prob": 0.3948842063546181
  }
}