{
  "scores": {
    "clip": 0.8576357752084732,
    "vit": 0.31891937255859376,
    "slowfast": 0.0,
    "audio": 0.0013719708658754826,
    "text": 0.8067660927772522,
    "violence_stream": 0.0,
    "final": 0.3199969898164272
  },
  "fusion_weights": {
    "clip": 0.15,
    "vit": 0.6,
    "violence": 0.25,
    "audio": 0.0,
    "text": 0.0
  },
  "thresholds": {
    "allow": 0.3,
    "review": 0.55,
    "block": 0.78
  },
  "decision": "ALLOW"
}