{
  "model": "jaranohaal/vit-base-violence-detection",
  "frames_dir": "/home/jovyan/kau-muhayu-multimodal-harmful-content-detect/임영재/팀원_라벨링/팀원_데이터/video_frames/V_429",
  "num_frames_total": 120,
  "num_frames_used": 12,
  "per_frame": {
    "clip_000_frame_000.jpg": {
      "violence_prob": 0.7996425628662109
    },
    "clip_000_frame_010.jpg": {
      "violence_prob": 0.7514724731445312
    },
    "clip_000_frame_020.jpg": {
      "violence_prob": 0.7084103226661682
    },
    "clip_000_frame_030.jpg": {
      "violence_prob": 0.6528110504150391
    },
    "clip_000_frame_040.jpg": {
      "violence_prob": 0.6900051832199097
    },
    "clip_000_frame_050.jpg": {
      "violence_prob": 0.7683184742927551
    },
    "clip_001_frame_000.jpg": {
      "violence_prob": 0.7862411141395569
    },
    "clip_001_frame_010.jpg": {
      "violence_prob": 0.7673832774162292
    },
    "clip_001_frame_020.jpg": {
      "violence_prob": 0.7905757427215576
    },
    "clip_001_frame_030.jpg": {
      "violence_prob": 0.7560571432113647
    },
    "clip_001_frame_040.jpg": {
      "violence_prob": 0.7423669099807739
    },
    "clip_001_frame_050.jpg": {
      "violence_prob": 0.7272839546203613
    }
  },
  "overall": {
    "avg_violence_prob": 0.7450473507245382,
    "max_violence_prob": 0.7996425628662109,
    "p95_violence_prob": 0.7946558117866516
  }
}