{
  "scores": {
    "clip": 0.5093140810728073,
    "vit": 0.11863409616053104,
    "slowfast": 0.007168622687458992,
    "audio": 0.0,
    "text": 0.0,
    "violence_stream": 0.007168622687458992,
    "final": 0.42003153674304483
  },
  "fusion_weights": {
    "clip": 0.8,
    "vit": 0.1,
    "violence": 0.1,
    "audio": 0.0,
    "text": 0.0
  },
  "thresholds": {
    "allow": 0.3,
    "review": 0.55,
    "block": 0.78
  },
  "decision": "ALLOW"
}