{
  "model": "jaranohaal/vit-base-violence-detection",
  "frames_dir": "/home/jovyan/kau-muhayu-multimodal-harmful-content-detect/임영재/팀원_라벨링_모델선정/결과_데이터_32/안지산/video_frames/안전비디오/clips__14785179_2160_3840_24fps_5.00_7.51",
  "num_frames_total": 354,
  "num_frames_used": 32,
  "per_frame": {
    "clip_000_frame_000.jpg": {
      "violence_prob": 0.0997694581747055
    },
    "clip_000_frame_011.jpg": {
      "violence_prob": 0.10972973704338074
    },
    "clip_000_frame_022.jpg": {
      "violence_prob": 0.09859447926282883
    },
    "clip_000_frame_034.jpg": {
      "violence_prob": 0.08272979408502579
    },
    "clip_000_frame_045.jpg": {
      "violence_prob": 0.12300209701061249
    },
    "clip_000_frame_056.jpg": {
      "violence_prob": 0.11506027728319168
    },
    "clip_000_frame_068.jpg": {
      "violence_prob": 0.10569500923156738
    },
    "clip_000_frame_079.jpg": {
      "violence_prob": 0.09243101626634598
    },
    "clip_000_frame_091.jpg": {
      "violence_prob": 0.09514617174863815
    },
    "clip_000_frame_102.jpg": {
      "violence_prob": 0.09903267025947571
    },
    "clip_000_frame_113.jpg": {
      "violence_prob": 0.10260788351297379
    },
    "clip_000_frame_125.jpg": {
      "violence_prob": 0.09988865256309509
    },
    "clip_000_frame_136.jpg": {
      "violence_prob": 0.1006239727139473
    },
    "clip_000_frame_148.jpg": {
      "violence_prob": 0.10973155498504639
    },
    "clip_000_frame_159.jpg": {
      "violence_prob": 0.10541615635156631
    },
    "clip_001_frame_009.jpg": {
      "violence_prob": 0.09407461434602737
    },
    "clip_001_frame_021.jpg": {
      "violence_prob": 0.09599205106496811
    },
    "clip_001_frame_032.jpg": {
      "violence_prob": 0.09905222058296204
    },
    "clip_001_frame_043.jpg": {
      "violence_prob": 0.10265447944402695
    },
    "clip_001_frame_055.jpg": {
      "violence_prob": 0.10082489997148514
    },
    "clip_001_frame_066.jpg": {
      "violence_prob": 0.0997694581747055
    },
    "clip_001_frame_078.jpg": {
      "violence_prob": 0.10697907209396362
    },
    "clip_001_frame_089.jpg": {
      "violence_prob": 0.10537093877792358
    },
    "clip_001_frame_100.jpg": {
      "violence_prob": 0.1011534184217453
    },
    "clip_001_frame_112.jpg": {
      "violence_prob": 0.10413829982280731
    },
    "clip_001_frame_123.jpg": {
      "violence_prob": 0.09425055980682373
    },
    "clip_001_frame_135.jpg": {
      "violence_prob": 0.09890543669462204
    },
    "clip_001_frame_146.jpg": {
      "violence_prob": 0.12730936706066132
    },
    "clip_001_frame_157.jpg": {
      "violence_prob": 0.10552837699651718
    },
    "clip_002_frame_008.jpg": {
      "violence_prob": 0.10123065859079361
    },
    "clip_002_frame_019.jpg": {
      "violence_prob": 0.10526351630687714
    },
    "clip_002_frame_031.jpg": {
      "violence_prob": 0.09971842169761658
    }
  },
  "overall": {
    "avg_violence_prob": 0.10255233501084149,
    "max_violence_prob": 0.12730936706066132,
    "p95_violence_prob": 0.11863409616053104
  }
}