{
  "scores": {
    "clip": 0.8823761314153671,
    "vit": 0.6127345770597458,
    "slowfast": 0.0,
    "audio": 0.0,
    "text": 0.13988423347473145,
    "violence_stream": 0.0,
    "final": 0.4999971659481525
  },
  "fusion_weights": {
    "clip": 0.15,
    "vit": 0.6,
    "violence": 0.25,
    "audio": 0.0,
    "text": 0.0
  },
  "thresholds": {
    "allow": 0.3,
    "review": 0.55,
    "block": 0.78
  },
  "decision": "ALLOW"
}