{
  "model": "jaranohaal/vit-base-violence-detection",
  "frames_dir": "/home/jovyan/kau-muhayu-multimodal-harmful-content-detect/임영재/팀원_라벨링_모델선정/결과_데이터_training/팀원_데이터/video_frames/안전비디오/NV_551",
  "num_frames_total": 100,
  "num_frames_used": 32,
  "per_frame": {
    "clip_000_frame_000.jpg": {
      "violence_prob": 0.14704963564872742
    },
    "clip_000_frame_003.jpg": {
      "violence_prob": 0.14818605780601501
    },
    "clip_000_frame_006.jpg": {
      "violence_prob": 0.15044139325618744
    },
    "clip_000_frame_009.jpg": {
      "violence_prob": 0.14628586173057556
    },
    "clip_000_frame_012.jpg": {
      "violence_prob": 0.1485872119665146
    },
    "clip_000_frame_015.jpg": {
      "violence_prob": 0.14910010993480682
    },
    "clip_000_frame_019.jpg": {
      "violence_prob": 0.14914438128471375
    },
    "clip_000_frame_022.jpg": {
      "violence_prob": 0.15147237479686737
    },
    "clip_000_frame_025.jpg": {
      "violence_prob": 0.1510249823331833
    },
    "clip_000_frame_028.jpg": {
      "violence_prob": 0.15173476934432983
    },
    "clip_000_frame_031.jpg": {
      "violence_prob": 0.1522092968225479
    },
    "clip_000_frame_035.jpg": {
      "violence_prob": 0.15868569910526276
    },
    "clip_000_frame_038.jpg": {
      "violence_prob": 0.15656910836696625
    },
    "clip_000_frame_041.jpg": {
      "violence_prob": 0.1567671000957489
    },
    "clip_000_frame_044.jpg": {
      "violence_prob": 0.15607137978076935
    },
    "clip_000_frame_047.jpg": {
      "violence_prob": 0.1560988873243332
    },
    "clip_001_frame_001.jpg": {
      "violence_prob": 0.15490491688251495
    },
    "clip_001_frame_004.jpg": {
      "violence_prob": 0.15742100775241852
    },
    "clip_001_frame_007.jpg": {
      "violence_prob": 0.15384766459465027
    },
    "clip_001_frame_010.jpg": {
      "violence_prob": 0.15705546736717224
    },
    "clip_001_frame_013.jpg": {
      "violence_prob": 0.15202221274375916
    },
    "clip_001_frame_017.jpg": {
      "violence_prob": 0.15446095168590546
    },
    "clip_001_frame_020.jpg": {
      "violence_prob": 0.1565084606409073
    },
    "clip_001_frame_023.jpg": {
      "violence_prob": 0.15458044409751892
    },
    "clip_001_frame_026.jpg": {
      "violence_prob": 0.15574710071086884
    },
    "clip_001_frame_029.jpg": {
      "violence_prob": 0.15356795489788055
    },
    "clip_001_frame_033.jpg": {
      "violence_prob": 0.15604017674922943
    },
    "clip_001_frame_036.jpg": {
      "violence_prob": 0.15581290423870087
    },
    "clip_001_frame_039.jpg": {
      "violence_prob": 0.15468056499958038
    },
    "clip_001_frame_042.jpg": {
      "violence_prob": 0.1557430773973465
    },
    "clip_001_frame_045.jpg": {
      "violence_prob": 0.15540851652622223
    },
    "clip_001_frame_049.jpg": {
      "violence_prob": 0.15558931231498718
    }
  },
  "overall": {
    "avg_violence_prob": 0.15352559322491288,
    "max_violence_prob": 0.15868569910526276,
    "p95_violence_prob": 0.15721996054053305
  }
}