{
  "model": "jaranohaal/vit-base-violence-detection",
  "frames_dir": "/home/jovyan/kau-muhayu-multimodal-harmful-content-detect/임영재/팀원_라벨링_모델선정/결과_데이터_32/임영재/video_frames/비디오/V_640",
  "num_frames_total": 119,
  "num_frames_used": 32,
  "per_frame": {
    "clip_000_frame_000.jpg": {
      "violence_prob": 0.34342655539512634
    },
    "clip_000_frame_003.jpg": {
      "violence_prob": 0.35480377078056335
    },
    "clip_000_frame_007.jpg": {
      "violence_prob": 0.3563649654388428
    },
    "clip_000_frame_011.jpg": {
      "violence_prob": 0.25559553503990173
    },
    "clip_000_frame_015.jpg": {
      "violence_prob": 0.1595895141363144
    },
    "clip_000_frame_019.jpg": {
      "violence_prob": 0.1257583200931549
    },
    "clip_000_frame_022.jpg": {
      "violence_prob": 0.1460847556591034
    },
    "clip_000_frame_026.jpg": {
      "violence_prob": 0.13742250204086304
    },
    "clip_000_frame_030.jpg": {
      "violence_prob": 0.1253989338874817
    },
    "clip_000_frame_034.jpg": {
      "violence_prob": 0.13114400207996368
    },
    "clip_000_frame_038.jpg": {
      "violence_prob": 0.13661082088947296
    },
    "clip_000_frame_041.jpg": {
      "violence_prob": 0.16102467477321625
    },
    "clip_000_frame_045.jpg": {
      "violence_prob": 0.1657610982656479
    },
    "clip_000_frame_049.jpg": {
      "violence_prob": 0.2470090538263321
    },
    "clip_000_frame_053.jpg": {
      "violence_prob": 0.41187822818756104
    },
    "clip_000_frame_057.jpg": {
      "violence_prob": 0.30550628900527954
    },
    "clip_001_frame_001.jpg": {
      "violence_prob": 0.14859522879123688
    },
    "clip_001_frame_005.jpg": {
      "violence_prob": 0.13772019743919373
    },
    "clip_001_frame_009.jpg": {
      "violence_prob": 0.2255411595106125
    },
    "clip_001_frame_013.jpg": {
      "violence_prob": 0.42205944657325745
    },
    "clip_001_frame_017.jpg": {
      "violence_prob": 0.4223824143409729
    },
    "clip_001_frame_020.jpg": {
      "violence_prob": 0.3069687485694885
    },
    "clip_001_frame_024.jpg": {
      "violence_prob": 0.297983318567276
    },
    "clip_001_frame_028.jpg": {
      "violence_prob": 0.48992735147476196
    },
    "clip_001_frame_032.jpg": {
      "violence_prob": 0.5213114023208618
    },
    "clip_001_frame_036.jpg": {
      "violence_prob": 0.5194114446640015
    },
    "clip_001_frame_039.jpg": {
      "violence_prob": 0.52559494972229
    },
    "clip_001_frame_043.jpg": {
      "violence_prob": 0.49166733026504517
    },
    "clip_001_frame_047.jpg": {
      "violence_prob": 0.4047033488750458
    },
    "clip_001_frame_051.jpg": {
      "violence_prob": 0.3067387640476227
    },
    "clip_001_frame_055.jpg": {
      "violence_prob": 0.25276145339012146
    },
    "clip_001_frame_059.jpg": {
      "violence_prob": 0.22441838681697845
    }
  },
  "overall": {
    "avg_violence_prob": 0.28941137390211225,
    "max_violence_prob": 0.52559494972229,
    "p95_violence_prob": 0.5202664256095886
  }
}