{
  "scores": {
    "clip": 0.566016548871994,
    "vit": 0.38579325377941126,
    "slowfast": 0.12858319282531738,
    "audio": 0.0,
    "text": 0.0,
    "violence_stream": 0.12858319282531738,
    "final": 0.5042508837580681
  },
  "fusion_weights": {
    "clip": 0.8,
    "vit": 0.1,
    "violence": 0.1,
    "audio": 0.0,
    "text": 0.0
  },
  "thresholds": {
    "allow": 0.3,
    "review": 0.55,
    "block": 0.78
  },
  "decision": "ALLOW"
}