{
  "scores": {
    "clip": 0.7726148158311844,
    "vit": 0.13250240907073021,
    "slowfast": 0.05498933047056198,
    "audio": 0.0,
    "text": 0.0,
    "violence_stream": 0.05498933047056198,
    "final": 0.6368410266190768
  },
  "fusion_weights": {
    "clip": 0.8,
    "vit": 0.1,
    "violence": 0.1,
    "audio": 0.0,
    "text": 0.0
  },
  "thresholds": {
    "allow": 0.3,
    "review": 0.55,
    "block": 0.78
  },
  "decision": "REVIEW"
}