{
  "scores": {
    "clip": 0.6202774047851562,
    "vit": 0.14796065166592598,
    "slowfast": 0.03900093585252762,
    "audio": 0.0,
    "text": 0.0,
    "violence_stream": 0.03900093585252762,
    "final": 0.5149180825799704
  },
  "fusion_weights": {
    "clip": 0.8,
    "vit": 0.1,
    "violence": 0.1,
    "audio": 0.0,
    "text": 0.0
  },
  "thresholds": {
    "allow": 0.3,
    "review": 0.55,
    "block": 0.78
  },
  "decision": "ALLOW"
}