{
  "model": "jaranohaal/vit-base-violence-detection",
  "frames_dir": "/home/jovyan/kau-muhayu-multimodal-harmful-content-detect/임영재/팀원_라벨링_모델선정/결과_데이터_32/박상원/video_frames/비디오/video_111_weapon_threat",
  "num_frames_total": 500,
  "num_frames_used": 32,
  "per_frame": {
    "clip_000_frame_000.jpg": {
      "violence_prob": 0.13748891651630402
    },
    "clip_000_frame_016.jpg": {
      "violence_prob": 0.13667301833629608
    },
    "clip_000_frame_032.jpg": {
      "violence_prob": 0.13736076653003693
    },
    "clip_000_frame_048.jpg": {
      "violence_prob": 0.14012232422828674
    },
    "clip_001_frame_014.jpg": {
      "violence_prob": 0.14161257445812225
    },
    "clip_001_frame_030.jpg": {
      "violence_prob": 0.14056915044784546
    },
    "clip_001_frame_046.jpg": {
      "violence_prob": 0.14115546643733978
    },
    "clip_002_frame_012.jpg": {
      "violence_prob": 0.13888077437877655
    },
    "clip_002_frame_028.jpg": {
      "violence_prob": 0.13988758623600006
    },
    "clip_002_frame_044.jpg": {
      "violence_prob": 0.14209255576133728
    },
    "clip_003_frame_010.jpg": {
      "violence_prob": 0.14481478929519653
    },
    "clip_003_frame_027.jpg": {
      "violence_prob": 0.14571791887283325
    },
    "clip_003_frame_043.jpg": {
      "violence_prob": 0.14483481645584106
    },
    "clip_004_frame_009.jpg": {
      "violence_prob": 0.14468635618686676
    },
    "clip_004_frame_025.jpg": {
      "violence_prob": 0.14692620933055878
    },
    "clip_004_frame_041.jpg": {
      "violence_prob": 0.1455734819173813
    },
    "clip_005_frame_007.jpg": {
      "violence_prob": 0.1468740552663803
    },
    "clip_005_frame_023.jpg": {
      "violence_prob": 0.14570355415344238
    },
    "clip_005_frame_039.jpg": {
      "violence_prob": 0.14689886569976807
    },
    "clip_006_frame_005.jpg": {
      "violence_prob": 0.14702872931957245
    },
    "clip_006_frame_021.jpg": {
      "violence_prob": 0.14804641902446747
    },
    "clip_006_frame_038.jpg": {
      "violence_prob": 0.1452774852514267
    },
    "clip_007_frame_004.jpg": {
      "violence_prob": 0.1450597643852234
    },
    "clip_007_frame_020.jpg": {
      "violence_prob": 0.14587917923927307
    },
    "clip_007_frame_036.jpg": {
      "violence_prob": 0.14815670251846313
    },
    "clip_008_frame_002.jpg": {
      "violence_prob": 0.14789047837257385
    },
    "clip_008_frame_018.jpg": {
      "violence_prob": 0.14552421867847443
    },
    "clip_008_frame_034.jpg": {
      "violence_prob": 0.14451107382774353
    },
    "clip_009_frame_000.jpg": {
      "violence_prob": 0.14692464470863342
    },
    "clip_009_frame_016.jpg": {
      "violence_prob": 0.14601977169513702
    },
    "clip_009_frame_032.jpg": {
      "violence_prob": 0.14603011310100555
    },
    "clip_009_frame_049.jpg": {
      "violence_prob": 0.146605983376503
    }
  },
  "overall": {
    "avg_violence_prob": 0.1440883670002222,
    "max_violence_prob": 0.14815670251846313,
    "p95_violence_prob": 0.14796065166592598
  }
}