{
  "model": "jaranohaal/vit-base-violence-detection",
  "frames_dir": "/home/jovyan/kau-muhayu-multimodal-harmful-content-detect/임영재/팀원_라벨링/팀원_데이터/video_frames/Assault009_x264_1",
  "num_frames_total": 120,
  "num_frames_used": 12,
  "per_frame": {
    "clip_000_frame_000.jpg": {
      "violence_prob": 0.4360249638557434
    },
    "clip_000_frame_010.jpg": {
      "violence_prob": 0.44768282771110535
    },
    "clip_000_frame_020.jpg": {
      "violence_prob": 0.4476194679737091
    },
    "clip_000_frame_030.jpg": {
      "violence_prob": 0.46099719405174255
    },
    "clip_000_frame_040.jpg": {
      "violence_prob": 0.45958489179611206
    },
    "clip_000_frame_050.jpg": {
      "violence_prob": 0.45709240436553955
    },
    "clip_001_frame_000.jpg": {
      "violence_prob": 0.4639952480792999
    },
    "clip_001_frame_010.jpg": {
      "violence_prob": 0.44950246810913086
    },
    "clip_001_frame_020.jpg": {
      "violence_prob": 0.44964927434921265
    },
    "clip_001_frame_030.jpg": {
      "violence_prob": 0.4487416446208954
    },
    "clip_001_frame_040.jpg": {
      "violence_prob": 0.4468507766723633
    },
    "clip_001_frame_050.jpg": {
      "violence_prob": 0.4439290463924408
    }
  },
  "overall": {
    "avg_violence_prob": 0.4509725173314412,
    "max_violence_prob": 0.4639952480792999,
    "p95_violence_prob": 0.46234631836414336
  }
}