{
  "scores": {
    "clip": 0.7791348934173584,
    "vit": 0.8147715002298355,
    "slowfast": 0.0,
    "audio": 0.00035935925552621484,
    "text": 0.8360116481781006,
    "violence_stream": 0.0,
    "final": 0.605733134150505
  },
  "fusion_weights": {
    "clip": 0.15,
    "vit": 0.6,
    "violence": 0.25,
    "audio": 0.0,
    "text": 0.0
  },
  "thresholds": {
    "allow": 0.3,
    "review": 0.55,
    "block": 0.78
  },
  "decision": "REVIEW"
}