{
  "model": "jaranohaal/vit-base-violence-detection",
  "frames_dir": "/home/jovyan/kau-muhayu-multimodal-harmful-content-detect/임영재/팀원_라벨링/팀원_데이터/video_frames/V_763",
  "num_frames_total": 119,
  "num_frames_used": 12,
  "per_frame": {
    "clip_000_frame_000.jpg": {
      "violence_prob": 0.8131272792816162
    },
    "clip_000_frame_010.jpg": {
      "violence_prob": 0.8167811036109924
    },
    "clip_000_frame_020.jpg": {
      "violence_prob": 0.8089424967765808
    },
    "clip_000_frame_030.jpg": {
      "violence_prob": 0.8073990941047668
    },
    "clip_000_frame_040.jpg": {
      "violence_prob": 0.7193973064422607
    },
    "clip_000_frame_050.jpg": {
      "violence_prob": 0.578872561454773
    },
    "clip_001_frame_001.jpg": {
      "violence_prob": 0.41356542706489563
    },
    "clip_001_frame_011.jpg": {
      "violence_prob": 0.5291874408721924
    },
    "clip_001_frame_021.jpg": {
      "violence_prob": 0.35651516914367676
    },
    "clip_001_frame_031.jpg": {
      "violence_prob": 0.4441525340080261
    },
    "clip_001_frame_041.jpg": {
      "violence_prob": 0.45455312728881836
    },
    "clip_001_frame_051.jpg": {
      "violence_prob": 0.380096971988678
    }
  },
  "overall": {
    "avg_violence_prob": 0.5935492093364397,
    "max_violence_prob": 0.8167811036109924,
    "p95_violence_prob": 0.8147715002298355
  }
}