{
  "model": "jaranohaal/vit-base-violence-detection",
  "frames_dir": "/home/jovyan/kau-muhayu-multimodal-harmful-content-detect/임영재/팀원_라벨링/팀원_데이터/video_frames/YaWxiAtCwxE_5",
  "num_frames_total": 120,
  "num_frames_used": 12,
  "per_frame": {
    "clip_000_frame_000.jpg": {
      "violence_prob": 0.4569709300994873
    },
    "clip_000_frame_010.jpg": {
      "violence_prob": 0.45980915427207947
    },
    "clip_000_frame_020.jpg": {
      "violence_prob": 0.46965402364730835
    },
    "clip_000_frame_030.jpg": {
      "violence_prob": 0.4602317810058594
    },
    "clip_000_frame_040.jpg": {
      "violence_prob": 0.5128522515296936
    },
    "clip_000_frame_050.jpg": {
      "violence_prob": 0.5510441064834595
    },
    "clip_001_frame_000.jpg": {
      "violence_prob": 0.5092071890830994
    },
    "clip_001_frame_010.jpg": {
      "violence_prob": 0.47976770997047424
    },
    "clip_001_frame_020.jpg": {
      "violence_prob": 0.48507633805274963
    },
    "clip_001_frame_030.jpg": {
      "violence_prob": 0.5166662931442261
    },
    "clip_001_frame_040.jpg": {
      "violence_prob": 0.511918842792511
    },
    "clip_001_frame_050.jpg": {
      "violence_prob": 0.5057021379470825
    }
  },
  "overall": {
    "avg_violence_prob": 0.4932417298356692,
    "max_violence_prob": 0.5510441064834595,
    "p95_violence_prob": 0.532136309146881
  }
}