{
  "model": "jaranohaal/vit-base-violence-detection",
  "frames_dir": "/home/jovyan/kau-muhayu-multimodal-harmful-content-detect/임영재/팀원_라벨링_모델선정/결과_데이터_32/안지산/video_frames/비디오/sexual__clips__6522399-uhd_2160_3840_25fps_0.00_7.22",
  "num_frames_total": 150,
  "num_frames_used": 32,
  "per_frame": {
    "clip_000_frame_000.jpg": {
      "violence_prob": 0.33751243352890015
    },
    "clip_000_frame_004.jpg": {
      "violence_prob": 0.3316449224948883
    },
    "clip_000_frame_009.jpg": {
      "violence_prob": 0.32612305879592896
    },
    "clip_000_frame_014.jpg": {
      "violence_prob": 0.3268265426158905
    },
    "clip_000_frame_019.jpg": {
      "violence_prob": 0.33840274810791016
    },
    "clip_000_frame_024.jpg": {
      "violence_prob": 0.32156726717948914
    },
    "clip_000_frame_028.jpg": {
      "violence_prob": 0.32564547657966614
    },
    "clip_000_frame_033.jpg": {
      "violence_prob": 0.33603745698928833
    },
    "clip_000_frame_038.jpg": {
      "violence_prob": 0.3315524756908417
    },
    "clip_000_frame_043.jpg": {
      "violence_prob": 0.3345755338668823
    },
    "clip_000_frame_048.jpg": {
      "violence_prob": 0.3398076295852661
    },
    "clip_001_frame_002.jpg": {
      "violence_prob": 0.33719468116760254
    },
    "clip_001_frame_007.jpg": {
      "violence_prob": 0.3346270024776459
    },
    "clip_001_frame_012.jpg": {
      "violence_prob": 0.33691754937171936
    },
    "clip_001_frame_017.jpg": {
      "violence_prob": 0.3311696946620941
    },
    "clip_001_frame_022.jpg": {
      "violence_prob": 0.3282281160354614
    },
    "clip_001_frame_026.jpg": {
      "violence_prob": 0.33133357763290405
    },
    "clip_001_frame_031.jpg": {
      "violence_prob": 0.3305760622024536
    },
    "clip_001_frame_036.jpg": {
      "violence_prob": 0.3299204707145691
    },
    "clip_001_frame_041.jpg": {
      "violence_prob": 0.3288165032863617
    },
    "clip_001_frame_046.jpg": {
      "violence_prob": 0.3412587642669678
    },
    "clip_002_frame_000.jpg": {
      "violence_prob": 0.335117369890213
    },
    "clip_002_frame_005.jpg": {
      "violence_prob": 0.337494432926178
    },
    "clip_002_frame_010.jpg": {
      "violence_prob": 0.3273199200630188
    },
    "clip_002_frame_015.jpg": {
      "violence_prob": 0.3224189281463623
    },
    "clip_002_frame_020.jpg": {
      "violence_prob": 0.3117751181125641
    },
    "clip_002_frame_024.jpg": {
      "violence_prob": 0.31714704632759094
    },
    "clip_002_frame_029.jpg": {
      "violence_prob": 0.31942078471183777
    },
    "clip_002_frame_034.jpg": {
      "violence_prob": 0.3158596456050873
    },
    "clip_002_frame_039.jpg": {
      "violence_prob": 0.3171815872192383
    },
    "clip_002_frame_044.jpg": {
      "violence_prob": 0.3096909821033478
    },
    "clip_002_frame_049.jpg": {
      "violence_prob": 0.31553366780281067
    }
  },
  "overall": {
    "avg_violence_prob": 0.32839679531753063,
    "max_violence_prob": 0.3412587642669678,
    "p95_violence_prob": 0.33903494477272034
  }
}