{
  "model": "jaranohaal/vit-base-violence-detection",
  "frames_dir": "/home/jovyan/kau-muhayu-multimodal-harmful-content-detect/임영재/팀원_라벨링_모델선정/결과_데이터_training/팀원_데이터/video_frames/비디오/V_123",
  "num_frames_total": 120,
  "num_frames_used": 32,
  "per_frame": {
    "clip_000_frame_000.jpg": {
      "violence_prob": 0.10284682363271713
    },
    "clip_000_frame_003.jpg": {
      "violence_prob": 0.10089226812124252
    },
    "clip_000_frame_007.jpg": {
      "violence_prob": 0.10251109302043915
    },
    "clip_000_frame_011.jpg": {
      "violence_prob": 0.10005415230989456
    },
    "clip_000_frame_015.jpg": {
      "violence_prob": 0.10268402099609375
    },
    "clip_000_frame_019.jpg": {
      "violence_prob": 0.10090834647417068
    },
    "clip_000_frame_023.jpg": {
      "violence_prob": 0.10027793794870377
    },
    "clip_000_frame_026.jpg": {
      "violence_prob": 0.1000673919916153
    },
    "clip_000_frame_030.jpg": {
      "violence_prob": 0.10095557570457458
    },
    "clip_000_frame_034.jpg": {
      "violence_prob": 0.09875653684139252
    },
    "clip_000_frame_038.jpg": {
      "violence_prob": 0.09984766691923141
    },
    "clip_000_frame_042.jpg": {
      "violence_prob": 0.09987501800060272
    },
    "clip_000_frame_046.jpg": {
      "violence_prob": 0.099390409886837
    },
    "clip_000_frame_049.jpg": {
      "violence_prob": 0.0974864736199379
    },
    "clip_000_frame_053.jpg": {
      "violence_prob": 0.09781929105520248
    },
    "clip_000_frame_057.jpg": {
      "violence_prob": 0.09701000154018402
    },
    "clip_001_frame_001.jpg": {
      "violence_prob": 0.09645698964595795
    },
    "clip_001_frame_005.jpg": {
      "violence_prob": 0.09440542012453079
    },
    "clip_001_frame_009.jpg": {
      "violence_prob": 0.09591396152973175
    },
    "clip_001_frame_012.jpg": {
      "violence_prob": 0.09515932202339172
    },
    "clip_001_frame_016.jpg": {
      "violence_prob": 0.09513432532548904
    },
    "clip_001_frame_020.jpg": {
      "violence_prob": 0.09494846314191818
    },
    "clip_001_frame_024.jpg": {
      "violence_prob": 0.09547333419322968
    },
    "clip_001_frame_028.jpg": {
      "violence_prob": 0.09478543698787689
    },
    "clip_001_frame_032.jpg": {
      "violence_prob": 0.09639616310596466
    },
    "clip_001_frame_035.jpg": {
      "violence_prob": 0.09636594355106354
    },
    "clip_001_frame_039.jpg": {
      "violence_prob": 0.098269522190094
    },
    "clip_001_frame_043.jpg": {
      "violence_prob": 0.09692974388599396
    },
    "clip_001_frame_047.jpg": {
      "violence_prob": 0.09981364011764526
    },
    "clip_001_frame_051.jpg": {
      "violence_prob": 0.09881901741027832
    },
    "clip_001_frame_055.jpg": {
      "violence_prob": 0.09732808917760849
    },
    "clip_001_frame_059.jpg": {
      "violence_prob": 0.10314375907182693
    }
  },
  "overall": {
    "avg_violence_prob": 0.09846019186079502,
    "max_violence_prob": 0.10314375907182693,
    "p95_violence_prob": 0.10275728218257427
  }
}