{
  "scores": {
    "clip": 0.4803321063518524,
    "vit": 0.5334763586521148,
    "slowfast": 0.9999586343765259,
    "audio": 0.0,
    "text": 0.0,
    "violence_stream": 0.9999586343765259,
    "final": 0.6421252897381782
  },
  "fusion_weights": {
    "clip": 0.15,
    "vit": 0.6,
    "violence": 0.25,
    "audio": 0.0,
    "text": 0.0
  },
  "thresholds": {
    "allow": 0.3,
    "review": 0.55,
    "block": 0.78
  },
  "decision": "REVIEW"
}