{
  "model": "jaranohaal/vit-base-violence-detection",
  "frames_dir": "/home/jovyan/kau-muhayu-multimodal-harmful-content-detect/임영재/팀원_라벨링/팀원_데이터/video_frames/NV_514",
  "num_frames_total": 116,
  "num_frames_used": 12,
  "per_frame": {
    "clip_000_frame_000.jpg": {
      "violence_prob": 0.5915231108665466
    },
    "clip_000_frame_010.jpg": {
      "violence_prob": 0.5661587715148926
    },
    "clip_000_frame_020.jpg": {
      "violence_prob": 0.5641549229621887
    },
    "clip_000_frame_030.jpg": {
      "violence_prob": 0.54029381275177
    },
    "clip_000_frame_040.jpg": {
      "violence_prob": 0.5090819597244263
    },
    "clip_000_frame_050.jpg": {
      "violence_prob": 0.577328085899353
    },
    "clip_001_frame_002.jpg": {
      "violence_prob": 0.5372536778450012
    },
    "clip_001_frame_012.jpg": {
      "violence_prob": 0.5552167296409607
    },
    "clip_001_frame_022.jpg": {
      "violence_prob": 0.5626758337020874
    },
    "clip_001_frame_032.jpg": {
      "violence_prob": 0.5575509071350098
    },
    "clip_001_frame_042.jpg": {
      "violence_prob": 0.5780077576637268
    },
    "clip_001_frame_052.jpg": {
      "violence_prob": 0.5824338793754578
    }
  },
  "overall": {
    "avg_violence_prob": 0.5601399540901184,
    "max_violence_prob": 0.5915231108665466,
    "p95_violence_prob": 0.5865240335464478
  }
}