{
  "model": "jaranohaal/vit-base-violence-detection",
  "frames_dir": "/home/jovyan/kau-muhayu-multimodal-harmful-content-detect/임영재/팀원_라벨링/팀원_데이터/video_frames/NV_514",
  "num_frames_total": 145,
  "num_frames_used": 15,
  "per_frame": {
    "clip_000_frame_000.jpg": {
      "violence_prob": 0.5140184760093689
    },
    "clip_000_frame_010.jpg": {
      "violence_prob": 0.5268545746803284
    },
    "clip_000_frame_020.jpg": {
      "violence_prob": 0.5126504302024841
    },
    "clip_000_frame_030.jpg": {
      "violence_prob": 0.5249062180519104
    },
    "clip_000_frame_040.jpg": {
      "violence_prob": 0.5382522940635681
    },
    "clip_000_frame_050.jpg": {
      "violence_prob": 0.5059698820114136
    },
    "clip_001_frame_002.jpg": {
      "violence_prob": 0.5314295291900635
    },
    "clip_001_frame_012.jpg": {
      "violence_prob": 0.5141522288322449
    },
    "clip_001_frame_022.jpg": {
      "violence_prob": 0.5049004554748535
    },
    "clip_001_frame_032.jpg": {
      "violence_prob": 0.5215603113174438
    },
    "clip_001_frame_042.jpg": {
      "violence_prob": 0.5108973383903503
    },
    "clip_001_frame_052.jpg": {
      "violence_prob": 0.52543705701828
    },
    "clip_002_frame_004.jpg": {
      "violence_prob": 0.513723611831665
    },
    "clip_002_frame_014.jpg": {
      "violence_prob": 0.5001415610313416
    },
    "clip_002_frame_024.jpg": {
      "violence_prob": 0.5177006125450134
    }
  },
  "overall": {
    "avg_violence_prob": 0.5175063053766886,
    "max_violence_prob": 0.5382522940635681,
    "p95_violence_prob": 0.5334763586521148
  }
}