{
  "model": "jaranohaal/vit-base-violence-detection",
  "frames_dir": "/home/jovyan/kau-muhayu-multimodal-harmful-content-detect/임영재/팀원_라벨링_모델선정/결과_데이터_training/팀원_데이터/video_frames/안전비디오/NV_962",
  "num_frames_total": 116,
  "num_frames_used": 32,
  "per_frame": {
    "clip_000_frame_000.jpg": {
      "violence_prob": 0.09435068815946579
    },
    "clip_000_frame_003.jpg": {
      "violence_prob": 0.10721709579229355
    },
    "clip_000_frame_007.jpg": {
      "violence_prob": 0.0943368524312973
    },
    "clip_000_frame_011.jpg": {
      "violence_prob": 0.096773162484169
    },
    "clip_000_frame_014.jpg": {
      "violence_prob": 0.09524890780448914
    },
    "clip_000_frame_018.jpg": {
      "violence_prob": 0.11404909938573837
    },
    "clip_000_frame_022.jpg": {
      "violence_prob": 0.12135353684425354
    },
    "clip_000_frame_025.jpg": {
      "violence_prob": 0.10524448752403259
    },
    "clip_000_frame_029.jpg": {
      "violence_prob": 0.10949546098709106
    },
    "clip_000_frame_033.jpg": {
      "violence_prob": 0.10623191297054291
    },
    "clip_000_frame_037.jpg": {
      "violence_prob": 0.11284539103507996
    },
    "clip_000_frame_040.jpg": {
      "violence_prob": 0.1112617626786232
    },
    "clip_000_frame_044.jpg": {
      "violence_prob": 0.09337089955806732
    },
    "clip_000_frame_048.jpg": {
      "violence_prob": 0.09784495830535889
    },
    "clip_000_frame_051.jpg": {
      "violence_prob": 0.1038062795996666
    },
    "clip_000_frame_055.jpg": {
      "violence_prob": 0.1079450324177742
    },
    "clip_001_frame_001.jpg": {
      "violence_prob": 0.11229733377695084
    },
    "clip_001_frame_005.jpg": {
      "violence_prob": 0.0954650416970253
    },
    "clip_001_frame_008.jpg": {
      "violence_prob": 0.09579497575759888
    },
    "clip_001_frame_012.jpg": {
      "violence_prob": 0.09856852889060974
    },
    "clip_001_frame_016.jpg": {
      "violence_prob": 0.10324402898550034
    },
    "clip_001_frame_019.jpg": {
      "violence_prob": 0.09596581012010574
    },
    "clip_001_frame_023.jpg": {
      "violence_prob": 0.11530335992574692
    },
    "clip_001_frame_027.jpg": {
      "violence_prob": 0.12028224021196365
    },
    "clip_001_frame_031.jpg": {
      "violence_prob": 0.10990186035633087
    },
    "clip_001_frame_034.jpg": {
      "violence_prob": 0.09547850489616394
    },
    "clip_001_frame_038.jpg": {
      "violence_prob": 0.10996806621551514
    },
    "clip_001_frame_042.jpg": {
      "violence_prob": 0.1000874936580658
    },
    "clip_001_frame_045.jpg": {
      "violence_prob": 0.09351315349340439
    },
    "clip_001_frame_049.jpg": {
      "violence_prob": 0.09847044944763184
    },
    "clip_001_frame_053.jpg": {
      "violence_prob": 0.09625806659460068
    },
    "clip_001_frame_057.jpg": {
      "violence_prob": 0.11444635689258575
    }
  },
  "overall": {
    "avg_violence_prob": 0.10395064996555448,
    "max_violence_prob": 0.12135353684425354,
    "p95_violence_prob": 0.11754385605454444
  }
}