{
  "scores": {
    "clip": 0.8087838172912598,
    "vit": 0.13758519142866135,
    "slowfast": 0.0,
    "audio": 0.00898892804980278,
    "text": 0.0,
    "violence_stream": 0.0,
    "final": 0.660785572975874
  },
  "fusion_weights": {
    "clip": 0.8,
    "vit": 0.1,
    "violence": 0.1,
    "audio": 0.0,
    "text": 0.0
  },
  "thresholds": {
    "allow": 0.3,
    "review": 0.55,
    "block": 0.78
  },
  "decision": "REVIEW"
}