{
  "model": "jaranohaal/vit-base-violence-detection",
  "frames_dir": "/home/jovyan/kau-muhayu-multimodal-harmful-content-detect/임영재/팀원_라벨링/팀원_데이터/video_frames/hrBh5x_3hW0_0",
  "num_frames_total": 120,
  "num_frames_used": 12,
  "per_frame": {
    "clip_000_frame_000.jpg": {
      "violence_prob": 0.21721144020557404
    },
    "clip_000_frame_010.jpg": {
      "violence_prob": 0.22644084692001343
    },
    "clip_000_frame_020.jpg": {
      "violence_prob": 0.23595738410949707
    },
    "clip_000_frame_030.jpg": {
      "violence_prob": 0.22314247488975525
    },
    "clip_000_frame_040.jpg": {
      "violence_prob": 0.20233657956123352
    },
    "clip_000_frame_050.jpg": {
      "violence_prob": 0.19504941999912262
    },
    "clip_001_frame_000.jpg": {
      "violence_prob": 0.1978246569633484
    },
    "clip_001_frame_010.jpg": {
      "violence_prob": 0.21390999853610992
    },
    "clip_001_frame_020.jpg": {
      "violence_prob": 0.22660036385059357
    },
    "clip_001_frame_030.jpg": {
      "violence_prob": 0.2657313346862793
    },
    "clip_001_frame_040.jpg": {
      "violence_prob": 0.25182971358299255
    },
    "clip_001_frame_050.jpg": {
      "violence_prob": 0.2379937320947647
    }
  },
  "overall": {
    "avg_violence_prob": 0.2245023287832737,
    "max_violence_prob": 0.2657313346862793,
    "p95_violence_prob": 0.25808544307947157
  }
}