{
  "scores": {
    "clip": 0.4829302549362183,
    "vit": 0.5110645800828933,
    "slowfast": 0.05410928279161453,
    "audio": 0.0,
    "text": 0.0,
    "violence_stream": 0.05410928279161453,
    "final": 0.4428615902364254
  },
  "fusion_weights": {
    "clip": 0.8,
    "vit": 0.1,
    "violence": 0.1,
    "audio": 0.0,
    "text": 0.0
  },
  "thresholds": {
    "allow": 0.3,
    "review": 0.55,
    "block": 0.78
  },
  "decision": "ALLOW"
}