{
  "scores": {
    "clip": 0.279864202439785,
    "vit": 0.13232400342822073,
    "slowfast": 0.0023681935854256153,
    "audio": 0.0,
    "text": 0.0,
    "violence_stream": 0.0023681935854256153,
    "final": 0.23736058165319265
  },
  "fusion_weights": {
    "clip": 0.8,
    "vit": 0.1,
    "violence": 0.1,
    "audio": 0.0,
    "text": 0.0
  },
  "thresholds": {
    "allow": 0.3,
    "review": 0.55,
    "block": 0.78
  },
  "decision": "ALLOW"
}