{
  "model": "jaranohaal/vit-base-violence-detection",
  "frames_dir": "/home/jovyan/kau-muhayu-multimodal-harmful-content-detect/임영재/팀원_라벨링_모델선정/결과_데이터_32/박상원/video_frames/비디오/video_035_street_violence",
  "num_frames_total": 719,
  "num_frames_used": 32,
  "per_frame": {
    "clip_000_frame_000.jpg": {
      "violence_prob": 0.12397108227014542
    },
    "clip_000_frame_023.jpg": {
      "violence_prob": 0.12345121055841446
    },
    "clip_000_frame_046.jpg": {
      "violence_prob": 0.129287987947464
    },
    "clip_001_frame_022.jpg": {
      "violence_prob": 0.12750491499900818
    },
    "clip_001_frame_045.jpg": {
      "violence_prob": 0.13106530904769897
    },
    "clip_002_frame_020.jpg": {
      "violence_prob": 0.1301533728837967
    },
    "clip_002_frame_043.jpg": {
      "violence_prob": 0.13336724042892456
    },
    "clip_003_frame_019.jpg": {
      "violence_prob": 0.13326004147529602
    },
    "clip_003_frame_042.jpg": {
      "violence_prob": 0.13071852922439575
    },
    "clip_004_frame_017.jpg": {
      "violence_prob": 0.13115178048610687
    },
    "clip_004_frame_040.jpg": {
      "violence_prob": 0.13527993857860565
    },
    "clip_005_frame_015.jpg": {
      "violence_prob": 0.1390160173177719
    },
    "clip_005_frame_038.jpg": {
      "violence_prob": 0.14083242416381836
    },
    "clip_006_frame_014.jpg": {
      "violence_prob": 0.14101025462150574
    },
    "clip_006_frame_037.jpg": {
      "violence_prob": 0.14646875858306885
    },
    "clip_007_frame_012.jpg": {
      "violence_prob": 0.14371025562286377
    },
    "clip_007_frame_035.jpg": {
      "violence_prob": 0.14449618756771088
    },
    "clip_008_frame_010.jpg": {
      "violence_prob": 0.14625827968120575
    },
    "clip_008_frame_033.jpg": {
      "violence_prob": 0.14252029359340668
    },
    "clip_009_frame_009.jpg": {
      "violence_prob": 0.14203347265720367
    },
    "clip_009_frame_032.jpg": {
      "violence_prob": 0.14573149383068085
    },
    "clip_010_frame_007.jpg": {
      "violence_prob": 0.14478763937950134
    },
    "clip_010_frame_030.jpg": {
      "violence_prob": 0.14750957489013672
    },
    "clip_011_frame_005.jpg": {
      "violence_prob": 0.14654794335365295
    },
    "clip_011_frame_028.jpg": {
      "violence_prob": 0.1503315567970276
    },
    "clip_012_frame_004.jpg": {
      "violence_prob": 0.1516008973121643
    },
    "clip_012_frame_027.jpg": {
      "violence_prob": 0.15386097133159637
    },
    "clip_013_frame_002.jpg": {
      "violence_prob": 0.1544361561536789
    },
    "clip_013_frame_025.jpg": {
      "violence_prob": 0.15126627683639526
    },
    "clip_014_frame_000.jpg": {
      "violence_prob": 0.15403065085411072
    },
    "clip_014_frame_023.jpg": {
      "violence_prob": 0.15415288507938385
    },
    "clip_014_frame_047.jpg": {
      "violence_prob": 0.15173186361789703
    }
  },
  "overall": {
    "avg_violence_prob": 0.14129828941076994,
    "max_violence_prob": 0.1544361561536789,
    "p95_violence_prob": 0.15408565625548362
  }
}