{
  "model": "jaranohaal/vit-base-violence-detection",
  "frames_dir": "/home/jovyan/kau-muhayu-multimodal-harmful-content-detect/임영재/팀원_라벨링/팀원_데이터/video_frames/BpargJW29Wo_1",
  "num_frames_total": 120,
  "num_frames_used": 12,
  "per_frame": {
    "clip_000_frame_000.jpg": {
      "violence_prob": 0.5127549767494202
    },
    "clip_000_frame_010.jpg": {
      "violence_prob": 0.5112409591674805
    },
    "clip_000_frame_020.jpg": {
      "violence_prob": 0.5096094608306885
    },
    "clip_000_frame_030.jpg": {
      "violence_prob": 0.5074435472488403
    },
    "clip_000_frame_040.jpg": {
      "violence_prob": 0.5084080100059509
    },
    "clip_000_frame_050.jpg": {
      "violence_prob": 0.5061513185501099
    },
    "clip_001_frame_000.jpg": {
      "violence_prob": 0.5075169801712036
    },
    "clip_001_frame_010.jpg": {
      "violence_prob": 0.5092236399650574
    },
    "clip_001_frame_020.jpg": {
      "violence_prob": 0.5059239268302917
    },
    "clip_001_frame_030.jpg": {
      "violence_prob": 0.5093060731887817
    },
    "clip_001_frame_040.jpg": {
      "violence_prob": 0.511063814163208
    },
    "clip_001_frame_050.jpg": {
      "violence_prob": 0.5122038722038269
    }
  },
  "overall": {
    "avg_violence_prob": 0.509237214922905,
    "max_violence_prob": 0.5127549767494202,
    "p95_violence_prob": 0.5124518692493438
  }
}