{
  "model": "jaranohaal/vit-base-violence-detection",
  "frames_dir": "/home/jovyan/kau-muhayu-multimodal-harmful-content-detect/임영재/팀원_라벨링_모델선정/결과_데이터_32/안지산/video_frames/안전비디오/clips__14785179_2160_3840_24fps_2.50_5.00",
  "num_frames_total": 294,
  "num_frames_used": 32,
  "per_frame": {
    "clip_000_frame_000.jpg": {
      "violence_prob": 0.09254811704158783
    },
    "clip_000_frame_009.jpg": {
      "violence_prob": 0.09418000280857086
    },
    "clip_000_frame_018.jpg": {
      "violence_prob": 0.10636191070079803
    },
    "clip_000_frame_028.jpg": {
      "violence_prob": 0.09235416352748871
    },
    "clip_000_frame_037.jpg": {
      "violence_prob": 0.09890543669462204
    },
    "clip_000_frame_047.jpg": {
      "violence_prob": 0.12280631065368652
    },
    "clip_000_frame_056.jpg": {
      "violence_prob": 0.11506027728319168
    },
    "clip_000_frame_066.jpg": {
      "violence_prob": 0.10549971461296082
    },
    "clip_000_frame_075.jpg": {
      "violence_prob": 0.0944686233997345
    },
    "clip_000_frame_085.jpg": {
      "violence_prob": 0.09335440397262573
    },
    "clip_000_frame_094.jpg": {
      "violence_prob": 0.096009261906147
    },
    "clip_000_frame_103.jpg": {
      "violence_prob": 0.09908649325370789
    },
    "clip_000_frame_113.jpg": {
      "violence_prob": 0.10652925074100494
    },
    "clip_000_frame_122.jpg": {
      "violence_prob": 0.09235416352748871
    },
    "clip_000_frame_132.jpg": {
      "violence_prob": 0.09912442415952682
    },
    "clip_000_frame_141.jpg": {
      "violence_prob": 0.12280631065368652
    },
    "clip_001_frame_004.jpg": {
      "violence_prob": 0.09678488224744797
    },
    "clip_001_frame_013.jpg": {
      "violence_prob": 0.09268641471862793
    },
    "clip_001_frame_023.jpg": {
      "violence_prob": 0.0953749269247055
    },
    "clip_001_frame_032.jpg": {
      "violence_prob": 0.09559152275323868
    },
    "clip_001_frame_042.jpg": {
      "violence_prob": 0.10237050801515579
    },
    "clip_001_frame_051.jpg": {
      "violence_prob": 0.10016363114118576
    },
    "clip_001_frame_060.jpg": {
      "violence_prob": 0.10074302554130554
    },
    "clip_001_frame_070.jpg": {
      "violence_prob": 0.09223699569702148
    },
    "clip_001_frame_079.jpg": {
      "violence_prob": 0.09876710921525955
    },
    "clip_001_frame_089.jpg": {
      "violence_prob": 0.12291719764471054
    },
    "clip_001_frame_098.jpg": {
      "violence_prob": 0.11480959504842758
    },
    "clip_001_frame_108.jpg": {
      "violence_prob": 0.11021177470684052
    },
    "clip_001_frame_117.jpg": {
      "violence_prob": 0.09460252523422241
    },
    "clip_001_frame_127.jpg": {
      "violence_prob": 0.0936160609126091
    },
    "clip_001_frame_136.jpg": {
      "violence_prob": 0.09599205106496811
    },
    "clip_001_frame_146.jpg": {
      "violence_prob": 0.09908649325370789
    }
  },
  "overall": {
    "avg_violence_prob": 0.10116886184550822,
    "max_violence_prob": 0.12291719764471054,
    "p95_violence_prob": 0.12280631065368652
  }
}