{
  "scores": {
    "clip": 0.49289790689945223,
    "vit": 0.39242845475673677,
    "slowfast": 1.212803795169748e-07,
    "audio": 0.0,
    "text": 0.0,
    "violence_stream": 1.212803795169748e-07,
    "final": 0.30939178920905475
  },
  "fusion_weights": {
    "clip": 0.15,
    "vit": 0.6,
    "violence": 0.25,
    "audio": 0.0,
    "text": 0.0
  },
  "thresholds": {
    "allow": 0.3,
    "review": 0.55,
    "block": 0.78
  },
  "decision": "ALLOW"
}