{
  "model": "jaranohaal/vit-base-violence-detection",
  "frames_dir": "/home/jovyan/kau-muhayu-multimodal-harmful-content-detect/임영재/팀원_라벨링_모델선정/결과_데이터_32/안지산/video_frames/안전비디오/clips__8794895-uhd_2160_4096_24fps_0.00_4.02",
  "num_frames_total": 160,
  "num_frames_used": 32,
  "per_frame": {
    "clip_000_frame_000.jpg": {
      "violence_prob": 0.13057368993759155
    },
    "clip_000_frame_005.jpg": {
      "violence_prob": 0.1310691088438034
    },
    "clip_000_frame_010.jpg": {
      "violence_prob": 0.1300332397222519
    },
    "clip_000_frame_015.jpg": {
      "violence_prob": 0.1325649470090866
    },
    "clip_000_frame_020.jpg": {
      "violence_prob": 0.12895804643630981
    },
    "clip_000_frame_025.jpg": {
      "violence_prob": 0.13206101953983307
    },
    "clip_000_frame_030.jpg": {
      "violence_prob": 0.13116198778152466
    },
    "clip_000_frame_035.jpg": {
      "violence_prob": 0.1297297179698944
    },
    "clip_000_frame_041.jpg": {
      "violence_prob": 0.13353793323040009
    },
    "clip_000_frame_046.jpg": {
      "violence_prob": 0.1300761103630066
    },
    "clip_000_frame_051.jpg": {
      "violence_prob": 0.13128983974456787
    },
    "clip_000_frame_056.jpg": {
      "violence_prob": 0.1312631219625473
    },
    "clip_000_frame_061.jpg": {
      "violence_prob": 0.1317342221736908
    },
    "clip_000_frame_066.jpg": {
      "violence_prob": 0.12985488772392273
    },
    "clip_000_frame_071.jpg": {
      "violence_prob": 0.12862305343151093
    },
    "clip_000_frame_076.jpg": {
      "violence_prob": 0.12562473118305206
    },
    "clip_001_frame_002.jpg": {
      "violence_prob": 0.12612825632095337
    },
    "clip_001_frame_007.jpg": {
      "violence_prob": 0.12502838671207428
    },
    "clip_001_frame_012.jpg": {
      "violence_prob": 0.13116198778152466
    },
    "clip_001_frame_017.jpg": {
      "violence_prob": 0.1297297179698944
    },
    "clip_001_frame_022.jpg": {
      "violence_prob": 0.1329331248998642
    },
    "clip_001_frame_027.jpg": {
      "violence_prob": 0.12953779101371765
    },
    "clip_001_frame_032.jpg": {
      "violence_prob": 0.13126344978809357
    },
    "clip_001_frame_037.jpg": {
      "violence_prob": 0.13182984292507172
    },
    "clip_001_frame_043.jpg": {
      "violence_prob": 0.1317342221736908
    },
    "clip_001_frame_048.jpg": {
      "violence_prob": 0.12985488772392273
    },
    "clip_001_frame_053.jpg": {
      "violence_prob": 0.12862305343151093
    },
    "clip_001_frame_058.jpg": {
      "violence_prob": 0.12562473118305206
    },
    "clip_001_frame_063.jpg": {
      "violence_prob": 0.12485339492559433
    },
    "clip_001_frame_068.jpg": {
      "violence_prob": 0.12027053534984589
    },
    "clip_001_frame_073.jpg": {
      "violence_prob": 0.12243309617042542
    },
    "clip_001_frame_079.jpg": {
      "violence_prob": 0.12184615433216095
    }
  },
  "overall": {
    "avg_violence_prob": 0.1290940090548247,
    "max_violence_prob": 0.13353793323040009,
    "p95_violence_prob": 0.13273062705993652
  }
}