{
  "model": "jaranohaal/vit-base-violence-detection",
  "frames_dir": "/home/jovyan/kau-muhayu-multimodal-harmful-content-detect/임영재/팀원_라벨링_모델선정/결과_데이터_32/안지산/video_frames/비디오/alcohol__clips__3188956-hd_1920_1080_25fps_3.64_7.28",
  "num_frames_total": 50,
  "num_frames_used": 32,
  "per_frame": {
    "clip_000_frame_000.jpg": {
      "violence_prob": 0.14590151607990265
    },
    "clip_000_frame_001.jpg": {
      "violence_prob": 0.14749906957149506
    },
    "clip_000_frame_003.jpg": {
      "violence_prob": 0.1590089499950409
    },
    "clip_000_frame_004.jpg": {
      "violence_prob": 0.4343473017215729
    },
    "clip_000_frame_006.jpg": {
      "violence_prob": 0.15418046712875366
    },
    "clip_000_frame_007.jpg": {
      "violence_prob": 0.15246891975402832
    },
    "clip_000_frame_009.jpg": {
      "violence_prob": 0.1519400030374527
    },
    "clip_000_frame_011.jpg": {
      "violence_prob": 0.15230339765548706
    },
    "clip_000_frame_012.jpg": {
      "violence_prob": 0.15500594675540924
    },
    "clip_000_frame_014.jpg": {
      "violence_prob": 0.4355575442314148
    },
    "clip_000_frame_015.jpg": {
      "violence_prob": 0.11069674044847488
    },
    "clip_000_frame_017.jpg": {
      "violence_prob": 0.1519191861152649
    },
    "clip_000_frame_018.jpg": {
      "violence_prob": 0.15343180298805237
    },
    "clip_000_frame_020.jpg": {
      "violence_prob": 0.15208405256271362
    },
    "clip_000_frame_022.jpg": {
      "violence_prob": 0.15603198111057281
    },
    "clip_000_frame_023.jpg": {
      "violence_prob": 0.15996624529361725
    },
    "clip_000_frame_025.jpg": {
      "violence_prob": 0.1371563822031021
    },
    "clip_000_frame_026.jpg": {
      "violence_prob": 0.15703345835208893
    },
    "clip_000_frame_028.jpg": {
      "violence_prob": 0.15419495105743408
    },
    "clip_000_frame_030.jpg": {
      "violence_prob": 0.15804149210453033
    },
    "clip_000_frame_031.jpg": {
      "violence_prob": 0.16023756563663483
    },
    "clip_000_frame_033.jpg": {
      "violence_prob": 0.1585981845855713
    },
    "clip_000_frame_034.jpg": {
      "violence_prob": 0.15827840566635132
    },
    "clip_000_frame_036.jpg": {
      "violence_prob": 0.155100479722023
    },
    "clip_000_frame_037.jpg": {
      "violence_prob": 0.15403355658054352
    },
    "clip_000_frame_039.jpg": {
      "violence_prob": 0.1597381830215454
    },
    "clip_000_frame_041.jpg": {
      "violence_prob": 0.15542194247245789
    },
    "clip_000_frame_042.jpg": {
      "violence_prob": 0.15003792941570282
    },
    "clip_000_frame_044.jpg": {
      "violence_prob": 0.15636591613292694
    },
    "clip_000_frame_045.jpg": {
      "violence_prob": 0.1566104143857956
    },
    "clip_000_frame_047.jpg": {
      "violence_prob": 0.15564188361167908
    },
    "clip_000_frame_049.jpg": {
      "violence_prob": 0.15407593548297882
    }
  },
  "overall": {
    "avg_violence_prob": 0.17040343140251935,
    "max_violence_prob": 0.4355575442314148,
    "p95_violence_prob": 0.28358694687485675
  }
}