{
  "scores": {
    "clip": 0.6551899552345276,
    "vit": 0.6591813206672668,
    "slowfast": 0.0,
    "audio": 0.002700001699849963,
    "text": 0.810488224029541,
    "violence_stream": 0.0,
    "final": 0.49378728568553915
  },
  "fusion_weights": {
    "clip": 0.15,
    "vit": 0.6,
    "violence": 0.25,
    "audio": 0.0,
    "text": 0.0
  },
  "thresholds": {
    "allow": 0.3,
    "review": 0.55,
    "block": 0.78
  },
  "decision": "ALLOW"
}