{
  "model": "jaranohaal/vit-base-violence-detection",
  "frames_dir": "/home/jovyan/kau-muhayu-multimodal-harmful-content-detect/임영재/팀원_라벨링/팀원_데이터/video_frames/V_942",
  "num_frames_total": 116,
  "num_frames_used": 12,
  "per_frame": {
    "clip_000_frame_000.jpg": {
      "violence_prob": 0.706147313117981
    },
    "clip_000_frame_010.jpg": {
      "violence_prob": 0.7297099828720093
    },
    "clip_000_frame_020.jpg": {
      "violence_prob": 0.7269361019134521
    },
    "clip_000_frame_030.jpg": {
      "violence_prob": 0.6979195475578308
    },
    "clip_000_frame_040.jpg": {
      "violence_prob": 0.6878482103347778
    },
    "clip_000_frame_050.jpg": {
      "violence_prob": 0.7020375728607178
    },
    "clip_001_frame_002.jpg": {
      "violence_prob": 0.6932510733604431
    },
    "clip_001_frame_012.jpg": {
      "violence_prob": 0.7282584309577942
    },
    "clip_001_frame_022.jpg": {
      "violence_prob": 0.6960374116897583
    },
    "clip_001_frame_032.jpg": {
      "violence_prob": 0.686457097530365
    },
    "clip_001_frame_042.jpg": {
      "violence_prob": 0.6638742685317993
    },
    "clip_001_frame_052.jpg": {
      "violence_prob": 0.6400481462478638
    }
  },
  "overall": {
    "avg_violence_prob": 0.6965437630812327,
    "max_violence_prob": 0.7297099828720093,
    "p95_violence_prob": 0.728911629319191
  }
}