{
  "model": "jaranohaal/vit-base-violence-detection",
  "frames_dir": "/home/jovyan/kau-muhayu-multimodal-harmful-content-detect/임영재/팀원_라벨링_모델선정/결과_데이터_32/박상원/video_frames/비디오/video_163_fight_violence",
  "num_frames_total": 700,
  "num_frames_used": 32,
  "per_frame": {
    "clip_000_frame_000.jpg": {
      "violence_prob": 0.12412707507610321
    },
    "clip_000_frame_022.jpg": {
      "violence_prob": 0.11623609066009521
    },
    "clip_000_frame_045.jpg": {
      "violence_prob": 0.11085459589958191
    },
    "clip_001_frame_017.jpg": {
      "violence_prob": 0.127282053232193
    },
    "clip_001_frame_040.jpg": {
      "violence_prob": 0.11244826763868332
    },
    "clip_002_frame_012.jpg": {
      "violence_prob": 0.12044563889503479
    },
    "clip_002_frame_035.jpg": {
      "violence_prob": 0.13443250954151154
    },
    "clip_003_frame_007.jpg": {
      "violence_prob": 0.13354209065437317
    },
    "clip_003_frame_030.jpg": {
      "violence_prob": 0.13792099058628082
    },
    "clip_004_frame_002.jpg": {
      "violence_prob": 0.14621689915657043
    },
    "clip_004_frame_025.jpg": {
      "violence_prob": 0.123225636780262
    },
    "clip_004_frame_048.jpg": {
      "violence_prob": 0.11577238887548447
    },
    "clip_005_frame_020.jpg": {
      "violence_prob": 0.09965348243713379
    },
    "clip_005_frame_043.jpg": {
      "violence_prob": 0.10124718397855759
    },
    "clip_006_frame_015.jpg": {
      "violence_prob": 0.10013934224843979
    },
    "clip_006_frame_038.jpg": {
      "violence_prob": 0.09376472234725952
    },
    "clip_007_frame_010.jpg": {
      "violence_prob": 0.10102777928113937
    },
    "clip_007_frame_033.jpg": {
      "violence_prob": 0.12848030030727386
    },
    "clip_008_frame_005.jpg": {
      "violence_prob": 0.13886767625808716
    },
    "clip_008_frame_028.jpg": {
      "violence_prob": 0.11032050102949142
    },
    "clip_009_frame_000.jpg": {
      "violence_prob": 0.12814486026763916
    },
    "clip_009_frame_023.jpg": {
      "violence_prob": 0.09843383729457855
    },
    "clip_009_frame_046.jpg": {
      "violence_prob": 0.1414767950773239
    },
    "clip_010_frame_018.jpg": {
      "violence_prob": 0.10274481773376465
    },
    "clip_010_frame_041.jpg": {
      "violence_prob": 0.10019341856241226
    },
    "clip_011_frame_013.jpg": {
      "violence_prob": 0.13091208040714264
    },
    "clip_011_frame_036.jpg": {
      "violence_prob": 0.12318025529384613
    },
    "clip_012_frame_008.jpg": {
      "violence_prob": 0.12950944900512695
    },
    "clip_012_frame_031.jpg": {
      "violence_prob": 0.1304803490638733
    },
    "clip_013_frame_003.jpg": {
      "violence_prob": 0.0948445275425911
    },
    "clip_013_frame_026.jpg": {
      "violence_prob": 0.10626229643821716
    },
    "clip_013_frame_049.jpg": {
      "violence_prob": 0.09032991528511047
    }
  },
  "overall": {
    "avg_violence_prob": 0.11726618208922446,
    "max_violence_prob": 0.14621689915657043,
    "p95_violence_prob": 0.1400417797267437
  }
}