{
  "scores": {
    "clip": 0.8541031181812286,
    "vit": 0.11211152747273445,
    "slowfast": 0.0,
    "audio": 0.003929759841412306,
    "text": 0.0,
    "violence_stream": 0.0,
    "final": 0.6944936472922564
  },
  "fusion_weights": {
    "clip": 0.8,
    "vit": 0.1,
    "violence": 0.1,
    "audio": 0.0,
    "text": 0.0
  },
  "thresholds": {
    "allow": 0.3,
    "review": 0.55,
    "block": 0.78
  },
  "decision": "REVIEW"
}