{
  "model": "jaranohaal/vit-base-violence-detection",
  "frames_dir": "/home/jovyan/kau-muhayu-multimodal-harmful-content-detect/임영재/팀원_라벨링_모델선정/결과_데이터_training/팀원_데이터/video_frames/안전비디오/NV_863",
  "num_frames_total": 100,
  "num_frames_used": 32,
  "per_frame": {
    "clip_000_frame_000.jpg": {
      "violence_prob": 0.16842521727085114
    },
    "clip_000_frame_003.jpg": {
      "violence_prob": 0.1568603813648224
    },
    "clip_000_frame_006.jpg": {
      "violence_prob": 0.1383257657289505
    },
    "clip_000_frame_009.jpg": {
      "violence_prob": 0.1031835600733757
    },
    "clip_000_frame_012.jpg": {
      "violence_prob": 0.09974365681409836
    },
    "clip_000_frame_015.jpg": {
      "violence_prob": 0.10042249411344528
    },
    "clip_000_frame_019.jpg": {
      "violence_prob": 0.10292461514472961
    },
    "clip_000_frame_022.jpg": {
      "violence_prob": 0.1048414409160614
    },
    "clip_000_frame_025.jpg": {
      "violence_prob": 0.10241959244012833
    },
    "clip_000_frame_028.jpg": {
      "violence_prob": 0.1042410358786583
    },
    "clip_000_frame_031.jpg": {
      "violence_prob": 0.10577643662691116
    },
    "clip_000_frame_035.jpg": {
      "violence_prob": 0.10354199260473251
    },
    "clip_000_frame_038.jpg": {
      "violence_prob": 0.10225071012973785
    },
    "clip_000_frame_041.jpg": {
      "violence_prob": 0.09622009843587875
    },
    "clip_000_frame_044.jpg": {
      "violence_prob": 0.09399931877851486
    },
    "clip_000_frame_047.jpg": {
      "violence_prob": 0.09763047844171524
    },
    "clip_001_frame_001.jpg": {
      "violence_prob": 0.0918283760547638
    },
    "clip_001_frame_004.jpg": {
      "violence_prob": 0.10115627944469452
    },
    "clip_001_frame_007.jpg": {
      "violence_prob": 0.09964034706354141
    },
    "clip_001_frame_010.jpg": {
      "violence_prob": 0.10083481669425964
    },
    "clip_001_frame_013.jpg": {
      "violence_prob": 0.09900137782096863
    },
    "clip_001_frame_017.jpg": {
      "violence_prob": 0.09244245290756226
    },
    "clip_001_frame_020.jpg": {
      "violence_prob": 0.10048487037420273
    },
    "clip_001_frame_023.jpg": {
      "violence_prob": 0.09735459089279175
    },
    "clip_001_frame_026.jpg": {
      "violence_prob": 0.09414973109960556
    },
    "clip_001_frame_029.jpg": {
      "violence_prob": 0.09676016867160797
    },
    "clip_001_frame_033.jpg": {
      "violence_prob": 0.10414087772369385
    },
    "clip_001_frame_036.jpg": {
      "violence_prob": 0.10406898707151413
    },
    "clip_001_frame_039.jpg": {
      "violence_prob": 0.10461945831775665
    },
    "clip_001_frame_042.jpg": {
      "violence_prob": 0.1040855124592781
    },
    "clip_001_frame_045.jpg": {
      "violence_prob": 0.11212827265262604
    },
    "clip_001_frame_049.jpg": {
      "violence_prob": 0.11434514820575714
    }
  },
  "overall": {
    "avg_violence_prob": 0.10618275194428861,
    "max_violence_prob": 0.16842521727085114,
    "p95_violence_prob": 0.14666634276509283
  }
}