{
  "model": "jaranohaal/vit-base-violence-detection",
  "frames_dir": "/home/jovyan/kau-muhayu-multimodal-harmful-content-detect/임영재/팀원_라벨링/팀원_데이터/video_frames/14YZVngQ_0",
  "num_frames_total": 120,
  "num_frames_used": 12,
  "per_frame": {
    "clip_000_frame_000.jpg": {
      "violence_prob": 0.583749532699585
    },
    "clip_000_frame_010.jpg": {
      "violence_prob": 0.6056920886039734
    },
    "clip_000_frame_020.jpg": {
      "violence_prob": 0.6153457760810852
    },
    "clip_000_frame_030.jpg": {
      "violence_prob": 0.6129773855209351
    },
    "clip_000_frame_040.jpg": {
      "violence_prob": 0.6156699061393738
    },
    "clip_000_frame_050.jpg": {
      "violence_prob": 0.6208472847938538
    },
    "clip_001_frame_000.jpg": {
      "violence_prob": 0.6233344674110413
    },
    "clip_001_frame_010.jpg": {
      "violence_prob": 0.6267120838165283
    },
    "clip_001_frame_020.jpg": {
      "violence_prob": 0.6371926665306091
    },
    "clip_001_frame_030.jpg": {
      "violence_prob": 0.6358395218849182
    },
    "clip_001_frame_040.jpg": {
      "violence_prob": 0.6355528235435486
    },
    "clip_001_frame_050.jpg": {
      "violence_prob": 0.6344358325004578
    }
  },
  "overall": {
    "avg_violence_prob": 0.6206124474604925,
    "max_violence_prob": 0.6371926665306091,
    "p95_violence_prob": 0.6364484369754791
  }
}