{
  "model": "jaranohaal/vit-base-violence-detection",
  "frames_dir": "/home/jovyan/kau-muhayu-multimodal-harmful-content-detect/임영재/팀원_라벨링/팀원_데이터/video_frames/NV_480",
  "num_frames_total": 115,
  "num_frames_used": 12,
  "per_frame": {
    "clip_000_frame_000.jpg": {
      "violence_prob": 0.25684085488319397
    },
    "clip_000_frame_010.jpg": {
      "violence_prob": 0.2552865743637085
    },
    "clip_000_frame_020.jpg": {
      "violence_prob": 0.2634166479110718
    },
    "clip_000_frame_030.jpg": {
      "violence_prob": 0.2466166615486145
    },
    "clip_000_frame_040.jpg": {
      "violence_prob": 0.23703841865062714
    },
    "clip_001_frame_004.jpg": {
      "violence_prob": 0.25761792063713074
    },
    "clip_001_frame_014.jpg": {
      "violence_prob": 0.2491324245929718
    },
    "clip_001_frame_024.jpg": {
      "violence_prob": 0.2417728155851364
    },
    "clip_001_frame_034.jpg": {
      "violence_prob": 0.22975996136665344
    },
    "clip_001_frame_044.jpg": {
      "violence_prob": 0.23871122300624847
    },
    "clip_002_frame_008.jpg": {
      "violence_prob": 0.24862870573997498
    },
    "clip_002_frame_018.jpg": {
      "violence_prob": 0.252032607793808
    }
  },
  "overall": {
    "avg_violence_prob": 0.24807123467326164,
    "max_violence_prob": 0.2634166479110718,
    "p95_violence_prob": 0.2602273479104042
  }
}