{
  "model": "jaranohaal/vit-base-violence-detection",
  "frames_dir": "/home/jovyan/kau-muhayu-multimodal-harmful-content-detect/임영재/팀원_라벨링/팀원_데이터/video_frames/NV_480",
  "num_frames_total": 92,
  "num_frames_used": 10,
  "per_frame": {
    "clip_000_frame_000.jpg": {
      "violence_prob": 0.2742222547531128
    },
    "clip_000_frame_010.jpg": {
      "violence_prob": 0.28777989745140076
    },
    "clip_000_frame_020.jpg": {
      "violence_prob": 0.2712125778198242
    },
    "clip_000_frame_030.jpg": {
      "violence_prob": 0.2960740923881531
    },
    "clip_000_frame_040.jpg": {
      "violence_prob": 0.29728832840919495
    },
    "clip_001_frame_004.jpg": {
      "violence_prob": 0.26779553294181824
    },
    "clip_001_frame_014.jpg": {
      "violence_prob": 0.29098644852638245
    },
    "clip_001_frame_024.jpg": {
      "violence_prob": 0.2899751365184784
    },
    "clip_001_frame_034.jpg": {
      "violence_prob": 0.25923386216163635
    },
    "clip_001_frame_044.jpg": {
      "violence_prob": 0.2746366858482361
    }
  },
  "overall": {
    "avg_violence_prob": 0.2809204816818237,
    "max_violence_prob": 0.29728832840919495,
    "p95_violence_prob": 0.2967419221997261
  }
}