{
  "scores": {
    "clip": 0.5118509128689765,
    "vit": 0.29712001979351044,
    "slowfast": 0.9613467454910278,
    "audio": 0.0,
    "text": 0.0,
    "violence_stream": 0.9613467454910278,
    "final": 0.5353274068236351
  },
  "fusion_weights": {
    "clip": 0.8,
    "vit": 0.1,
    "violence": 0.1,
    "audio": 0.0,
    "text": 0.0
  },
  "thresholds": {
    "allow": 0.3,
    "review": 0.55,
    "block": 0.78
  },
  "decision": "ALLOW"
}