{
  "scores": {
    "clip": 0.6990669041872024,
    "vit": 0.14564796909689903,
    "slowfast": 0.22812502086162567,
    "audio": 0.0006303791305981576,
    "text": 0.0,
    "violence_stream": 0.22812502086162567,
    "final": 0.5966308223456145
  },
  "fusion_weights": {
    "clip": 0.8,
    "vit": 0.1,
    "violence": 0.1,
    "audio": 0.0,
    "text": 0.0
  },
  "thresholds": {
    "allow": 0.3,
    "review": 0.55,
    "block": 0.78
  },
  "decision": "REVIEW"
}