{
  "scores": {
    "clip": 0.874815434217453,
    "vit": 0.8426490217447281,
    "slowfast": 0.0,
    "audio": 0.0029834071174263954,
    "text": 0.10832159221172333,
    "violence_stream": 0.0,
    "final": 0.6368117281794548
  },
  "fusion_weights": {
    "clip": 0.15,
    "vit": 0.6,
    "violence": 0.25,
    "audio": 0.0,
    "text": 0.0
  },
  "thresholds": {
    "allow": 0.3,
    "review": 0.55,
    "block": 0.78
  },
  "decision": "REVIEW"
}