{
  "scores": {
    "clip": 0.8535257279872894,
    "vit": 0.11941071785986423,
    "slowfast": 0.0,
    "audio": 0.011691325344145298,
    "text": 0.0,
    "violence_stream": 0.0,
    "final": 0.694761654175818
  },
  "fusion_weights": {
    "clip": 0.8,
    "vit": 0.1,
    "violence": 0.1,
    "audio": 0.0,
    "text": 0.0
  },
  "thresholds": {
    "allow": 0.3,
    "review": 0.55,
    "block": 0.78
  },
  "decision": "REVIEW"
}