{
  "scores": {
    "clip": 0.8023283571004868,
    "vit": 0.2322302781045437,
    "slowfast": 2.517458597139921e-06,
    "audio": 0.0,
    "text": 0.7098028659820557,
    "violence_stream": 2.517458597139921e-06,
    "final": 0.2596880497924485
  },
  "fusion_weights": {
    "clip": 0.15,
    "vit": 0.6,
    "violence": 0.25,
    "audio": 0.0,
    "text": 0.0
  },
  "thresholds": {
    "allow": 0.3,
    "review": 0.55,
    "block": 0.78
  },
  "decision": "ALLOW"
}