{
  "model": "jaranohaal/vit-base-violence-detection",
  "frames_dir": "/home/jovyan/kau-muhayu-multimodal-harmful-content-detect/임영재/팀원_라벨링/팀원_데이터/video_frames/HtbVjsRA_1",
  "num_frames_total": 120,
  "num_frames_used": 12,
  "per_frame": {
    "clip_000_frame_000.jpg": {
      "violence_prob": 0.6220678091049194
    },
    "clip_000_frame_010.jpg": {
      "violence_prob": 0.6245681047439575
    },
    "clip_000_frame_020.jpg": {
      "violence_prob": 0.6276245713233948
    },
    "clip_000_frame_030.jpg": {
      "violence_prob": 0.6326626539230347
    },
    "clip_000_frame_040.jpg": {
      "violence_prob": 0.6382001638412476
    },
    "clip_000_frame_050.jpg": {
      "violence_prob": 0.6308577656745911
    },
    "clip_001_frame_000.jpg": {
      "violence_prob": 0.6238827705383301
    },
    "clip_001_frame_010.jpg": {
      "violence_prob": 0.5856683254241943
    },
    "clip_001_frame_020.jpg": {
      "violence_prob": 0.5765417814254761
    },
    "clip_001_frame_030.jpg": {
      "violence_prob": 0.5737496018409729
    },
    "clip_001_frame_040.jpg": {
      "violence_prob": 0.5738155841827393
    },
    "clip_001_frame_050.jpg": {
      "violence_prob": 0.5602666735649109
    }
  },
  "overall": {
    "avg_violence_prob": 0.6058254837989807,
    "max_violence_prob": 0.6382001638412476,
    "p95_violence_prob": 0.6351545333862305
  }
}