{
  "scores": {
    "clip": 0.8306221336126327,
    "vit": 0.13404802829027176,
    "slowfast": 0.0,
    "audio": 0.0013719708658754826,
    "text": 0.0,
    "violence_stream": 0.0,
    "final": 0.6779025097191335
  },
  "fusion_weights": {
    "clip": 0.8,
    "vit": 0.1,
    "violence": 0.1,
    "audio": 0.0,
    "text": 0.0
  },
  "thresholds": {
    "allow": 0.3,
    "review": 0.55,
    "block": 0.78
  },
  "decision": "REVIEW"
}