{
  "model": "jaranohaal/vit-base-violence-detection",
  "frames_dir": "/home/jovyan/kau-muhayu-multimodal-harmful-content-detect/임영재/팀원_라벨링_모델선정/결과_데이터_32/안지산/video_frames/안전비디오/clips__14785133_1080_1920_24fps_0.00_4.50",
  "num_frames_total": 232,
  "num_frames_used": 32,
  "per_frame": {
    "clip_000_frame_000.jpg": {
      "violence_prob": 0.15350653231143951
    },
    "clip_000_frame_007.jpg": {
      "violence_prob": 0.13937349617481232
    },
    "clip_000_frame_014.jpg": {
      "violence_prob": 0.13424570858478546
    },
    "clip_000_frame_022.jpg": {
      "violence_prob": 0.13930797576904297
    },
    "clip_000_frame_029.jpg": {
      "violence_prob": 0.1404954195022583
    },
    "clip_000_frame_037.jpg": {
      "violence_prob": 0.13937349617481232
    },
    "clip_000_frame_044.jpg": {
      "violence_prob": 0.13424570858478546
    },
    "clip_000_frame_052.jpg": {
      "violence_prob": 0.13930797576904297
    },
    "clip_000_frame_059.jpg": {
      "violence_prob": 0.14082366228103638
    },
    "clip_000_frame_067.jpg": {
      "violence_prob": 0.1441183239221573
    },
    "clip_000_frame_074.jpg": {
      "violence_prob": 0.1447659134864807
    },
    "clip_000_frame_081.jpg": {
      "violence_prob": 0.15196718275547028
    },
    "clip_000_frame_089.jpg": {
      "violence_prob": 0.14967048168182373
    },
    "clip_000_frame_096.jpg": {
      "violence_prob": 0.13575144112110138
    },
    "clip_000_frame_104.jpg": {
      "violence_prob": 0.1372988224029541
    },
    "clip_000_frame_111.jpg": {
      "violence_prob": 0.13918884098529816
    },
    "clip_001_frame_003.jpg": {
      "violence_prob": 0.14967048168182373
    },
    "clip_001_frame_010.jpg": {
      "violence_prob": 0.13575144112110138
    },
    "clip_001_frame_018.jpg": {
      "violence_prob": 0.1372988224029541
    },
    "clip_001_frame_025.jpg": {
      "violence_prob": 0.13918884098529816
    },
    "clip_001_frame_033.jpg": {
      "violence_prob": 0.1404954195022583
    },
    "clip_001_frame_040.jpg": {
      "violence_prob": 0.14294616878032684
    },
    "clip_001_frame_047.jpg": {
      "violence_prob": 0.14708656072616577
    },
    "clip_001_frame_055.jpg": {
      "violence_prob": 0.155283585190773
    },
    "clip_001_frame_062.jpg": {
      "violence_prob": 0.16243651509284973
    },
    "clip_001_frame_070.jpg": {
      "violence_prob": 0.15863288938999176
    },
    "clip_001_frame_077.jpg": {
      "violence_prob": 0.15102988481521606
    },
    "clip_001_frame_085.jpg": {
      "violence_prob": 0.1471690684556961
    },
    "clip_001_frame_092.jpg": {
      "violence_prob": 0.14109095931053162
    },
    "clip_001_frame_100.jpg": {
      "violence_prob": 0.13424570858478546
    },
    "clip_001_frame_107.jpg": {
      "violence_prob": 0.13900062441825867
    },
    "clip_001_frame_115.jpg": {
      "violence_prob": 0.14082366228103638
    }
  },
  "overall": {
    "avg_violence_prob": 0.143299737945199,
    "max_violence_prob": 0.16243651509284973,
    "p95_violence_prob": 0.15679077208042144
  }
}