{
  "scores": {
    "clip": 0.8731108874082565,
    "vit": 0.3248187273740768,
    "slowfast": 0.06541185081005096,
    "audio": 0.0,
    "text": 0.0,
    "violence_stream": 0.06541185081005096,
    "final": 0.737511767745018
  },
  "fusion_weights": {
    "clip": 0.8,
    "vit": 0.1,
    "violence": 0.1,
    "audio": 0.0,
    "text": 0.0
  },
  "thresholds": {
    "allow": 0.3,
    "review": 0.55,
    "block": 0.78
  },
  "decision": "REVIEW"
}