{
  "model": "jaranohaal/vit-base-violence-detection",
  "frames_dir": "/home/jovyan/kau-muhayu-multimodal-harmful-content-detect/임영재/팀원_라벨링_모델선정/결과_데이터_training/팀원_데이터/video_frames/비디오/V_329",
  "num_frames_total": 119,
  "num_frames_used": 32,
  "per_frame": {
    "clip_000_frame_000.jpg": {
      "violence_prob": 0.41940441727638245
    },
    "clip_000_frame_003.jpg": {
      "violence_prob": 0.4002663791179657
    },
    "clip_000_frame_007.jpg": {
      "violence_prob": 0.4287412762641907
    },
    "clip_000_frame_011.jpg": {
      "violence_prob": 0.41449037194252014
    },
    "clip_000_frame_015.jpg": {
      "violence_prob": 0.40752941370010376
    },
    "clip_000_frame_019.jpg": {
      "violence_prob": 0.4047287702560425
    },
    "clip_000_frame_022.jpg": {
      "violence_prob": 0.42103415727615356
    },
    "clip_000_frame_026.jpg": {
      "violence_prob": 0.4156152307987213
    },
    "clip_000_frame_030.jpg": {
      "violence_prob": 0.3830641210079193
    },
    "clip_000_frame_034.jpg": {
      "violence_prob": 0.41017958521842957
    },
    "clip_000_frame_038.jpg": {
      "violence_prob": 0.3903132975101471
    },
    "clip_000_frame_041.jpg": {
      "violence_prob": 0.40482160449028015
    },
    "clip_000_frame_045.jpg": {
      "violence_prob": 0.3819933831691742
    },
    "clip_000_frame_049.jpg": {
      "violence_prob": 0.3789834976196289
    },
    "clip_000_frame_053.jpg": {
      "violence_prob": 0.3868202865123749
    },
    "clip_000_frame_057.jpg": {
      "violence_prob": 0.4193655848503113
    },
    "clip_001_frame_001.jpg": {
      "violence_prob": 0.38944265246391296
    },
    "clip_001_frame_005.jpg": {
      "violence_prob": 0.4228346645832062
    },
    "clip_001_frame_009.jpg": {
      "violence_prob": 0.39317670464515686
    },
    "clip_001_frame_013.jpg": {
      "violence_prob": 0.3817971348762512
    },
    "clip_001_frame_017.jpg": {
      "violence_prob": 0.3906031548976898
    },
    "clip_001_frame_020.jpg": {
      "violence_prob": 0.3764842748641968
    },
    "clip_001_frame_024.jpg": {
      "violence_prob": 0.3858080804347992
    },
    "clip_001_frame_028.jpg": {
      "violence_prob": 0.39817458391189575
    },
    "clip_001_frame_032.jpg": {
      "violence_prob": 0.3681222200393677
    },
    "clip_001_frame_036.jpg": {
      "violence_prob": 0.36437857151031494
    },
    "clip_001_frame_039.jpg": {
      "violence_prob": 0.4011518061161041
    },
    "clip_001_frame_043.jpg": {
      "violence_prob": 0.37507128715515137
    },
    "clip_001_frame_047.jpg": {
      "violence_prob": 0.3760010600090027
    },
    "clip_001_frame_051.jpg": {
      "violence_prob": 0.3639775216579437
    },
    "clip_001_frame_055.jpg": {
      "violence_prob": 0.3722638189792633
    },
    "clip_001_frame_059.jpg": {
      "violence_prob": 0.36421480774879456
    }
  },
  "overall": {
    "avg_violence_prob": 0.39346417877823114,
    "max_violence_prob": 0.4287412762641907,
    "p95_violence_prob": 0.42184438556432724
  }
}