{
  "scores": {
    "clip": 0.5857064545154571,
    "vit": 0.14900944530963897,
    "slowfast": 0.0,
    "audio": 0.0,
    "text": 0.06193317845463753,
    "violence_stream": 0.0,
    "final": 0.17726163536310197
  },
  "fusion_weights": {
    "clip": 0.15,
    "vit": 0.6,
    "violence": 0.25,
    "audio": 0.0,
    "text": 0.0
  },
  "thresholds": {
    "allow": 0.3,
    "review": 0.55,
    "block": 0.78
  },
  "decision": "ALLOW"
}