{
  "model": "jaranohaal/vit-base-violence-detection",
  "frames_dir": "/home/jovyan/kau-muhayu-multimodal-harmful-content-detect/임영재/팀원_라벨링/팀원_데이터/video_frames/asdasda_111",
  "num_frames_total": 150,
  "num_frames_used": 15,
  "per_frame": {
    "clip_000_frame_000.jpg": {
      "violence_prob": 0.5080038905143738
    },
    "clip_000_frame_010.jpg": {
      "violence_prob": 0.5133583545684814
    },
    "clip_000_frame_020.jpg": {
      "violence_prob": 0.5414117574691772
    },
    "clip_000_frame_030.jpg": {
      "violence_prob": 0.49700984358787537
    },
    "clip_000_frame_040.jpg": {
      "violence_prob": 0.5345326662063599
    },
    "clip_000_frame_050.jpg": {
      "violence_prob": 0.5236459970474243
    },
    "clip_001_frame_000.jpg": {
      "violence_prob": 0.49859440326690674
    },
    "clip_001_frame_010.jpg": {
      "violence_prob": 0.4928974211215973
    },
    "clip_001_frame_020.jpg": {
      "violence_prob": 0.4971040189266205
    },
    "clip_001_frame_030.jpg": {
      "violence_prob": 0.5246753096580505
    },
    "clip_001_frame_040.jpg": {
      "violence_prob": 0.575110912322998
    },
    "clip_001_frame_050.jpg": {
      "violence_prob": 0.5765647888183594
    },
    "clip_002_frame_000.jpg": {
      "violence_prob": 0.4821174740791321
    },
    "clip_002_frame_010.jpg": {
      "violence_prob": 0.4975214898586273
    },
    "clip_002_frame_020.jpg": {
      "violence_prob": 0.5038209557533264
    }
  },
  "overall": {
    "avg_violence_prob": 0.5177579522132874,
    "max_violence_prob": 0.5765647888183594,
    "p95_violence_prob": 0.5755470752716064
  }
}