{
  "scores": {
    "clip": 0.43457765281200406,
    "vit": 0.7203796178102493,
    "slowfast": 0.0,
    "audio": 0.001151153352111578,
    "text": 0.10062980651855469,
    "violence_stream": 0.0,
    "final": 0.49741441860795016
  },
  "fusion_weights": {
    "clip": 0.15,
    "vit": 0.6,
    "violence": 0.25,
    "audio": 0.0,
    "text": 0.0
  },
  "thresholds": {
    "allow": 0.3,
    "review": 0.55,
    "block": 0.78
  },
  "decision": "ALLOW"
}