{
  "model": "jaranohaal/vit-base-violence-detection",
  "frames_dir": "/home/jovyan/kau-muhayu-multimodal-harmful-content-detect/임영재/팀원_라벨링/팀원_데이터/video_frames/NV_30",
  "num_frames_total": 132,
  "num_frames_used": 14,
  "per_frame": {
    "clip_000_frame_000.jpg": {
      "violence_prob": 0.32236525416374207
    },
    "clip_000_frame_010.jpg": {
      "violence_prob": 0.3444576859474182
    },
    "clip_000_frame_020.jpg": {
      "violence_prob": 0.32357609272003174
    },
    "clip_000_frame_030.jpg": {
      "violence_prob": 0.776898205280304
    },
    "clip_000_frame_040.jpg": {
      "violence_prob": 0.403793066740036
    },
    "clip_000_frame_050.jpg": {
      "violence_prob": 0.4880814552307129
    },
    "clip_001_frame_000.jpg": {
      "violence_prob": 0.4538590908050537
    },
    "clip_001_frame_010.jpg": {
      "violence_prob": 0.5421703457832336
    },
    "clip_001_frame_020.jpg": {
      "violence_prob": 0.5325658321380615
    },
    "clip_001_frame_030.jpg": {
      "violence_prob": 0.6149778366088867
    },
    "clip_001_frame_040.jpg": {
      "violence_prob": 0.6454582810401917
    },
    "clip_001_frame_050.jpg": {
      "violence_prob": 0.6788683533668518
    },
    "clip_002_frame_000.jpg": {
      "violence_prob": 0.6899465322494507
    },
    "clip_002_frame_010.jpg": {
      "violence_prob": 0.6332657337188721
    }
  },
  "overall": {
    "avg_violence_prob": 0.5321631261280605,
    "max_violence_prob": 0.776898205280304,
    "p95_violence_prob": 0.7203796178102493
  }
}