{
  "scores": {
    "clip": 0.6072212666273117,
    "vit": 0.5155490964651107,
    "slowfast": 0.32231250405311584,
    "audio": 0.0,
    "text": 0.0,
    "violence_stream": 0.32231250405311584,
    "final": 0.4809907738864421
  },
  "fusion_weights": {
    "clip": 0.15,
    "vit": 0.6,
    "violence": 0.25,
    "audio": 0.0,
    "text": 0.0
  },
  "thresholds": {
    "allow": 0.3,
    "review": 0.55,
    "block": 0.78
  },
  "decision": "ALLOW"
}