{
  "scores": {
    "clip": 0.8920837372541428,
    "vit": 0.2629180446267128,
    "slowfast": 0.0,
    "audio": 0.0005710280383937061,
    "text": 0.0,
    "violence_stream": 0.0,
    "final": 0.7399587942659857
  },
  "fusion_weights": {
    "clip": 0.8,
    "vit": 0.1,
    "violence": 0.1,
    "audio": 0.0,
    "text": 0.0
  },
  "thresholds": {
    "allow": 0.3,
    "review": 0.55,
    "block": 0.78
  },
  "decision": "REVIEW"
}