{
  "model": "jaranohaal/vit-base-violence-detection",
  "frames_dir": "/home/jovyan/kau-muhayu-multimodal-harmful-content-detect/임영재/팀원_라벨링_모델선정/결과_데이터_32/안지산/video_frames/비디오/violence__clips__4765225-hd_1920_1080_24fps_0.00_33.70",
  "num_frames_total": 767,
  "num_frames_used": 32,
  "per_frame": {
    "clip_000_frame_000.jpg": {
      "violence_prob": 0.12002979218959808
    },
    "clip_000_frame_024.jpg": {
      "violence_prob": 0.16376753151416779
    },
    "clip_001_frame_002.jpg": {
      "violence_prob": 0.15121863782405853
    },
    "clip_001_frame_027.jpg": {
      "violence_prob": 0.11695773154497147
    },
    "clip_002_frame_003.jpg": {
      "violence_prob": 0.15681740641593933
    },
    "clip_002_frame_028.jpg": {
      "violence_prob": 0.13051550090312958
    },
    "clip_003_frame_005.jpg": {
      "violence_prob": 0.14651882648468018
    },
    "clip_003_frame_029.jpg": {
      "violence_prob": 0.16077351570129395
    },
    "clip_004_frame_006.jpg": {
      "violence_prob": 0.13060621917247772
    },
    "clip_004_frame_031.jpg": {
      "violence_prob": 0.12253359705209732
    },
    "clip_005_frame_008.jpg": {
      "violence_prob": 0.16137008368968964
    },
    "clip_005_frame_032.jpg": {
      "violence_prob": 0.16174325346946716
    },
    "clip_006_frame_009.jpg": {
      "violence_prob": 0.12177473306655884
    },
    "clip_006_frame_034.jpg": {
      "violence_prob": 0.12351217865943909
    },
    "clip_007_frame_010.jpg": {
      "violence_prob": 0.11838559806346893
    },
    "clip_007_frame_035.jpg": {
      "violence_prob": 0.16017386317253113
    },
    "clip_008_frame_012.jpg": {
      "violence_prob": 0.14690044522285461
    },
    "clip_008_frame_037.jpg": {
      "violence_prob": 0.15990197658538818
    },
    "clip_009_frame_013.jpg": {
      "violence_prob": 0.11095524579286575
    },
    "clip_009_frame_038.jpg": {
      "violence_prob": 0.16008582711219788
    },
    "clip_010_frame_015.jpg": {
      "violence_prob": 0.11963560432195663
    },
    "clip_010_frame_039.jpg": {
      "violence_prob": 0.09635212272405624
    },
    "clip_011_frame_016.jpg": {
      "violence_prob": 0.16133075952529907
    },
    "clip_011_frame_041.jpg": {
      "violence_prob": 0.1598810851573944
    },
    "clip_012_frame_018.jpg": {
      "violence_prob": 0.09397897869348526
    },
    "clip_012_frame_042.jpg": {
      "violence_prob": 0.16290530562400818
    },
    "clip_013_frame_019.jpg": {
      "violence_prob": 0.1098971888422966
    },
    "clip_013_frame_044.jpg": {
      "violence_prob": 0.10784707218408585
    },
    "clip_014_frame_020.jpg": {
      "violence_prob": 0.1619817614555359
    },
    "clip_014_frame_045.jpg": {
      "violence_prob": 0.16588054597377777
    },
    "clip_015_frame_022.jpg": {
      "violence_prob": 0.07351762801408768
    },
    "clip_015_frame_047.jpg": {
      "violence_prob": 0.16146595776081085
    }
  },
  "overall": {
    "avg_violence_prob": 0.13747549918480217,
    "max_violence_prob": 0.16588054597377777,
    "p95_violence_prob": 0.16329330727458
  }
}