{
  "scores": {
    "clip": 0.7236865520477295,
    "vit": 0.13924923539161682,
    "slowfast": 0.12665867805480957,
    "audio": 0.0,
    "text": 0.0,
    "violence_stream": 0.12665867805480957,
    "final": 0.6055400329828262
  },
  "fusion_weights": {
    "clip": 0.8,
    "vit": 0.1,
    "violence": 0.1,
    "audio": 0.0,
    "text": 0.0
  },
  "thresholds": {
    "allow": 0.3,
    "review": 0.55,
    "block": 0.78
  },
  "decision": "REVIEW"
}