{
  "model": "jaranohaal/vit-base-violence-detection",
  "frames_dir": "/home/jovyan/kau-muhayu-multimodal-harmful-content-detect/임영재/팀원_라벨링_모델선정/결과_데이터_32/안지산/video_frames/비디오/alcohol__clips__4170286-hd_1920_1080_24fps_82.46_164.93",
  "num_frames_total": 1966,
  "num_frames_used": 32,
  "per_frame": {
    "clip_000_frame_000.jpg": {
      "violence_prob": 0.10220468789339066
    },
    "clip_001_frame_016.jpg": {
      "violence_prob": 0.10099294781684875
    },
    "clip_002_frame_031.jpg": {
      "violence_prob": 0.10068193823099136
    },
    "clip_003_frame_047.jpg": {
      "violence_prob": 0.10988609492778778
    },
    "clip_005_frame_014.jpg": {
      "violence_prob": 0.11270033568143845
    },
    "clip_006_frame_029.jpg": {
      "violence_prob": 0.11143102496862411
    },
    "clip_007_frame_045.jpg": {
      "violence_prob": 0.11154317855834961
    },
    "clip_009_frame_012.jpg": {
      "violence_prob": 0.11041969060897827
    },
    "clip_010_frame_028.jpg": {
      "violence_prob": 0.10670547187328339
    },
    "clip_011_frame_043.jpg": {
      "violence_prob": 0.11278018355369568
    },
    "clip_013_frame_010.jpg": {
      "violence_prob": 0.11388350278139114
    },
    "clip_014_frame_026.jpg": {
      "violence_prob": 0.10346949100494385
    },
    "clip_015_frame_041.jpg": {
      "violence_prob": 0.10200057923793793
    },
    "clip_017_frame_009.jpg": {
      "violence_prob": 0.10338841378688812
    },
    "clip_018_frame_024.jpg": {
      "violence_prob": 0.11042209714651108
    },
    "clip_019_frame_039.jpg": {
      "violence_prob": 0.10515904426574707
    },
    "clip_021_frame_008.jpg": {
      "violence_prob": 0.10940545797348022
    },
    "clip_022_frame_023.jpg": {
      "violence_prob": 0.11439013481140137
    },
    "clip_023_frame_038.jpg": {
      "violence_prob": 0.11096182465553284
    },
    "clip_025_frame_006.jpg": {
      "violence_prob": 0.10593756288290024
    },
    "clip_026_frame_021.jpg": {
      "violence_prob": 0.10906105488538742
    },
    "clip_027_frame_037.jpg": {
      "violence_prob": 0.10965589433908463
    },
    "clip_029_frame_004.jpg": {
      "violence_prob": 0.10908397287130356
    },
    "clip_030_frame_019.jpg": {
      "violence_prob": 0.12109839916229248
    },
    "clip_031_frame_035.jpg": {
      "violence_prob": 0.11950162798166275
    },
    "clip_033_frame_002.jpg": {
      "violence_prob": 0.11185084283351898
    },
    "clip_034_frame_018.jpg": {
      "violence_prob": 0.10851751267910004
    },
    "clip_035_frame_033.jpg": {
      "violence_prob": 0.10762950778007507
    },
    "clip_037_frame_000.jpg": {
      "violence_prob": 0.10221295803785324
    },
    "clip_038_frame_016.jpg": {
      "violence_prob": 0.09265920519828796
    },
    "clip_039_frame_031.jpg": {
      "violence_prob": 0.09296394139528275
    },
    "clip_040_frame_047.jpg": {
      "violence_prob": 0.0936816856265068
    }
  },
  "overall": {
    "avg_violence_prob": 0.10738375829532743,
    "max_violence_prob": 0.12109839916229248,
    "p95_violence_prob": 0.11669030673801899
  }
}