{
  "scores": {
    "clip": 0.7938204944133759,
    "vit": 0.7326104193925858,
    "slowfast": 0.0,
    "audio": 0.0,
    "text": 0.7559460401535034,
    "violence_stream": 0.0,
    "final": 0.5586393257975578
  },
  "fusion_weights": {
    "clip": 0.15,
    "vit": 0.6,
    "violence": 0.25,
    "audio": 0.0,
    "text": 0.0
  },
  "thresholds": {
    "allow": 0.3,
    "review": 0.55,
    "block": 0.78
  },
  "decision": "REVIEW"
}