{
  "scores": {
    "clip": 0.8388988584280014,
    "vit": 0.19158669412136076,
    "slowfast": 0.016044240444898605,
    "audio": 0.0,
    "text": 0.0,
    "violence_stream": 0.016044240444898605,
    "final": 0.2447979053482413
  },
  "fusion_weights": {
    "clip": 0.15,
    "vit": 0.6,
    "violence": 0.25,
    "audio": 0.0,
    "text": 0.0
  },
  "thresholds": {
    "allow": 0.3,
    "review": 0.55,
    "block": 0.78
  },
  "decision": "ALLOW"
}