{
  "model": "jaranohaal/vit-base-violence-detection",
  "frames_dir": "/home/jovyan/kau-muhayu-multimodal-harmful-content-detect/임영재/팀원_라벨링/팀원_데이터/video_frames/24E0xYYUz44_2",
  "num_frames_total": 150,
  "num_frames_used": 15,
  "per_frame": {
    "clip_000_frame_000.jpg": {
      "violence_prob": 0.5249695181846619
    },
    "clip_000_frame_010.jpg": {
      "violence_prob": 0.5273526310920715
    },
    "clip_000_frame_020.jpg": {
      "violence_prob": 0.571863055229187
    },
    "clip_000_frame_030.jpg": {
      "violence_prob": 0.5783849358558655
    },
    "clip_000_frame_040.jpg": {
      "violence_prob": 0.5789179801940918
    },
    "clip_000_frame_050.jpg": {
      "violence_prob": 0.5697343945503235
    },
    "clip_001_frame_000.jpg": {
      "violence_prob": 0.49629294872283936
    },
    "clip_001_frame_010.jpg": {
      "violence_prob": 0.49139702320098877
    },
    "clip_001_frame_020.jpg": {
      "violence_prob": 0.5694056153297424
    },
    "clip_001_frame_030.jpg": {
      "violence_prob": 0.6050489544868469
    },
    "clip_001_frame_040.jpg": {
      "violence_prob": 0.6065636873245239
    },
    "clip_001_frame_050.jpg": {
      "violence_prob": 0.5967385768890381
    },
    "clip_002_frame_000.jpg": {
      "violence_prob": 0.541664719581604
    },
    "clip_002_frame_010.jpg": {
      "violence_prob": 0.5469710826873779
    },
    "clip_002_frame_020.jpg": {
      "violence_prob": 0.5052631497383118
    }
  },
  "overall": {
    "avg_violence_prob": 0.554037884871165,
    "max_violence_prob": 0.6065636873245239,
    "p95_violence_prob": 0.60550337433815
  }
}