{
  "model": "jaranohaal/vit-base-violence-detection",
  "frames_dir": "/home/jovyan/kau-muhayu-multimodal-harmful-content-detect/임영재/팀원_라벨링/팀원_데이터/video_frames/iTs901V6_0",
  "num_frames_total": 120,
  "num_frames_used": 12,
  "per_frame": {
    "clip_000_frame_000.jpg": {
      "violence_prob": 0.5859344005584717
    },
    "clip_000_frame_010.jpg": {
      "violence_prob": 0.5833717584609985
    },
    "clip_000_frame_020.jpg": {
      "violence_prob": 0.5853707194328308
    },
    "clip_000_frame_030.jpg": {
      "violence_prob": 0.584999144077301
    },
    "clip_000_frame_040.jpg": {
      "violence_prob": 0.5857778191566467
    },
    "clip_000_frame_050.jpg": {
      "violence_prob": 0.5862196683883667
    },
    "clip_001_frame_000.jpg": {
      "violence_prob": 0.5878044366836548
    },
    "clip_001_frame_010.jpg": {
      "violence_prob": 0.5880216360092163
    },
    "clip_001_frame_020.jpg": {
      "violence_prob": 0.5902169942855835
    },
    "clip_001_frame_030.jpg": {
      "violence_prob": 0.5900324583053589
    },
    "clip_001_frame_040.jpg": {
      "violence_prob": 0.5899612307548523
    },
    "clip_001_frame_050.jpg": {
      "violence_prob": 0.5905506014823914
    }
  },
  "overall": {
    "avg_violence_prob": 0.5873550722996393,
    "max_violence_prob": 0.5905506014823914,
    "p95_violence_prob": 0.5903671175241471
  }
}