{
  "scores": {
    "clip": 0.9010008335113525,
    "vit": 0.12887158319354058,
    "slowfast": 0.08136561512947083,
    "audio": 0.003191208466887474,
    "text": 0.0,
    "violence_stream": 0.08136561512947083,
    "final": 0.7418243866413832
  },
  "fusion_weights": {
    "clip": 0.8,
    "vit": 0.1,
    "violence": 0.1,
    "audio": 0.0,
    "text": 0.0
  },
  "thresholds": {
    "allow": 0.3,
    "review": 0.55,
    "block": 0.78
  },
  "decision": "REVIEW"
}