{
  "scores": {
    "clip": 0.7405145198106765,
    "vit": 0.7185784995555877,
    "slowfast": 0.0,
    "audio": 0.0,
    "text": 0.024623174220323563,
    "violence_stream": 0.0,
    "final": 0.5422242777049541
  },
  "fusion_weights": {
    "clip": 0.15,
    "vit": 0.6,
    "violence": 0.25,
    "audio": 0.0,
    "text": 0.0
  },
  "thresholds": {
    "allow": 0.3,
    "review": 0.55,
    "block": 0.78
  },
  "decision": "ALLOW"
}