{
  "model": "jaranohaal/vit-base-violence-detection",
  "frames_dir": "/home/jovyan/kau-muhayu-multimodal-harmful-content-detect/임영재/팀원_라벨링_모델선정/결과_데이터_32/안지산/video_frames/비디오/weapons__clips__3169657-hd_1920_1080_25fps_0.00_6.90",
  "num_frames_total": 150,
  "num_frames_used": 32,
  "per_frame": {
    "clip_000_frame_000.jpg": {
      "violence_prob": 0.16236577928066254
    },
    "clip_000_frame_004.jpg": {
      "violence_prob": 0.16040073335170746
    },
    "clip_000_frame_009.jpg": {
      "violence_prob": 0.17357365787029266
    },
    "clip_000_frame_014.jpg": {
      "violence_prob": 0.22760359942913055
    },
    "clip_000_frame_019.jpg": {
      "violence_prob": 0.289120614528656
    },
    "clip_000_frame_024.jpg": {
      "violence_prob": 0.2416183352470398
    },
    "clip_000_frame_028.jpg": {
      "violence_prob": 0.1675671637058258
    },
    "clip_000_frame_033.jpg": {
      "violence_prob": 0.17224669456481934
    },
    "clip_000_frame_038.jpg": {
      "violence_prob": 0.16594606637954712
    },
    "clip_000_frame_043.jpg": {
      "violence_prob": 0.1637076735496521
    },
    "clip_000_frame_048.jpg": {
      "violence_prob": 0.16236251592636108
    },
    "clip_001_frame_002.jpg": {
      "violence_prob": 0.161886528134346
    },
    "clip_001_frame_007.jpg": {
      "violence_prob": 0.1600124090909958
    },
    "clip_001_frame_012.jpg": {
      "violence_prob": 0.15925171971321106
    },
    "clip_001_frame_017.jpg": {
      "violence_prob": 0.15933096408843994
    },
    "clip_001_frame_022.jpg": {
      "violence_prob": 0.15960054099559784
    },
    "clip_001_frame_026.jpg": {
      "violence_prob": 0.15913692116737366
    },
    "clip_001_frame_031.jpg": {
      "violence_prob": 0.15963856875896454
    },
    "clip_001_frame_036.jpg": {
      "violence_prob": 0.1594610959291458
    },
    "clip_001_frame_041.jpg": {
      "violence_prob": 0.15943759679794312
    },
    "clip_001_frame_046.jpg": {
      "violence_prob": 0.16134421527385712
    },
    "clip_002_frame_000.jpg": {
      "violence_prob": 0.16070528328418732
    },
    "clip_002_frame_005.jpg": {
      "violence_prob": 0.1615920215845108
    },
    "clip_002_frame_010.jpg": {
      "violence_prob": 0.16345086693763733
    },
    "clip_002_frame_015.jpg": {
      "violence_prob": 0.16443020105361938
    },
    "clip_002_frame_020.jpg": {
      "violence_prob": 0.16332148015499115
    },
    "clip_002_frame_024.jpg": {
      "violence_prob": 0.16426421701908112
    },
    "clip_002_frame_029.jpg": {
      "violence_prob": 0.16488540172576904
    },
    "clip_002_frame_034.jpg": {
      "violence_prob": 0.16384464502334595
    },
    "clip_002_frame_039.jpg": {
      "violence_prob": 0.16521678864955902
    },
    "clip_002_frame_044.jpg": {
      "violence_prob": 0.1647600680589676
    },
    "clip_002_frame_049.jpg": {
      "violence_prob": 0.16524767875671387
    }
  },
  "overall": {
    "avg_violence_prob": 0.1714791264384985,
    "max_violence_prob": 0.289120614528656,
    "p95_violence_prob": 0.2339102305471897
  }
}