{
  "scores": {
    "clip": 0.6922135472297668,
    "vit": 0.5387679457664489,
    "slowfast": 0.025954263284802437,
    "audio": 0.0,
    "text": 0.004121646285057068,
    "violence_stream": 0.025954263284802437,
    "final": 0.433581365365535
  },
  "fusion_weights": {
    "clip": 0.15,
    "vit": 0.6,
    "violence": 0.25,
    "audio": 0.0,
    "text": 0.0
  },
  "thresholds": {
    "allow": 0.3,
    "review": 0.55,
    "block": 0.78
  },
  "decision": "ALLOW"
}