{
  "model": "jaranohaal/vit-base-violence-detection",
  "frames_dir": "/home/jovyan/kau-muhayu-multimodal-harmful-content-detect/임영재/팀원_라벨링_모델선정/결과_데이터_32/박상원/video_frames/안전비디오/..__비디오__video_150_road_rage",
  "num_frames_total": 1078,
  "num_frames_used": 32,
  "per_frame": {
    "clip_000_frame_000.jpg": {
      "violence_prob": 0.1304141730070114
    },
    "clip_000_frame_034.jpg": {
      "violence_prob": 0.12778030335903168
    },
    "clip_001_frame_010.jpg": {
      "violence_prob": 0.12836475670337677
    },
    "clip_001_frame_045.jpg": {
      "violence_prob": 0.13033583760261536
    },
    "clip_002_frame_019.jpg": {
      "violence_prob": 0.12925894558429718
    },
    "clip_002_frame_054.jpg": {
      "violence_prob": 0.13226178288459778
    },
    "clip_003_frame_029.jpg": {
      "violence_prob": 0.13179101049900055
    },
    "clip_004_frame_004.jpg": {
      "violence_prob": 0.13163337111473083
    },
    "clip_004_frame_038.jpg": {
      "violence_prob": 0.13201899826526642
    },
    "clip_005_frame_013.jpg": {
      "violence_prob": 0.132465198636055
    },
    "clip_005_frame_048.jpg": {
      "violence_prob": 0.12890303134918213
    },
    "clip_006_frame_023.jpg": {
      "violence_prob": 0.12854427099227905
    },
    "clip_006_frame_057.jpg": {
      "violence_prob": 0.12979070842266083
    },
    "clip_007_frame_032.jpg": {
      "violence_prob": 0.13285182416439056
    },
    "clip_008_frame_007.jpg": {
      "violence_prob": 0.13541994988918304
    },
    "clip_008_frame_042.jpg": {
      "violence_prob": 0.13508842885494232
    },
    "clip_009_frame_016.jpg": {
      "violence_prob": 0.12921568751335144
    },
    "clip_009_frame_051.jpg": {
      "violence_prob": 0.13544601202011108
    },
    "clip_010_frame_026.jpg": {
      "violence_prob": 0.1295473724603653
    },
    "clip_011_frame_001.jpg": {
      "violence_prob": 0.13005390763282776
    },
    "clip_011_frame_035.jpg": {
      "violence_prob": 0.13119398057460785
    },
    "clip_012_frame_010.jpg": {
      "violence_prob": 0.13094066083431244
    },
    "clip_012_frame_045.jpg": {
      "violence_prob": 0.12953506410121918
    },
    "clip_013_frame_020.jpg": {
      "violence_prob": 0.13018181920051575
    },
    "clip_013_frame_054.jpg": {
      "violence_prob": 0.13305573165416718
    },
    "clip_014_frame_029.jpg": {
      "violence_prob": 0.13895869255065918
    },
    "clip_015_frame_004.jpg": {
      "violence_prob": 0.13803817331790924
    },
    "clip_015_frame_039.jpg": {
      "violence_prob": 0.14296425879001617
    },
    "clip_016_frame_013.jpg": {
      "violence_prob": 0.1455439031124115
    },
    "clip_016_frame_048.jpg": {
      "violence_prob": 0.14473482966423035
    },
    "clip_017_frame_024.jpg": {
      "violence_prob": 0.147043377161026
    },
    "clip_017_frame_059.jpg": {
      "violence_prob": 0.15417437255382538
    }
  },
  "overall": {
    "avg_violence_prob": 0.13398595107719302,
    "max_violence_prob": 0.15417437255382538,
    "p95_violence_prob": 0.14621866643428802
  }
}