{
  "model": "jaranohaal/vit-base-violence-detection",
  "frames_dir": "/home/jovyan/kau-muhayu-multimodal-harmful-content-detect/임영재/팀원_라벨링/팀원_데이터/video_frames/NV_508",
  "num_frames_total": 116,
  "num_frames_used": 12,
  "per_frame": {
    "clip_000_frame_000.jpg": {
      "violence_prob": 0.33170512318611145
    },
    "clip_000_frame_010.jpg": {
      "violence_prob": 0.3358037769794464
    },
    "clip_000_frame_020.jpg": {
      "violence_prob": 0.3401242792606354
    },
    "clip_000_frame_030.jpg": {
      "violence_prob": 0.32430750131607056
    },
    "clip_000_frame_040.jpg": {
      "violence_prob": 0.31063520908355713
    },
    "clip_000_frame_050.jpg": {
      "violence_prob": 0.3112334609031677
    },
    "clip_001_frame_002.jpg": {
      "violence_prob": 0.2794138789176941
    },
    "clip_001_frame_012.jpg": {
      "violence_prob": 0.2461264282464981
    },
    "clip_001_frame_022.jpg": {
      "violence_prob": 0.4142232835292816
    },
    "clip_001_frame_032.jpg": {
      "violence_prob": 0.4695187509059906
    },
    "clip_001_frame_042.jpg": {
      "violence_prob": 0.5004287362098694
    },
    "clip_001_frame_052.jpg": {
      "violence_prob": 0.5092334747314453
    }
  },
  "overall": {
    "avg_violence_prob": 0.364396158605814,
    "max_violence_prob": 0.5092334747314453,
    "p95_violence_prob": 0.5043908685445786
  }
}