{
  "model": "jaranohaal/vit-base-violence-detection",
  "frames_dir": "/home/jovyan/kau-muhayu-multimodal-harmful-content-detect/임영재/팀원_라벨링_모델선정/결과_데이터_32/안지산/video_frames/비디오/sexual__clips__5241137-hd_1080_1920_30fps_0.00_4.76",
  "num_frames_total": 119,
  "num_frames_used": 32,
  "per_frame": {
    "clip_000_frame_000.jpg": {
      "violence_prob": 0.36754128336906433
    },
    "clip_000_frame_003.jpg": {
      "violence_prob": 0.3870685398578644
    },
    "clip_000_frame_007.jpg": {
      "violence_prob": 0.34428977966308594
    },
    "clip_000_frame_011.jpg": {
      "violence_prob": 0.33126524090766907
    },
    "clip_000_frame_015.jpg": {
      "violence_prob": 0.370551198720932
    },
    "clip_000_frame_019.jpg": {
      "violence_prob": 0.35560834407806396
    },
    "clip_000_frame_022.jpg": {
      "violence_prob": 0.3466656804084778
    },
    "clip_000_frame_026.jpg": {
      "violence_prob": 0.35889482498168945
    },
    "clip_000_frame_030.jpg": {
      "violence_prob": 0.36983057856559753
    },
    "clip_000_frame_034.jpg": {
      "violence_prob": 0.37625595927238464
    },
    "clip_000_frame_038.jpg": {
      "violence_prob": 0.3688729703426361
    },
    "clip_000_frame_041.jpg": {
      "violence_prob": 0.36329197883605957
    },
    "clip_000_frame_045.jpg": {
      "violence_prob": 0.35582876205444336
    },
    "clip_000_frame_049.jpg": {
      "violence_prob": 0.33832070231437683
    },
    "clip_000_frame_053.jpg": {
      "violence_prob": 0.31058886647224426
    },
    "clip_000_frame_057.jpg": {
      "violence_prob": 0.3088580369949341
    },
    "clip_001_frame_001.jpg": {
      "violence_prob": 0.3293379545211792
    },
    "clip_001_frame_005.jpg": {
      "violence_prob": 0.3268948793411255
    },
    "clip_001_frame_009.jpg": {
      "violence_prob": 0.34540417790412903
    },
    "clip_001_frame_013.jpg": {
      "violence_prob": 0.32931381464004517
    },
    "clip_001_frame_017.jpg": {
      "violence_prob": 0.3207706809043884
    },
    "clip_001_frame_020.jpg": {
      "violence_prob": 0.3190022110939026
    },
    "clip_001_frame_024.jpg": {
      "violence_prob": 0.3225109279155731
    },
    "clip_001_frame_028.jpg": {
      "violence_prob": 0.31724411249160767
    },
    "clip_001_frame_032.jpg": {
      "violence_prob": 0.30692583322525024
    },
    "clip_001_frame_036.jpg": {
      "violence_prob": 0.314500093460083
    },
    "clip_001_frame_039.jpg": {
      "violence_prob": 0.30094149708747864
    },
    "clip_001_frame_043.jpg": {
      "violence_prob": 0.28545838594436646
    },
    "clip_001_frame_047.jpg": {
      "violence_prob": 0.26483049988746643
    },
    "clip_001_frame_051.jpg": {
      "violence_prob": 0.24652063846588135
    },
    "clip_001_frame_055.jpg": {
      "violence_prob": 0.25061890482902527
    },
    "clip_001_frame_059.jpg": {
      "violence_prob": 0.2707918882369995
    }
  },
  "overall": {
    "avg_violence_prob": 0.3282749764621258,
    "max_violence_prob": 0.3870685398578644,
    "p95_violence_prob": 0.3731183409690857
  }
}