{
  "model": "jaranohaal/vit-base-violence-detection",
  "frames_dir": "/home/jovyan/kau-muhayu-multimodal-harmful-content-detect/임영재/팀원_라벨링/팀원_데이터/video_frames/1dsLuL5Lvbc_0",
  "num_frames_total": 120,
  "num_frames_used": 12,
  "per_frame": {
    "clip_000_frame_000.jpg": {
      "violence_prob": 0.5396147966384888
    },
    "clip_000_frame_010.jpg": {
      "violence_prob": 0.5401743054389954
    },
    "clip_000_frame_020.jpg": {
      "violence_prob": 0.5408917665481567
    },
    "clip_000_frame_030.jpg": {
      "violence_prob": 0.5407018661499023
    },
    "clip_000_frame_040.jpg": {
      "violence_prob": 0.5482319593429565
    },
    "clip_000_frame_050.jpg": {
      "violence_prob": 0.5485168695449829
    },
    "clip_001_frame_000.jpg": {
      "violence_prob": 0.5487391352653503
    },
    "clip_001_frame_010.jpg": {
      "violence_prob": 0.5440573692321777
    },
    "clip_001_frame_020.jpg": {
      "violence_prob": 0.5446916818618774
    },
    "clip_001_frame_030.jpg": {
      "violence_prob": 0.5440186858177185
    },
    "clip_001_frame_040.jpg": {
      "violence_prob": 0.5418440103530884
    },
    "clip_001_frame_050.jpg": {
      "violence_prob": 0.5416366457939148
    }
  },
  "overall": {
    "avg_violence_prob": 0.5435932576656342,
    "max_violence_prob": 0.5487391352653503,
    "p95_violence_prob": 0.5486168891191483
  }
}