{
  "scores": {
    "clip": 0.5148838877677917,
    "vit": 0.6767760515213013,
    "slowfast": 0.0,
    "audio": 0.0,
    "text": 0.06415823847055435,
    "violence_stream": 0.0,
    "final": 0.4832982140779495
  },
  "fusion_weights": {
    "clip": 0.15,
    "vit": 0.6,
    "violence": 0.25,
    "audio": 0.0,
    "text": 0.0
  },
  "thresholds": {
    "allow": 0.3,
    "review": 0.55,
    "block": 0.78
  },
  "decision": "ALLOW"
}