{
  "model": "jaranohaal/vit-base-violence-detection",
  "frames_dir": "/home/jovyan/kau-muhayu-multimodal-harmful-content-detect/임영재/팀원_라벨링_모델선정/결과_데이터_32/임영재/video_frames/안전비디오/NV_549",
  "num_frames_total": 100,
  "num_frames_used": 32,
  "per_frame": {
    "clip_000_frame_000.jpg": {
      "violence_prob": 0.17133761942386627
    },
    "clip_000_frame_003.jpg": {
      "violence_prob": 0.1715257465839386
    },
    "clip_000_frame_006.jpg": {
      "violence_prob": 0.17299199104309082
    },
    "clip_000_frame_009.jpg": {
      "violence_prob": 0.17295010387897491
    },
    "clip_000_frame_012.jpg": {
      "violence_prob": 0.17030881345272064
    },
    "clip_000_frame_015.jpg": {
      "violence_prob": 0.17031045258045197
    },
    "clip_000_frame_019.jpg": {
      "violence_prob": 0.1685362458229065
    },
    "clip_000_frame_022.jpg": {
      "violence_prob": 0.16957511007785797
    },
    "clip_000_frame_025.jpg": {
      "violence_prob": 0.1698618233203888
    },
    "clip_000_frame_028.jpg": {
      "violence_prob": 0.17210154235363007
    },
    "clip_000_frame_031.jpg": {
      "violence_prob": 0.16609367728233337
    },
    "clip_000_frame_035.jpg": {
      "violence_prob": 0.16791681945323944
    },
    "clip_000_frame_038.jpg": {
      "violence_prob": 0.16647736728191376
    },
    "clip_000_frame_041.jpg": {
      "violence_prob": 0.15120279788970947
    },
    "clip_000_frame_044.jpg": {
      "violence_prob": 0.14975926280021667
    },
    "clip_000_frame_047.jpg": {
      "violence_prob": 0.15423253178596497
    },
    "clip_001_frame_001.jpg": {
      "violence_prob": 0.1572127789258957
    },
    "clip_001_frame_004.jpg": {
      "violence_prob": 0.15586288273334503
    },
    "clip_001_frame_007.jpg": {
      "violence_prob": 0.15561263263225555
    },
    "clip_001_frame_010.jpg": {
      "violence_prob": 0.1565869003534317
    },
    "clip_001_frame_013.jpg": {
      "violence_prob": 0.15338356792926788
    },
    "clip_001_frame_017.jpg": {
      "violence_prob": 0.14663894474506378
    },
    "clip_001_frame_020.jpg": {
      "violence_prob": 0.1451975703239441
    },
    "clip_001_frame_023.jpg": {
      "violence_prob": 0.1438475400209427
    },
    "clip_001_frame_026.jpg": {
      "violence_prob": 0.15111494064331055
    },
    "clip_001_frame_029.jpg": {
      "violence_prob": 0.15252962708473206
    },
    "clip_001_frame_033.jpg": {
      "violence_prob": 0.15339884161949158
    },
    "clip_001_frame_036.jpg": {
      "violence_prob": 0.15262632071971893
    },
    "clip_001_frame_039.jpg": {
      "violence_prob": 0.1538979560136795
    },
    "clip_001_frame_042.jpg": {
      "violence_prob": 0.15672606229782104
    },
    "clip_001_frame_045.jpg": {
      "violence_prob": 0.15620042383670807
    },
    "clip_001_frame_049.jpg": {
      "violence_prob": 0.15881164371967316
    }
  },
  "overall": {
    "avg_violence_prob": 0.15983845433220267,
    "max_violence_prob": 0.17299199104309082,
    "p95_violence_prob": 0.17248339504003524
  }
}