{
  "scores": {
    "clip": 0.8038111388683319,
    "vit": 0.5573184579610825,
    "slowfast": 0.04622574523091316,
    "audio": 0.0,
    "text": 0.3088715374469757,
    "violence_stream": 0.04622574523091316,
    "final": 0.46651918191462755
  },
  "fusion_weights": {
    "clip": 0.15,
    "vit": 0.6,
    "violence": 0.25,
    "audio": 0.0,
    "text": 0.0
  },
  "thresholds": {
    "allow": 0.3,
    "review": 0.55,
    "block": 0.78
  },
  "decision": "ALLOW"
}