{
  "scores": {
    "clip": 0.8018264770507812,
    "vit": 0.15502033159136772,
    "slowfast": 0.0829690545797348,
    "audio": 0.0,
    "text": 0.0,
    "violence_stream": 0.0829690545797348,
    "final": 0.6652601202577353
  },
  "fusion_weights": {
    "clip": 0.8,
    "vit": 0.1,
    "violence": 0.1,
    "audio": 0.0,
    "text": 0.0
  },
  "thresholds": {
    "allow": 0.3,
    "review": 0.55,
    "block": 0.78
  },
  "decision": "REVIEW"
}