{
  "model": "jaranohaal/vit-base-violence-detection",
  "frames_dir": "/home/jovyan/kau-muhayu-multimodal-harmful-content-detect/임영재/팀원_라벨링_모델선정/결과_데이터_32/임영재/video_frames/비디오/tUzd4cN2_0",
  "num_frames_total": 120,
  "num_frames_used": 32,
  "per_frame": {
    "clip_000_frame_000.jpg": {
      "violence_prob": 0.11668034642934799
    },
    "clip_000_frame_003.jpg": {
      "violence_prob": 0.11704614013433456
    },
    "clip_000_frame_007.jpg": {
      "violence_prob": 0.11626461893320084
    },
    "clip_000_frame_011.jpg": {
      "violence_prob": 0.1173192709684372
    },
    "clip_000_frame_015.jpg": {
      "violence_prob": 0.11807345598936081
    },
    "clip_000_frame_019.jpg": {
      "violence_prob": 0.119142085313797
    },
    "clip_000_frame_023.jpg": {
      "violence_prob": 0.11835242807865143
    },
    "clip_000_frame_026.jpg": {
      "violence_prob": 0.12032313644886017
    },
    "clip_000_frame_030.jpg": {
      "violence_prob": 0.12061073631048203
    },
    "clip_000_frame_034.jpg": {
      "violence_prob": 0.11993023753166199
    },
    "clip_000_frame_038.jpg": {
      "violence_prob": 0.12259694188833237
    },
    "clip_000_frame_042.jpg": {
      "violence_prob": 0.11758051812648773
    },
    "clip_000_frame_046.jpg": {
      "violence_prob": 0.12098827958106995
    },
    "clip_000_frame_049.jpg": {
      "violence_prob": 0.11939049512147903
    },
    "clip_000_frame_053.jpg": {
      "violence_prob": 0.1166413202881813
    },
    "clip_000_frame_057.jpg": {
      "violence_prob": 0.11406896263360977
    },
    "clip_001_frame_001.jpg": {
      "violence_prob": 0.11396507918834686
    },
    "clip_001_frame_005.jpg": {
      "violence_prob": 0.11347486078739166
    },
    "clip_001_frame_009.jpg": {
      "violence_prob": 0.11819369345903397
    },
    "clip_001_frame_012.jpg": {
      "violence_prob": 0.11702819913625717
    },
    "clip_001_frame_016.jpg": {
      "violence_prob": 0.11934202909469604
    },
    "clip_001_frame_020.jpg": {
      "violence_prob": 0.11669715493917465
    },
    "clip_001_frame_024.jpg": {
      "violence_prob": 0.11417276412248611
    },
    "clip_001_frame_028.jpg": {
      "violence_prob": 0.11328552663326263
    },
    "clip_001_frame_032.jpg": {
      "violence_prob": 0.11732756346464157
    },
    "clip_001_frame_035.jpg": {
      "violence_prob": 0.11588232964277267
    },
    "clip_001_frame_039.jpg": {
      "violence_prob": 0.12060818076133728
    },
    "clip_001_frame_043.jpg": {
      "violence_prob": 0.11781300604343414
    },
    "clip_001_frame_047.jpg": {
      "violence_prob": 0.12051761895418167
    },
    "clip_001_frame_051.jpg": {
      "violence_prob": 0.119822196662426
    },
    "clip_001_frame_055.jpg": {
      "violence_prob": 0.1205676943063736
    },
    "clip_001_frame_059.jpg": {
      "violence_prob": 0.12047812342643738
    }
  },
  "overall": {
    "avg_violence_prob": 0.11794328107498586,
    "max_violence_prob": 0.12259694188833237,
    "p95_violence_prob": 0.12078063078224659
  }
}