{
  "scores": {
    "clip": 0.6229128003120422,
    "vit": 0.24835068732500076,
    "slowfast": 0.005632268264889717,
    "audio": 0.0,
    "text": 0.0,
    "violence_stream": 0.005632268264889717,
    "final": 0.5237285358086229
  },
  "fusion_weights": {
    "clip": 0.8,
    "vit": 0.1,
    "violence": 0.1,
    "audio": 0.0,
    "text": 0.0
  },
  "thresholds": {
    "allow": 0.3,
    "review": 0.55,
    "block": 0.78
  },
  "decision": "ALLOW"
}