{
  "model": "jaranohaal/vit-base-violence-detection",
  "frames_dir": "/home/jovyan/kau-muhayu-multimodal-harmful-content-detect/임영재/팀원_라벨링_모델선정/결과_데이터_32/안지산/video_frames/비디오/sexual__clips__7324928-uhd_2160_2880_25fps_14.78_29.56",
  "num_frames_total": 350,
  "num_frames_used": 32,
  "per_frame": {
    "clip_000_frame_000.jpg": {
      "violence_prob": 0.24047406017780304
    },
    "clip_000_frame_011.jpg": {
      "violence_prob": 0.22811435163021088
    },
    "clip_000_frame_022.jpg": {
      "violence_prob": 0.23592428863048553
    },
    "clip_000_frame_033.jpg": {
      "violence_prob": 0.23481221497058868
    },
    "clip_000_frame_045.jpg": {
      "violence_prob": 0.2388341873884201
    },
    "clip_001_frame_006.jpg": {
      "violence_prob": 0.2349090576171875
    },
    "clip_001_frame_017.jpg": {
      "violence_prob": 0.2443147599697113
    },
    "clip_001_frame_028.jpg": {
      "violence_prob": 0.24554571509361267
    },
    "clip_001_frame_040.jpg": {
      "violence_prob": 0.24348194897174835
    },
    "clip_002_frame_001.jpg": {
      "violence_prob": 0.24247808754444122
    },
    "clip_002_frame_012.jpg": {
      "violence_prob": 0.24741359055042267
    },
    "clip_002_frame_023.jpg": {
      "violence_prob": 0.24680684506893158
    },
    "clip_002_frame_035.jpg": {
      "violence_prob": 0.24152399599552155
    },
    "clip_002_frame_046.jpg": {
      "violence_prob": 0.2366962432861328
    },
    "clip_003_frame_007.jpg": {
      "violence_prob": 0.24586808681488037
    },
    "clip_003_frame_018.jpg": {
      "violence_prob": 0.2505377531051636
    },
    "clip_003_frame_030.jpg": {
      "violence_prob": 0.24949602782726288
    },
    "clip_003_frame_041.jpg": {
      "violence_prob": 0.24256457388401031
    },
    "clip_004_frame_002.jpg": {
      "violence_prob": 0.23124973475933075
    },
    "clip_004_frame_013.jpg": {
      "violence_prob": 0.23105520009994507
    },
    "clip_004_frame_025.jpg": {
      "violence_prob": 0.23154917359352112
    },
    "clip_004_frame_036.jpg": {
      "violence_prob": 0.23238559067249298
    },
    "clip_004_frame_047.jpg": {
      "violence_prob": 0.23498386144638062
    },
    "clip_005_frame_008.jpg": {
      "violence_prob": 0.2351892739534378
    },
    "clip_005_frame_020.jpg": {
      "violence_prob": 0.2315768152475357
    },
    "clip_005_frame_031.jpg": {
      "violence_prob": 0.23153823614120483
    },
    "clip_005_frame_042.jpg": {
      "violence_prob": 0.23674820363521576
    },
    "clip_006_frame_003.jpg": {
      "violence_prob": 0.23874618113040924
    },
    "clip_006_frame_015.jpg": {
      "violence_prob": 0.2415306717157364
    },
    "clip_006_frame_026.jpg": {
      "violence_prob": 0.23880398273468018
    },
    "clip_006_frame_037.jpg": {
      "violence_prob": 0.2373918741941452
    },
    "clip_006_frame_049.jpg": {
      "violence_prob": 0.23671025037765503
    }
  },
  "overall": {
    "avg_violence_prob": 0.23872671369463205,
    "max_violence_prob": 0.2505377531051636,
    "p95_violence_prob": 0.24835068732500076
  }
}