{
  "scores": {
    "clip": 0.6949820041656494,
    "vit": 0.09980484992265701,
    "slowfast": 0.06735961139202118,
    "audio": 0.0,
    "text": 0.0,
    "violence_stream": 0.06735961139202118,
    "final": 0.5727020494639874
  },
  "fusion_weights": {
    "clip": 0.8,
    "vit": 0.1,
    "violence": 0.1,
    "audio": 0.0,
    "text": 0.0
  },
  "thresholds": {
    "allow": 0.3,
    "review": 0.55,
    "block": 0.78
  },
  "decision": "REVIEW"
}