{
  "scores": {
    "clip": 0.82581827044487,
    "vit": 0.146848264336586,
    "slowfast": 0.0,
    "audio": 0.011952069588005543,
    "text": 0.0,
    "violence_stream": 0.0,
    "final": 0.6753394427895547
  },
  "fusion_weights": {
    "clip": 0.8,
    "vit": 0.1,
    "violence": 0.1,
    "audio": 0.0,
    "text": 0.0
  },
  "thresholds": {
    "allow": 0.3,
    "review": 0.55,
    "block": 0.78
  },
  "decision": "REVIEW"
}