{
  "model": "jaranohaal/vit-base-violence-detection",
  "frames_dir": "/home/jovyan/kau-muhayu-multimodal-harmful-content-detect/임영재/팀원_라벨링_모델선정/결과_데이터_32/안지산/video_frames/비디오/smoking__clips__7230313-uhd_2160_3840_25fps_0.00_2.88",
  "num_frames_total": 50,
  "num_frames_used": 32,
  "per_frame": {
    "clip_000_frame_000.jpg": {
      "violence_prob": 0.1465940624475479
    },
    "clip_000_frame_001.jpg": {
      "violence_prob": 0.14628855884075165
    },
    "clip_000_frame_003.jpg": {
      "violence_prob": 0.1460953950881958
    },
    "clip_000_frame_004.jpg": {
      "violence_prob": 0.14611245691776276
    },
    "clip_000_frame_006.jpg": {
      "violence_prob": 0.14595746994018555
    },
    "clip_000_frame_007.jpg": {
      "violence_prob": 0.1457894742488861
    },
    "clip_000_frame_009.jpg": {
      "violence_prob": 0.14605797827243805
    },
    "clip_000_frame_011.jpg": {
      "violence_prob": 0.14611677825450897
    },
    "clip_000_frame_012.jpg": {
      "violence_prob": 0.14632543921470642
    },
    "clip_000_frame_014.jpg": {
      "violence_prob": 0.14628934860229492
    },
    "clip_000_frame_015.jpg": {
      "violence_prob": 0.14628617465496063
    },
    "clip_000_frame_017.jpg": {
      "violence_prob": 0.14613638818264008
    },
    "clip_000_frame_018.jpg": {
      "violence_prob": 0.14618122577667236
    },
    "clip_000_frame_020.jpg": {
      "violence_prob": 0.146491140127182
    },
    "clip_000_frame_022.jpg": {
      "violence_prob": 0.14665141701698303
    },
    "clip_000_frame_023.jpg": {
      "violence_prob": 0.1467907577753067
    },
    "clip_000_frame_025.jpg": {
      "violence_prob": 0.1468459516763687
    },
    "clip_000_frame_026.jpg": {
      "violence_prob": 0.1468297243118286
    },
    "clip_000_frame_028.jpg": {
      "violence_prob": 0.14658445119857788
    },
    "clip_000_frame_030.jpg": {
      "violence_prob": 0.14598527550697327
    },
    "clip_000_frame_031.jpg": {
      "violence_prob": 0.1459158957004547
    },
    "clip_000_frame_033.jpg": {
      "violence_prob": 0.1454264372587204
    },
    "clip_000_frame_034.jpg": {
      "violence_prob": 0.14558076858520508
    },
    "clip_000_frame_036.jpg": {
      "violence_prob": 0.14524993300437927
    },
    "clip_000_frame_037.jpg": {
      "violence_prob": 0.14531956613063812
    },
    "clip_000_frame_039.jpg": {
      "violence_prob": 0.14558307826519012
    },
    "clip_000_frame_041.jpg": {
      "violence_prob": 0.1458044797182083
    },
    "clip_000_frame_042.jpg": {
      "violence_prob": 0.14605934917926788
    },
    "clip_000_frame_044.jpg": {
      "violence_prob": 0.14599430561065674
    },
    "clip_000_frame_045.jpg": {
      "violence_prob": 0.14635637402534485
    },
    "clip_000_frame_047.jpg": {
      "violence_prob": 0.14653754234313965
    },
    "clip_000_frame_049.jpg": {
      "violence_prob": 0.14699256420135498
    }
  },
  "overall": {
    "avg_violence_prob": 0.1461634300649166,
    "max_violence_prob": 0.14699256420135498,
    "p95_violence_prob": 0.14683702662587167
  }
}