{
  "scores": {
    "clip": 0.6331146895885468,
    "vit": 0.5101670950651169,
    "slowfast": 0.03815736621618271,
    "audio": 0.0,
    "text": 0.0,
    "violence_stream": 0.03815736621618271,
    "final": 0.5613241977989675
  },
  "fusion_weights": {
    "clip": 0.8,
    "vit": 0.1,
    "violence": 0.1,
    "audio": 0.0,
    "text": 0.0
  },
  "thresholds": {
    "allow": 0.3,
    "review": 0.55,
    "block": 0.78
  },
  "decision": "REVIEW"
}