{
  "scores": {
    "clip": 0.6493891477584839,
    "vit": 0.14476526752114297,
    "slowfast": 0.4368966519832611,
    "audio": 0.0003131409757770598,
    "text": 0.0,
    "violence_stream": 0.4368966519832611,
    "final": 0.5776775101572275
  },
  "fusion_weights": {
    "clip": 0.8,
    "vit": 0.1,
    "violence": 0.1,
    "audio": 0.0,
    "text": 0.0
  },
  "thresholds": {
    "allow": 0.3,
    "review": 0.55,
    "block": 0.78
  },
  "decision": "REVIEW"
}