{
  "scores": {
    "clip": 0.5205648005008697,
    "vit": 0.877945053577423,
    "slowfast": 0.08492129296064377,
    "audio": 0.0,
    "text": 0.0,
    "violence_stream": 0.08492129296064377,
    "final": 0.6260820754617452
  },
  "fusion_weights": {
    "clip": 0.15,
    "vit": 0.6,
    "violence": 0.25,
    "audio": 0.0,
    "text": 0.0
  },
  "thresholds": {
    "allow": 0.3,
    "review": 0.55,
    "block": 0.78
  },
  "decision": "REVIEW"
}