{
  "model": "jaranohaal/vit-base-violence-detection",
  "frames_dir": "/home/jovyan/kau-muhayu-multimodal-harmful-content-detect/임영재/팀원_라벨링/팀원_데이터/video_frames/V_449",
  "num_frames_total": 120,
  "num_frames_used": 12,
  "per_frame": {
    "clip_000_frame_000.jpg": {
      "violence_prob": 0.7697886228561401
    },
    "clip_000_frame_010.jpg": {
      "violence_prob": 0.7861528396606445
    },
    "clip_000_frame_020.jpg": {
      "violence_prob": 0.7815116047859192
    },
    "clip_000_frame_030.jpg": {
      "violence_prob": 0.784686803817749
    },
    "clip_000_frame_040.jpg": {
      "violence_prob": 0.7974156141281128
    },
    "clip_000_frame_050.jpg": {
      "violence_prob": 0.799655020236969
    },
    "clip_001_frame_000.jpg": {
      "violence_prob": 0.8003381490707397
    },
    "clip_001_frame_010.jpg": {
      "violence_prob": 0.7794423699378967
    },
    "clip_001_frame_020.jpg": {
      "violence_prob": 0.777225136756897
    },
    "clip_001_frame_030.jpg": {
      "violence_prob": 0.7713273167610168
    },
    "clip_001_frame_040.jpg": {
      "violence_prob": 0.7580494284629822
    },
    "clip_001_frame_050.jpg": {
      "violence_prob": 0.7870981097221375
    }
  },
  "overall": {
    "avg_violence_prob": 0.7827242513497671,
    "max_violence_prob": 0.8003381490707397,
    "p95_violence_prob": 0.7999624282121658
  }
}