{
  "model": "jaranohaal/vit-base-violence-detection",
  "frames_dir": "/home/jovyan/kau-muhayu-multimodal-harmful-content-detect/임영재/팀원_라벨링/팀원_데이터/video_frames/tIvvuvuJFYc_0",
  "num_frames_total": 120,
  "num_frames_used": 12,
  "per_frame": {
    "clip_000_frame_000.jpg": {
      "violence_prob": 0.35646697878837585
    },
    "clip_000_frame_010.jpg": {
      "violence_prob": 0.3545924127101898
    },
    "clip_000_frame_020.jpg": {
      "violence_prob": 0.35796278715133667
    },
    "clip_000_frame_030.jpg": {
      "violence_prob": 0.36138832569122314
    },
    "clip_000_frame_040.jpg": {
      "violence_prob": 0.3599141538143158
    },
    "clip_000_frame_050.jpg": {
      "violence_prob": 0.356807142496109
    },
    "clip_001_frame_000.jpg": {
      "violence_prob": 0.3562372326850891
    },
    "clip_001_frame_010.jpg": {
      "violence_prob": 0.3592544496059418
    },
    "clip_001_frame_020.jpg": {
      "violence_prob": 0.35421323776245117
    },
    "clip_001_frame_030.jpg": {
      "violence_prob": 0.35495254397392273
    },
    "clip_001_frame_040.jpg": {
      "violence_prob": 0.35657528042793274
    },
    "clip_001_frame_050.jpg": {
      "violence_prob": 0.3576984405517578
    }
  },
  "overall": {
    "avg_violence_prob": 0.3571719154715538,
    "max_violence_prob": 0.36138832569122314,
    "p95_violence_prob": 0.3605775311589241
  }
}