{
  "scores": {
    "clip": 0.683281335234642,
    "vit": 0.15808710232377052,
    "slowfast": 0.3682743012905121,
    "audio": 0.0,
    "text": 0.0,
    "violence_stream": 0.3682743012905121,
    "final": 0.5992612085491419
  },
  "fusion_weights": {
    "clip": 0.8,
    "vit": 0.1,
    "violence": 0.1,
    "audio": 0.0,
    "text": 0.0
  },
  "thresholds": {
    "allow": 0.3,
    "review": 0.55,
    "block": 0.78
  },
  "decision": "REVIEW"
}