{
  "scores": {
    "clip": 0.6733425468206405,
    "vit": 0.16828792318701744,
    "slowfast": 0.0,
    "audio": 0.0011982006253674626,
    "text": 0.0,
    "violence_stream": 0.0,
    "final": 0.5555028297752141
  },
  "fusion_weights": {
    "clip": 0.8,
    "vit": 0.1,
    "violence": 0.1,
    "audio": 0.0,
    "text": 0.0
  },
  "thresholds": {
    "allow": 0.3,
    "review": 0.55,
    "block": 0.78
  },
  "decision": "REVIEW"
}