{
  "model": "jaranohaal/vit-base-violence-detection",
  "frames_dir": "/home/jovyan/kau-muhayu-multimodal-harmful-content-detect/임영재/팀원_라벨링/팀원_데이터/video_frames/jILBnY3lB2Q_0",
  "num_frames_total": 150,
  "num_frames_used": 15,
  "per_frame": {
    "clip_000_frame_000.jpg": {
      "violence_prob": 0.6187681555747986
    },
    "clip_000_frame_010.jpg": {
      "violence_prob": 0.5348885655403137
    },
    "clip_000_frame_020.jpg": {
      "violence_prob": 0.5399178862571716
    },
    "clip_000_frame_030.jpg": {
      "violence_prob": 0.5357651114463806
    },
    "clip_000_frame_040.jpg": {
      "violence_prob": 0.5299285650253296
    },
    "clip_000_frame_050.jpg": {
      "violence_prob": 0.5327572226524353
    },
    "clip_001_frame_000.jpg": {
      "violence_prob": 0.5337613224983215
    },
    "clip_001_frame_010.jpg": {
      "violence_prob": 0.5295417904853821
    },
    "clip_001_frame_020.jpg": {
      "violence_prob": 0.5287935733795166
    },
    "clip_001_frame_030.jpg": {
      "violence_prob": 0.5333611369132996
    },
    "clip_001_frame_040.jpg": {
      "violence_prob": 0.5884107351303101
    },
    "clip_001_frame_050.jpg": {
      "violence_prob": 0.5854132771492004
    },
    "clip_002_frame_000.jpg": {
      "violence_prob": 0.5906428694725037
    },
    "clip_002_frame_010.jpg": {
      "violence_prob": 0.570023775100708
    },
    "clip_002_frame_020.jpg": {
      "violence_prob": 0.5784026980400085
    }
  },
  "overall": {
    "avg_violence_prob": 0.5553584456443786,
    "max_violence_prob": 0.6187681555747986,
    "p95_violence_prob": 0.5990804553031921
  }
}