{
  "model": "jaranohaal/vit-base-violence-detection",
  "frames_dir": "/home/jovyan/kau-muhayu-multimodal-harmful-content-detect/임영재/팀원_라벨링/팀원_데이터/video_frames/jILBnY3lB2Q_0",
  "num_frames_total": 120,
  "num_frames_used": 12,
  "per_frame": {
    "clip_000_frame_000.jpg": {
      "violence_prob": 0.6782923340797424
    },
    "clip_000_frame_010.jpg": {
      "violence_prob": 0.7796069383621216
    },
    "clip_000_frame_020.jpg": {
      "violence_prob": 0.775130569934845
    },
    "clip_000_frame_030.jpg": {
      "violence_prob": 0.7802959680557251
    },
    "clip_000_frame_040.jpg": {
      "violence_prob": 0.7798867225646973
    },
    "clip_000_frame_050.jpg": {
      "violence_prob": 0.7837285995483398
    },
    "clip_001_frame_000.jpg": {
      "violence_prob": 0.7788019776344299
    },
    "clip_001_frame_010.jpg": {
      "violence_prob": 0.7755520343780518
    },
    "clip_001_frame_020.jpg": {
      "violence_prob": 0.7794020771980286
    },
    "clip_001_frame_030.jpg": {
      "violence_prob": 0.7830783724784851
    },
    "clip_001_frame_040.jpg": {
      "violence_prob": 0.7151012420654297
    },
    "clip_001_frame_050.jpg": {
      "violence_prob": 0.717467725276947
    }
  },
  "overall": {
    "avg_violence_prob": 0.7605287134647369,
    "max_violence_prob": 0.7837285995483398,
    "p95_violence_prob": 0.7833709746599198
  }
}