{
  "model": "jaranohaal/vit-base-violence-detection",
  "frames_dir": "/home/jovyan/kau-muhayu-multimodal-harmful-content-detect/임영재/팀원_라벨링/팀원_데이터/video_frames/NV_689",
  "num_frames_total": 125,
  "num_frames_used": 13,
  "per_frame": {
    "clip_000_frame_000.jpg": {
      "violence_prob": 0.26104286313056946
    },
    "clip_000_frame_010.jpg": {
      "violence_prob": 0.26226750016212463
    },
    "clip_000_frame_020.jpg": {
      "violence_prob": 0.26105186343193054
    },
    "clip_000_frame_030.jpg": {
      "violence_prob": 0.25273260474205017
    },
    "clip_000_frame_040.jpg": {
      "violence_prob": 0.25729310512542725
    },
    "clip_001_frame_000.jpg": {
      "violence_prob": 0.2528080940246582
    },
    "clip_001_frame_010.jpg": {
      "violence_prob": 0.2492978721857071
    },
    "clip_001_frame_020.jpg": {
      "violence_prob": 0.284353643655777
    },
    "clip_001_frame_030.jpg": {
      "violence_prob": 0.2662785053253174
    },
    "clip_001_frame_040.jpg": {
      "violence_prob": 0.27166983485221863
    },
    "clip_002_frame_000.jpg": {
      "violence_prob": 0.2626427710056305
    },
    "clip_002_frame_010.jpg": {
      "violence_prob": 0.2668856680393219
    },
    "clip_002_frame_020.jpg": {
      "violence_prob": 0.2541451156139374
    }
  },
  "overall": {
    "avg_violence_prob": 0.2617284185611285,
    "max_violence_prob": 0.284353643655777,
    "p95_violence_prob": 0.27674335837364195
  }
}