{
  "model": "jaranohaal/vit-base-violence-detection",
  "frames_dir": "/home/jovyan/kau-muhayu-multimodal-harmful-content-detect/임영재/팀원_라벨링/팀원_데이터/video_frames/NV_689",
  "num_frames_total": 100,
  "num_frames_used": 10,
  "per_frame": {
    "clip_000_frame_000.jpg": {
      "violence_prob": 0.6333085298538208
    },
    "clip_000_frame_010.jpg": {
      "violence_prob": 0.6276204586029053
    },
    "clip_000_frame_020.jpg": {
      "violence_prob": 0.6267110109329224
    },
    "clip_000_frame_030.jpg": {
      "violence_prob": 0.6276616454124451
    },
    "clip_000_frame_040.jpg": {
      "violence_prob": 0.6153785586357117
    },
    "clip_001_frame_000.jpg": {
      "violence_prob": 0.6182985305786133
    },
    "clip_001_frame_010.jpg": {
      "violence_prob": 0.6922072768211365
    },
    "clip_001_frame_020.jpg": {
      "violence_prob": 0.7488778829574585
    },
    "clip_001_frame_030.jpg": {
      "violence_prob": 0.7592695951461792
    },
    "clip_001_frame_040.jpg": {
      "violence_prob": 0.7590903043746948
    }
  },
  "overall": {
    "avg_violence_prob": 0.6708423793315887,
    "max_violence_prob": 0.7592695951461792,
    "p95_violence_prob": 0.7591889142990113
  }
}