{
  "scores": {
    "clip": 0.6156449913978577,
    "vit": 0.5217264771461486,
    "slowfast": 0.0,
    "audio": 0.0,
    "text": 0.7485721707344055,
    "violence_stream": 0.0,
    "final": 0.40538263499736776
  },
  "fusion_weights": {
    "clip": 0.15,
    "vit": 0.6,
    "violence": 0.25,
    "audio": 0.0,
    "text": 0.0
  },
  "thresholds": {
    "allow": 0.3,
    "review": 0.55,
    "block": 0.78
  },
  "decision": "ALLOW"
}