{
  "model": "jaranohaal/vit-base-violence-detection",
  "frames_dir": "/home/jovyan/kau-muhayu-multimodal-harmful-content-detect/임영재/팀원_라벨링/팀원_데이터/video_frames/ycOdxOJt_0",
  "num_frames_total": 120,
  "num_frames_used": 12,
  "per_frame": {
    "clip_000_frame_000.jpg": {
      "violence_prob": 0.5430609583854675
    },
    "clip_000_frame_010.jpg": {
      "violence_prob": 0.5440291166305542
    },
    "clip_000_frame_020.jpg": {
      "violence_prob": 0.5433351397514343
    },
    "clip_000_frame_030.jpg": {
      "violence_prob": 0.5432919263839722
    },
    "clip_000_frame_040.jpg": {
      "violence_prob": 0.5436718463897705
    },
    "clip_000_frame_050.jpg": {
      "violence_prob": 0.5435518026351929
    },
    "clip_001_frame_000.jpg": {
      "violence_prob": 0.5431787371635437
    },
    "clip_001_frame_010.jpg": {
      "violence_prob": 0.5436598658561707
    },
    "clip_001_frame_020.jpg": {
      "violence_prob": 0.5440527200698853
    },
    "clip_001_frame_030.jpg": {
      "violence_prob": 0.5426317453384399
    },
    "clip_001_frame_040.jpg": {
      "violence_prob": 0.5430352687835693
    },
    "clip_001_frame_050.jpg": {
      "violence_prob": 0.5445528030395508
    }
  },
  "overall": {
    "avg_violence_prob": 0.5435043275356293,
    "max_violence_prob": 0.5445528030395508,
    "p95_violence_prob": 0.5442777574062347
  }
}