{
  "scores": {
    "clip": 0.8530881464481354,
    "vit": 0.302908855676651,
    "slowfast": 0.0385495126247406,
    "audio": 0.0,
    "text": 0.0,
    "violence_stream": 0.0385495126247406,
    "final": 0.319345913529396
  },
  "fusion_weights": {
    "clip": 0.15,
    "vit": 0.6,
    "violence": 0.25,
    "audio": 0.0,
    "text": 0.0
  },
  "thresholds": {
    "allow": 0.3,
    "review": 0.55,
    "block": 0.78
  },
  "decision": "ALLOW"
}