{
  "model": "jaranohaal/vit-base-violence-detection",
  "frames_dir": "/home/jovyan/kau-muhayu-multimodal-harmful-content-detect/임영재/팀원_라벨링/팀원_데이터/video_frames/YaWxiAtCwxE_6",
  "num_frames_total": 120,
  "num_frames_used": 12,
  "per_frame": {
    "clip_000_frame_000.jpg": {
      "violence_prob": 0.26168179512023926
    },
    "clip_000_frame_010.jpg": {
      "violence_prob": 0.250016987323761
    },
    "clip_000_frame_020.jpg": {
      "violence_prob": 0.2645311951637268
    },
    "clip_000_frame_030.jpg": {
      "violence_prob": 0.2600097358226776
    },
    "clip_000_frame_040.jpg": {
      "violence_prob": 0.31504279375076294
    },
    "clip_000_frame_050.jpg": {
      "violence_prob": 0.27312272787094116
    },
    "clip_001_frame_000.jpg": {
      "violence_prob": 0.24470655620098114
    },
    "clip_001_frame_010.jpg": {
      "violence_prob": 0.2476954311132431
    },
    "clip_001_frame_020.jpg": {
      "violence_prob": 0.2929810881614685
    },
    "clip_001_frame_030.jpg": {
      "violence_prob": 0.19713230431079865
    },
    "clip_001_frame_040.jpg": {
      "violence_prob": 0.22488746047019958
    },
    "clip_001_frame_050.jpg": {
      "violence_prob": 0.18984447419643402
    }
  },
  "overall": {
    "avg_violence_prob": 0.25180437912543613,
    "max_violence_prob": 0.31504279375076294,
    "p95_violence_prob": 0.302908855676651
  }
}