{
  "model": "jaranohaal/vit-base-violence-detection",
  "frames_dir": "/home/jovyan/kau-muhayu-multimodal-harmful-content-detect/임영재/팀원_라벨링_모델선정/결과_데이터_32/임영재/video_frames/비디오/6Dej3-k3MRE_3",
  "num_frames_total": 120,
  "num_frames_used": 32,
  "per_frame": {
    "clip_000_frame_000.jpg": {
      "violence_prob": 0.224204882979393
    },
    "clip_000_frame_003.jpg": {
      "violence_prob": 0.21990826725959778
    },
    "clip_000_frame_007.jpg": {
      "violence_prob": 0.25010424852371216
    },
    "clip_000_frame_011.jpg": {
      "violence_prob": 0.23669970035552979
    },
    "clip_000_frame_015.jpg": {
      "violence_prob": 0.2153359055519104
    },
    "clip_000_frame_019.jpg": {
      "violence_prob": 0.20207887887954712
    },
    "clip_000_frame_023.jpg": {
      "violence_prob": 0.21185852587223053
    },
    "clip_000_frame_026.jpg": {
      "violence_prob": 0.15332390367984772
    },
    "clip_000_frame_030.jpg": {
      "violence_prob": 0.12720820307731628
    },
    "clip_000_frame_034.jpg": {
      "violence_prob": 0.18012091517448425
    },
    "clip_000_frame_038.jpg": {
      "violence_prob": 0.22236768901348114
    },
    "clip_000_frame_042.jpg": {
      "violence_prob": 0.19262145459651947
    },
    "clip_000_frame_046.jpg": {
      "violence_prob": 0.2162024825811386
    },
    "clip_000_frame_049.jpg": {
      "violence_prob": 0.21169844269752502
    },
    "clip_000_frame_053.jpg": {
      "violence_prob": 0.2462688833475113
    },
    "clip_000_frame_057.jpg": {
      "violence_prob": 0.2455683946609497
    },
    "clip_001_frame_001.jpg": {
      "violence_prob": 0.20536793768405914
    },
    "clip_001_frame_005.jpg": {
      "violence_prob": 0.21204224228858948
    },
    "clip_001_frame_009.jpg": {
      "violence_prob": 0.2177913933992386
    },
    "clip_001_frame_012.jpg": {
      "violence_prob": 0.20826838910579681
    },
    "clip_001_frame_016.jpg": {
      "violence_prob": 0.2175718992948532
    },
    "clip_001_frame_020.jpg": {
      "violence_prob": 0.17782001197338104
    },
    "clip_001_frame_024.jpg": {
      "violence_prob": 0.21103230118751526
    },
    "clip_001_frame_028.jpg": {
      "violence_prob": 0.18041957914829254
    },
    "clip_001_frame_032.jpg": {
      "violence_prob": 0.20644935965538025
    },
    "clip_001_frame_035.jpg": {
      "violence_prob": 0.21028079092502594
    },
    "clip_001_frame_039.jpg": {
      "violence_prob": 0.20444515347480774
    },
    "clip_001_frame_043.jpg": {
      "violence_prob": 0.17347826063632965
    },
    "clip_001_frame_047.jpg": {
      "violence_prob": 0.1903393417596817
    },
    "clip_001_frame_051.jpg": {
      "violence_prob": 0.19768717885017395
    },
    "clip_001_frame_055.jpg": {
      "violence_prob": 0.2129957675933838
    },
    "clip_001_frame_059.jpg": {
      "violence_prob": 0.2062620371580124
    }
  },
  "overall": {
    "avg_violence_prob": 0.205869450699538,
    "max_violence_prob": 0.25010424852371216,
    "p95_violence_prob": 0.24588361456990243
  }
}