{
  "scores": {
    "clip": 0.48517358005046834,
    "vit": 0.7904962658882141,
    "slowfast": 0.039564695209264755,
    "audio": 0.0,
    "text": 0.11748959124088287,
    "violence_stream": 0.039564695209264755,
    "final": 0.5569649703428149
  },
  "fusion_weights": {
    "clip": 0.15,
    "vit": 0.6,
    "violence": 0.25,
    "audio": 0.0,
    "text": 0.0
  },
  "thresholds": {
    "allow": 0.3,
    "review": 0.55,
    "block": 0.78
  },
  "decision": "REVIEW"
}