{
  "scores": {
    "clip": 0.5444432616233825,
    "vit": 0.1650901697576046,
    "slowfast": 0.013130406849086285,
    "audio": 0.0,
    "text": 0.0,
    "violence_stream": 0.013130406849086285,
    "final": 0.4533766669593751
  },
  "fusion_weights": {
    "clip": 0.8,
    "vit": 0.1,
    "violence": 0.1,
    "audio": 0.0,
    "text": 0.0
  },
  "thresholds": {
    "allow": 0.3,
    "review": 0.55,
    "block": 0.78
  },
  "decision": "ALLOW"
}