{
  "model": "jaranohaal/vit-base-violence-detection",
  "frames_dir": "/home/jovyan/kau-muhayu-multimodal-harmful-content-detect/임영재/팀원_라벨링_모델선정/결과_데이터_32/안지산/video_frames/안전비디오/clips__4009960-uhd_4096_2160_25fps_4.92_7.38",
  "num_frames_total": 114,
  "num_frames_used": 32,
  "per_frame": {
    "clip_000_frame_000.jpg": {
      "violence_prob": 0.16466832160949707
    },
    "clip_000_frame_003.jpg": {
      "violence_prob": 0.16528910398483276
    },
    "clip_000_frame_007.jpg": {
      "violence_prob": 0.16428840160369873
    },
    "clip_000_frame_010.jpg": {
      "violence_prob": 0.16514045000076294
    },
    "clip_000_frame_014.jpg": {
      "violence_prob": 0.16400949656963348
    },
    "clip_000_frame_018.jpg": {
      "violence_prob": 0.1641468107700348
    },
    "clip_000_frame_021.jpg": {
      "violence_prob": 0.16431009769439697
    },
    "clip_000_frame_025.jpg": {
      "violence_prob": 0.16456805169582367
    },
    "clip_000_frame_029.jpg": {
      "violence_prob": 0.16390785574913025
    },
    "clip_000_frame_032.jpg": {
      "violence_prob": 0.16486512124538422
    },
    "clip_000_frame_036.jpg": {
      "violence_prob": 0.1644938737154007
    },
    "clip_000_frame_040.jpg": {
      "violence_prob": 0.1640862673521042
    },
    "clip_000_frame_043.jpg": {
      "violence_prob": 0.163829505443573
    },
    "clip_000_frame_047.jpg": {
      "violence_prob": 0.16445550322532654
    },
    "clip_000_frame_051.jpg": {
      "violence_prob": 0.16441649198532104
    },
    "clip_000_frame_054.jpg": {
      "violence_prob": 0.1646745502948761
    },
    "clip_000_frame_058.jpg": {
      "violence_prob": 0.16444043815135956
    },
    "clip_000_frame_061.jpg": {
      "violence_prob": 0.16504903137683868
    },
    "clip_000_frame_065.jpg": {
      "violence_prob": 0.16466832160949707
    },
    "clip_000_frame_069.jpg": {
      "violence_prob": 0.16436541080474854
    },
    "clip_000_frame_072.jpg": {
      "violence_prob": 0.16428840160369873
    },
    "clip_000_frame_076.jpg": {
      "violence_prob": 0.16487587988376617
    },
    "clip_000_frame_080.jpg": {
      "violence_prob": 0.16434761881828308
    },
    "clip_001_frame_001.jpg": {
      "violence_prob": 0.16402824223041534
    },
    "clip_001_frame_005.jpg": {
      "violence_prob": 0.1637636125087738
    },
    "clip_001_frame_009.jpg": {
      "violence_prob": 0.16397204995155334
    },
    "clip_001_frame_012.jpg": {
      "violence_prob": 0.16395285725593567
    },
    "clip_001_frame_016.jpg": {
      "violence_prob": 0.16427788138389587
    },
    "clip_001_frame_020.jpg": {
      "violence_prob": 0.1646708995103836
    },
    "clip_001_frame_023.jpg": {
      "violence_prob": 0.1638701856136322
    },
    "clip_001_frame_027.jpg": {
      "violence_prob": 0.1635308414697647
    },
    "clip_001_frame_031.jpg": {
      "violence_prob": 0.16336007416248322
    }
  },
  "overall": {
    "avg_violence_prob": 0.16433161403983831,
    "max_violence_prob": 0.16528910398483276,
    "p95_violence_prob": 0.1650901697576046
  }
}