{
  "model": "jaranohaal/vit-base-violence-detection",
  "frames_dir": "/home/jovyan/kau-muhayu-multimodal-harmful-content-detect/임영재/팀원_라벨링_모델선정/결과_데이터_32/박상원/video_frames/비디오/video_237_gun_violence",
  "num_frames_total": 300,
  "num_frames_used": 32,
  "per_frame": {
    "clip_000_frame_000.jpg": {
      "violence_prob": 0.12033913284540176
    },
    "clip_000_frame_009.jpg": {
      "violence_prob": 0.11846977472305298
    },
    "clip_000_frame_019.jpg": {
      "violence_prob": 0.11942896246910095
    },
    "clip_000_frame_028.jpg": {
      "violence_prob": 0.12070049345493317
    },
    "clip_000_frame_038.jpg": {
      "violence_prob": 0.12086953967809677
    },
    "clip_000_frame_048.jpg": {
      "violence_prob": 0.12133584916591644
    },
    "clip_001_frame_007.jpg": {
      "violence_prob": 0.1215333417057991
    },
    "clip_001_frame_017.jpg": {
      "violence_prob": 0.12025227397680283
    },
    "clip_001_frame_027.jpg": {
      "violence_prob": 0.12197201699018478
    },
    "clip_001_frame_036.jpg": {
      "violence_prob": 0.12290843576192856
    },
    "clip_001_frame_046.jpg": {
      "violence_prob": 0.12040355801582336
    },
    "clip_002_frame_006.jpg": {
      "violence_prob": 0.11919361352920532
    },
    "clip_002_frame_015.jpg": {
      "violence_prob": 0.11953803896903992
    },
    "clip_002_frame_025.jpg": {
      "violence_prob": 0.11980179697275162
    },
    "clip_002_frame_035.jpg": {
      "violence_prob": 0.11822682619094849
    },
    "clip_002_frame_044.jpg": {
      "violence_prob": 0.11795546114444733
    },
    "clip_003_frame_004.jpg": {
      "violence_prob": 0.09986107051372528
    },
    "clip_003_frame_013.jpg": {
      "violence_prob": 0.11764978617429733
    },
    "clip_003_frame_023.jpg": {
      "violence_prob": 0.12407762557268143
    },
    "clip_003_frame_033.jpg": {
      "violence_prob": 0.12289031594991684
    },
    "clip_003_frame_042.jpg": {
      "violence_prob": 0.1202494204044342
    },
    "clip_004_frame_002.jpg": {
      "violence_prob": 0.11451073735952377
    },
    "clip_004_frame_012.jpg": {
      "violence_prob": 0.11079701781272888
    },
    "clip_004_frame_021.jpg": {
      "violence_prob": 0.11985190212726593
    },
    "clip_004_frame_031.jpg": {
      "violence_prob": 0.11567806452512741
    },
    "clip_004_frame_041.jpg": {
      "violence_prob": 0.11478536576032639
    },
    "clip_005_frame_000.jpg": {
      "violence_prob": 0.11480826139450073
    },
    "clip_005_frame_010.jpg": {
      "violence_prob": 0.11594665795564651
    },
    "clip_005_frame_020.jpg": {
      "violence_prob": 0.11946390569210052
    },
    "clip_005_frame_029.jpg": {
      "violence_prob": 0.10632693767547607
    },
    "clip_005_frame_039.jpg": {
      "violence_prob": 0.11624424159526825
    },
    "clip_005_frame_049.jpg": {
      "violence_prob": 0.11813345551490784
    }
  },
  "overall": {
    "avg_violence_prob": 0.11794387130066752,
    "max_violence_prob": 0.12407762557268143,
    "p95_violence_prob": 0.12289846986532212
  }
}