{
  "scores": {
    "clip": 0.5935383886098862,
    "vit": 0.22934991270303726,
    "slowfast": 0.0,
    "audio": 0.0,
    "text": 0.0,
    "violence_stream": 0.0,
    "final": 0.4977657021582127
  },
  "fusion_weights": {
    "clip": 0.8,
    "vit": 0.1,
    "violence": 0.1,
    "audio": 0.0,
    "text": 0.0
  },
  "thresholds": {
    "allow": 0.3,
    "review": 0.55,
    "block": 0.78
  },
  "decision": "ALLOW"
}