{
  "scores": {
    "clip": 0.6105320990085602,
    "vit": 0.14592181965708734,
    "slowfast": 0.0,
    "audio": 0.0,
    "text": 0.0,
    "violence_stream": 0.0,
    "final": 0.503017861172557
  },
  "fusion_weights": {
    "clip": 0.8,
    "vit": 0.1,
    "violence": 0.1,
    "audio": 0.0,
    "text": 0.0
  },
  "thresholds": {
    "allow": 0.3,
    "review": 0.55,
    "block": 0.78
  },
  "decision": "ALLOW"
}