{
  "model": "jaranohaal/vit-base-violence-detection",
  "frames_dir": "/home/jovyan/kau-muhayu-multimodal-harmful-content-detect/임영재/팀원_라벨링_모델선정/결과_데이터_32/임영재/video_frames/안전비디오/OdxnpEnn_0",
  "num_frames_total": 120,
  "num_frames_used": 32,
  "per_frame": {
    "clip_000_frame_000.jpg": {
      "violence_prob": 0.12342625856399536
    },
    "clip_000_frame_003.jpg": {
      "violence_prob": 0.12259910255670547
    },
    "clip_000_frame_007.jpg": {
      "violence_prob": 0.12284250557422638
    },
    "clip_000_frame_011.jpg": {
      "violence_prob": 0.12292036414146423
    },
    "clip_000_frame_015.jpg": {
      "violence_prob": 0.12323080748319626
    },
    "clip_000_frame_019.jpg": {
      "violence_prob": 0.1232728660106659
    },
    "clip_000_frame_023.jpg": {
      "violence_prob": 0.12297744303941727
    },
    "clip_000_frame_026.jpg": {
      "violence_prob": 0.12340133637189865
    },
    "clip_000_frame_030.jpg": {
      "violence_prob": 0.12330400943756104
    },
    "clip_000_frame_034.jpg": {
      "violence_prob": 0.12303277850151062
    },
    "clip_000_frame_038.jpg": {
      "violence_prob": 0.12298578768968582
    },
    "clip_000_frame_042.jpg": {
      "violence_prob": 0.12291721254587173
    },
    "clip_000_frame_046.jpg": {
      "violence_prob": 0.12310414016246796
    },
    "clip_000_frame_049.jpg": {
      "violence_prob": 0.12305419892072678
    },
    "clip_000_frame_053.jpg": {
      "violence_prob": 0.12256977707147598
    },
    "clip_000_frame_057.jpg": {
      "violence_prob": 0.12190847843885422
    },
    "clip_001_frame_001.jpg": {
      "violence_prob": 0.12150369584560394
    },
    "clip_001_frame_005.jpg": {
      "violence_prob": 0.12177117168903351
    },
    "clip_001_frame_009.jpg": {
      "violence_prob": 0.12162367254495621
    },
    "clip_001_frame_012.jpg": {
      "violence_prob": 0.12092377245426178
    },
    "clip_001_frame_016.jpg": {
      "violence_prob": 0.12173394858837128
    },
    "clip_001_frame_020.jpg": {
      "violence_prob": 0.12202366441488266
    },
    "clip_001_frame_024.jpg": {
      "violence_prob": 0.12236616760492325
    },
    "clip_001_frame_028.jpg": {
      "violence_prob": 0.12212967872619629
    },
    "clip_001_frame_032.jpg": {
      "violence_prob": 0.12196651101112366
    },
    "clip_001_frame_035.jpg": {
      "violence_prob": 0.12139014899730682
    },
    "clip_001_frame_039.jpg": {
      "violence_prob": 0.1216873824596405
    },
    "clip_001_frame_043.jpg": {
      "violence_prob": 0.12104197591543198
    },
    "clip_001_frame_047.jpg": {
      "violence_prob": 0.12175914645195007
    },
    "clip_001_frame_051.jpg": {
      "violence_prob": 0.12167327105998993
    },
    "clip_001_frame_055.jpg": {
      "violence_prob": 0.12048378586769104
    },
    "clip_001_frame_059.jpg": {
      "violence_prob": 0.12048983573913574
    }
  },
  "overall": {
    "avg_violence_prob": 0.12225359049625695,
    "max_violence_prob": 0.12342625856399536,
    "p95_violence_prob": 0.12334780655801296
  }
}