{
  "model": "jaranohaal/vit-base-violence-detection",
  "frames_dir": "/home/jovyan/kau-muhayu-multimodal-harmful-content-detect/임영재/팀원_라벨링_모델선정/결과_데이터_32/임영재/video_frames/안전비디오/_q5Nwh4Z6ao_4",
  "num_frames_total": 120,
  "num_frames_used": 32,
  "per_frame": {
    "clip_000_frame_000.jpg": {
      "violence_prob": 0.10587996244430542
    },
    "clip_000_frame_003.jpg": {
      "violence_prob": 0.1056746244430542
    },
    "clip_000_frame_007.jpg": {
      "violence_prob": 0.10256770998239517
    },
    "clip_000_frame_011.jpg": {
      "violence_prob": 0.10267907381057739
    },
    "clip_000_frame_015.jpg": {
      "violence_prob": 0.10412377864122391
    },
    "clip_000_frame_019.jpg": {
      "violence_prob": 0.10202280431985855
    },
    "clip_000_frame_023.jpg": {
      "violence_prob": 0.10225269198417664
    },
    "clip_000_frame_026.jpg": {
      "violence_prob": 0.10189375281333923
    },
    "clip_000_frame_030.jpg": {
      "violence_prob": 0.10233739018440247
    },
    "clip_000_frame_034.jpg": {
      "violence_prob": 0.10310882329940796
    },
    "clip_000_frame_038.jpg": {
      "violence_prob": 0.10399114340543747
    },
    "clip_000_frame_042.jpg": {
      "violence_prob": 0.10420936346054077
    },
    "clip_000_frame_046.jpg": {
      "violence_prob": 0.10179354250431061
    },
    "clip_000_frame_049.jpg": {
      "violence_prob": 0.10320761799812317
    },
    "clip_000_frame_053.jpg": {
      "violence_prob": 0.1017831414937973
    },
    "clip_000_frame_057.jpg": {
      "violence_prob": 0.10201127082109451
    },
    "clip_001_frame_001.jpg": {
      "violence_prob": 0.10224087536334991
    },
    "clip_001_frame_005.jpg": {
      "violence_prob": 0.10274384915828705
    },
    "clip_001_frame_009.jpg": {
      "violence_prob": 0.10376392304897308
    },
    "clip_001_frame_012.jpg": {
      "violence_prob": 0.10294317454099655
    },
    "clip_001_frame_016.jpg": {
      "violence_prob": 0.10018797218799591
    },
    "clip_001_frame_020.jpg": {
      "violence_prob": 0.09975213557481766
    },
    "clip_001_frame_024.jpg": {
      "violence_prob": 0.10035641491413116
    },
    "clip_001_frame_028.jpg": {
      "violence_prob": 0.10012279450893402
    },
    "clip_001_frame_032.jpg": {
      "violence_prob": 0.10267169028520584
    },
    "clip_001_frame_035.jpg": {
      "violence_prob": 0.10382647067308426
    },
    "clip_001_frame_039.jpg": {
      "violence_prob": 0.10543645918369293
    },
    "clip_001_frame_043.jpg": {
      "violence_prob": 0.10666383057832718
    },
    "clip_001_frame_047.jpg": {
      "violence_prob": 0.10456917434930801
    },
    "clip_001_frame_051.jpg": {
      "violence_prob": 0.10101740807294846
    },
    "clip_001_frame_055.jpg": {
      "violence_prob": 0.09890534728765488
    },
    "clip_001_frame_059.jpg": {
      "violence_prob": 0.0964060127735138
    }
  },
  "overall": {
    "avg_violence_prob": 0.10253575700335205,
    "max_violence_prob": 0.10666383057832718,
    "p95_violence_prob": 0.10576702654361725
  }
}