{
  "scores": {
    "clip": 0.5783600807189941,
    "vit": 0.160232050716877,
    "slowfast": 0.00029851816361770034,
    "audio": 0.0,
    "text": 0.0,
    "violence_stream": 0.00029851816361770034,
    "final": 0.4787411214632448
  },
  "fusion_weights": {
    "clip": 0.8,
    "vit": 0.1,
    "violence": 0.1,
    "audio": 0.0,
    "text": 0.0
  },
  "thresholds": {
    "allow": 0.3,
    "review": 0.55,
    "block": 0.78
  },
  "decision": "ALLOW"
}