{
  "scores": {
    "clip": 0.8718414008617401,
    "vit": 0.7439448356628418,
    "slowfast": 0.0,
    "audio": 0.0,
    "text": 0.007157866843044758,
    "violence_stream": 0.0,
    "final": 0.5771431115269661
  },
  "fusion_weights": {
    "clip": 0.15,
    "vit": 0.6,
    "violence": 0.25,
    "audio": 0.0,
    "text": 0.0
  },
  "thresholds": {
    "allow": 0.3,
    "review": 0.55,
    "block": 0.78
  },
  "decision": "REVIEW"
}