{
  "model": "jaranohaal/vit-base-violence-detection",
  "frames_dir": "/home/jovyan/kau-muhayu-multimodal-harmful-content-detect/임영재/팀원_라벨링/팀원_데이터/video_frames/TYsebroPeGY_1",
  "num_frames_total": 120,
  "num_frames_used": 12,
  "per_frame": {
    "clip_000_frame_000.jpg": {
      "violence_prob": 0.7424575090408325
    },
    "clip_000_frame_010.jpg": {
      "violence_prob": 0.743333101272583
    },
    "clip_000_frame_020.jpg": {
      "violence_prob": 0.7434369325637817
    },
    "clip_000_frame_030.jpg": {
      "violence_prob": 0.7445656061172485
    },
    "clip_000_frame_040.jpg": {
      "violence_prob": 0.7426391243934631
    },
    "clip_000_frame_050.jpg": {
      "violence_prob": 0.7416879534721375
    },
    "clip_001_frame_000.jpg": {
      "violence_prob": 0.7377898097038269
    },
    "clip_001_frame_010.jpg": {
      "violence_prob": 0.7397237420082092
    },
    "clip_001_frame_020.jpg": {
      "violence_prob": 0.7397957444190979
    },
    "clip_001_frame_030.jpg": {
      "violence_prob": 0.7391922473907471
    },
    "clip_001_frame_040.jpg": {
      "violence_prob": 0.7385106682777405
    },
    "clip_001_frame_050.jpg": {
      "violence_prob": 0.7376418709754944
    }
  },
  "overall": {
    "avg_violence_prob": 0.7408978591362635,
    "max_violence_prob": 0.7445656061172485,
    "p95_violence_prob": 0.7439448356628418
  }
}