{
  "scores": {
    "clip": 0.4926739916205406,
    "vit": 0.1216787863522768,
    "slowfast": 5.036677634961961e-07,
    "audio": 0.0,
    "text": 0.0,
    "violence_stream": 5.036677634961961e-07,
    "final": 0.4063071222984365
  },
  "fusion_weights": {
    "clip": 0.8,
    "vit": 0.1,
    "violence": 0.1,
    "audio": 0.0,
    "text": 0.0
  },
  "thresholds": {
    "allow": 0.3,
    "review": 0.55,
    "block": 0.78
  },
  "decision": "ALLOW"
}