{
  "model": "jaranohaal/vit-base-violence-detection",
  "frames_dir": "/home/jovyan/kau-muhayu-multimodal-harmful-content-detect/임영재/팀원_라벨링_모델선정/결과_데이터_training/팀원_데이터/video_frames/안전비디오/NV_541",
  "num_frames_total": 116,
  "num_frames_used": 32,
  "per_frame": {
    "clip_000_frame_000.jpg": {
      "violence_prob": 0.11717638373374939
    },
    "clip_000_frame_003.jpg": {
      "violence_prob": 0.11983037739992142
    },
    "clip_000_frame_007.jpg": {
      "violence_prob": 0.11769163608551025
    },
    "clip_000_frame_011.jpg": {
      "violence_prob": 0.1195320338010788
    },
    "clip_000_frame_014.jpg": {
      "violence_prob": 0.12118084728717804
    },
    "clip_000_frame_018.jpg": {
      "violence_prob": 0.11965303868055344
    },
    "clip_000_frame_022.jpg": {
      "violence_prob": 0.12185796350240707
    },
    "clip_000_frame_025.jpg": {
      "violence_prob": 0.1178237646818161
    },
    "clip_000_frame_029.jpg": {
      "violence_prob": 0.12291841208934784
    },
    "clip_000_frame_033.jpg": {
      "violence_prob": 0.11804888397455215
    },
    "clip_000_frame_037.jpg": {
      "violence_prob": 0.11916803568601608
    },
    "clip_000_frame_040.jpg": {
      "violence_prob": 0.12100405991077423
    },
    "clip_000_frame_044.jpg": {
      "violence_prob": 0.11953071504831314
    },
    "clip_000_frame_048.jpg": {
      "violence_prob": 0.11750157922506332
    },
    "clip_000_frame_051.jpg": {
      "violence_prob": 0.11806337535381317
    },
    "clip_000_frame_055.jpg": {
      "violence_prob": 0.11948651075363159
    },
    "clip_001_frame_001.jpg": {
      "violence_prob": 0.11763197928667068
    },
    "clip_001_frame_005.jpg": {
      "violence_prob": 0.12091125547885895
    },
    "clip_001_frame_008.jpg": {
      "violence_prob": 0.12153218686580658
    },
    "clip_001_frame_012.jpg": {
      "violence_prob": 0.11725304275751114
    },
    "clip_001_frame_016.jpg": {
      "violence_prob": 0.11505965143442154
    },
    "clip_001_frame_019.jpg": {
      "violence_prob": 0.11806557327508926
    },
    "clip_001_frame_023.jpg": {
      "violence_prob": 0.11863193660974503
    },
    "clip_001_frame_027.jpg": {
      "violence_prob": 0.12072835117578506
    },
    "clip_001_frame_031.jpg": {
      "violence_prob": 0.1141376718878746
    },
    "clip_001_frame_034.jpg": {
      "violence_prob": 0.11697608232498169
    },
    "clip_001_frame_038.jpg": {
      "violence_prob": 0.11131551116704941
    },
    "clip_001_frame_042.jpg": {
      "violence_prob": 0.11753615736961365
    },
    "clip_001_frame_045.jpg": {
      "violence_prob": 0.11489178985357285
    },
    "clip_001_frame_049.jpg": {
      "violence_prob": 0.11760274320840836
    },
    "clip_001_frame_053.jpg": {
      "violence_prob": 0.11507923901081085
    },
    "clip_001_frame_057.jpg": {
      "violence_prob": 0.11526614427566528
    }
  },
  "overall": {
    "avg_violence_prob": 0.11822146666236222,
    "max_violence_prob": 0.12291841208934784,
    "p95_violence_prob": 0.1216787863522768
  }
}