{
  "model": "jaranohaal/vit-base-violence-detection",
  "frames_dir": "/home/jovyan/kau-muhayu-multimodal-harmful-content-detect/임영재/팀원_라벨링_모델선정/결과_데이터_32/박상원/video_frames/비디오/video_141_home_violence",
  "num_frames_total": 191,
  "num_frames_used": 32,
  "per_frame": {
    "clip_000_frame_000.jpg": {
      "violence_prob": 0.06696414202451706
    },
    "clip_000_frame_006.jpg": {
      "violence_prob": 0.06551991403102875
    },
    "clip_000_frame_012.jpg": {
      "violence_prob": 0.0631219819188118
    },
    "clip_000_frame_018.jpg": {
      "violence_prob": 0.07633262127637863
    },
    "clip_000_frame_024.jpg": {
      "violence_prob": 0.06900051981210709
    },
    "clip_000_frame_030.jpg": {
      "violence_prob": 0.05944926291704178
    },
    "clip_000_frame_036.jpg": {
      "violence_prob": 0.0748775526881218
    },
    "clip_000_frame_042.jpg": {
      "violence_prob": 0.0648091733455658
    },
    "clip_001_frame_002.jpg": {
      "violence_prob": 0.06730873882770538
    },
    "clip_001_frame_008.jpg": {
      "violence_prob": 0.06808275729417801
    },
    "clip_001_frame_014.jpg": {
      "violence_prob": 0.07899963855743408
    },
    "clip_001_frame_020.jpg": {
      "violence_prob": 0.05934173986315727
    },
    "clip_001_frame_026.jpg": {
      "violence_prob": 0.06337422877550125
    },
    "clip_001_frame_032.jpg": {
      "violence_prob": 0.06981458514928818
    },
    "clip_001_frame_038.jpg": {
      "violence_prob": 0.0589052177965641
    },
    "clip_001_frame_044.jpg": {
      "violence_prob": 0.06612331420183182
    },
    "clip_002_frame_003.jpg": {
      "violence_prob": 0.06826429069042206
    },
    "clip_002_frame_009.jpg": {
      "violence_prob": 0.058854687958955765
    },
    "clip_002_frame_015.jpg": {
      "violence_prob": 0.06297148019075394
    },
    "clip_002_frame_021.jpg": {
      "violence_prob": 0.06497950106859207
    },
    "clip_002_frame_027.jpg": {
      "violence_prob": 0.05646957457065582
    },
    "clip_002_frame_033.jpg": {
      "violence_prob": 0.07007455825805664
    },
    "clip_002_frame_039.jpg": {
      "violence_prob": 0.07793155312538147
    },
    "clip_002_frame_045.jpg": {
      "violence_prob": 0.07790397852659225
    },
    "clip_003_frame_004.jpg": {
      "violence_prob": 0.06535888463258743
    },
    "clip_003_frame_010.jpg": {
      "violence_prob": 0.06307070702314377
    },
    "clip_003_frame_016.jpg": {
      "violence_prob": 0.0644097849726677
    },
    "clip_003_frame_022.jpg": {
      "violence_prob": 0.06598266959190369
    },
    "clip_003_frame_028.jpg": {
      "violence_prob": 0.0832761600613594
    },
    "clip_003_frame_034.jpg": {
      "violence_prob": 0.07019579410552979
    },
    "clip_003_frame_040.jpg": {
      "violence_prob": 0.06326352059841156
    },
    "clip_003_frame_047.jpg": {
      "violence_prob": 0.059198033064603806
    }
  },
  "overall": {
    "avg_violence_prob": 0.06700720521621406,
    "max_violence_prob": 0.0832761600613594,
    "p95_violence_prob": 0.07841219156980514
  }
}