{
  "model": "jaranohaal/vit-base-violence-detection",
  "frames_dir": "/home/jovyan/kau-muhayu-multimodal-harmful-content-detect/임영재/팀원_라벨링/팀원_데이터/video_frames/Fk3lg4wG_0",
  "num_frames_total": 120,
  "num_frames_used": 12,
  "per_frame": {
    "clip_000_frame_000.jpg": {
      "violence_prob": 0.21237440407276154
    },
    "clip_000_frame_010.jpg": {
      "violence_prob": 0.22199086844921112
    },
    "clip_000_frame_020.jpg": {
      "violence_prob": 0.22659993171691895
    },
    "clip_000_frame_030.jpg": {
      "violence_prob": 0.22770452499389648
    },
    "clip_000_frame_040.jpg": {
      "violence_prob": 0.22823895514011383
    },
    "clip_000_frame_050.jpg": {
      "violence_prob": 0.2327711582183838
    },
    "clip_001_frame_000.jpg": {
      "violence_prob": 0.2314784973859787
    },
    "clip_001_frame_010.jpg": {
      "violence_prob": 0.22513623535633087
    },
    "clip_001_frame_020.jpg": {
      "violence_prob": 0.22129426896572113
    },
    "clip_001_frame_030.jpg": {
      "violence_prob": 0.22110702097415924
    },
    "clip_001_frame_040.jpg": {
      "violence_prob": 0.23032206296920776
    },
    "clip_001_frame_050.jpg": {
      "violence_prob": 0.23471930623054504
    }
  },
  "overall": {
    "avg_violence_prob": 0.2261447695394357,
    "max_violence_prob": 0.23471930623054504,
    "p95_violence_prob": 0.23364782482385635
  }
}