{
  "model": "jaranohaal/vit-base-violence-detection",
  "frames_dir": "/home/jovyan/kau-muhayu-multimodal-harmful-content-detect/임영재/팀원_라벨링_모델선정/결과_데이터_32/안지산/video_frames/비디오/smoking__clips__5028800-uhd_2160_4096_25fps_21.20_42.40",
  "num_frames_total": 500,
  "num_frames_used": 32,
  "per_frame": {
    "clip_000_frame_000.jpg": {
      "violence_prob": 0.14044292271137238
    },
    "clip_000_frame_016.jpg": {
      "violence_prob": 0.1419644057750702
    },
    "clip_000_frame_032.jpg": {
      "violence_prob": 0.14228278398513794
    },
    "clip_000_frame_048.jpg": {
      "violence_prob": 0.1410399079322815
    },
    "clip_001_frame_014.jpg": {
      "violence_prob": 0.14174754917621613
    },
    "clip_001_frame_030.jpg": {
      "violence_prob": 0.14039894938468933
    },
    "clip_001_frame_046.jpg": {
      "violence_prob": 0.1398666799068451
    },
    "clip_002_frame_012.jpg": {
      "violence_prob": 0.1395442932844162
    },
    "clip_002_frame_028.jpg": {
      "violence_prob": 0.13920341432094574
    },
    "clip_002_frame_044.jpg": {
      "violence_prob": 0.1387808918952942
    },
    "clip_003_frame_010.jpg": {
      "violence_prob": 0.1387607455253601
    },
    "clip_003_frame_027.jpg": {
      "violence_prob": 0.14048311114311218
    },
    "clip_003_frame_043.jpg": {
      "violence_prob": 0.14098353683948517
    },
    "clip_004_frame_009.jpg": {
      "violence_prob": 0.13923998177051544
    },
    "clip_004_frame_025.jpg": {
      "violence_prob": 0.13956686854362488
    },
    "clip_004_frame_041.jpg": {
      "violence_prob": 0.13928204774856567
    },
    "clip_005_frame_007.jpg": {
      "violence_prob": 0.1382148116827011
    },
    "clip_005_frame_023.jpg": {
      "violence_prob": 0.1427261382341385
    },
    "clip_005_frame_039.jpg": {
      "violence_prob": 0.14117276668548584
    },
    "clip_006_frame_005.jpg": {
      "violence_prob": 0.14198951423168182
    },
    "clip_006_frame_021.jpg": {
      "violence_prob": 0.14013831317424774
    },
    "clip_006_frame_038.jpg": {
      "violence_prob": 0.13930173218250275
    },
    "clip_007_frame_004.jpg": {
      "violence_prob": 0.14034897089004517
    },
    "clip_007_frame_020.jpg": {
      "violence_prob": 0.14078621566295624
    },
    "clip_007_frame_036.jpg": {
      "violence_prob": 0.13946492969989777
    },
    "clip_008_frame_002.jpg": {
      "violence_prob": 0.13935287296772003
    },
    "clip_008_frame_018.jpg": {
      "violence_prob": 0.14179928600788116
    },
    "clip_008_frame_034.jpg": {
      "violence_prob": 0.1407940685749054
    },
    "clip_009_frame_000.jpg": {
      "violence_prob": 0.14061719179153442
    },
    "clip_009_frame_016.jpg": {
      "violence_prob": 0.1409662961959839
    },
    "clip_009_frame_032.jpg": {
      "violence_prob": 0.14170484244823456
    },
    "clip_009_frame_049.jpg": {
      "violence_prob": 0.1417328417301178
    }
  },
  "overall": {
    "avg_violence_prob": 0.1404593400657177,
    "max_violence_prob": 0.1427261382341385,
    "p95_violence_prob": 0.14212148562073706
  }
}