{
  "scores": {
    "clip": 0.8833134949207305,
    "vit": 0.28650914430618285,
    "slowfast": 0.049875322729349136,
    "audio": 0.0,
    "text": 0.039403196424245834,
    "violence_stream": 0.049875322729349136,
    "final": 0.3168713415041566
  },
  "fusion_weights": {
    "clip": 0.15,
    "vit": 0.6,
    "violence": 0.25,
    "audio": 0.0,
    "text": 0.0
  },
  "thresholds": {
    "allow": 0.3,
    "review": 0.55,
    "block": 0.78
  },
  "decision": "ALLOW"
}