{
  "model": "jaranohaal/vit-base-violence-detection",
  "frames_dir": "/home/jovyan/kau-muhayu-multimodal-harmful-content-detect/임영재/팀원_라벨링/팀원_데이터/video_frames/NV_187",
  "num_frames_total": 100,
  "num_frames_used": 10,
  "per_frame": {
    "clip_000_frame_000.jpg": {
      "violence_prob": 0.5259385108947754
    },
    "clip_000_frame_010.jpg": {
      "violence_prob": 0.5293971300125122
    },
    "clip_000_frame_020.jpg": {
      "violence_prob": 0.49709174036979675
    },
    "clip_000_frame_030.jpg": {
      "violence_prob": 0.49597272276878357
    },
    "clip_000_frame_040.jpg": {
      "violence_prob": 0.4988139569759369
    },
    "clip_001_frame_000.jpg": {
      "violence_prob": 0.4881912171840668
    },
    "clip_001_frame_010.jpg": {
      "violence_prob": 0.48375818133354187
    },
    "clip_001_frame_020.jpg": {
      "violence_prob": 0.4571121633052826
    },
    "clip_001_frame_030.jpg": {
      "violence_prob": 0.4628923535346985
    },
    "clip_001_frame_040.jpg": {
      "violence_prob": 0.4833797812461853
    }
  },
  "overall": {
    "avg_violence_prob": 0.492254775762558,
    "max_violence_prob": 0.5293971300125122,
    "p95_violence_prob": 0.5278407514095307
  }
}