{
  "scores": {
    "clip": 0.7963143885135651,
    "vit": 0.12168299742043018,
    "slowfast": 0.0168482456356287,
    "audio": 0.00047684364835731685,
    "text": 0.0,
    "violence_stream": 0.0168482456356287,
    "final": 0.650904635116458
  },
  "fusion_weights": {
    "clip": 0.8,
    "vit": 0.1,
    "violence": 0.1,
    "audio": 0.0,
    "text": 0.0
  },
  "thresholds": {
    "allow": 0.3,
    "review": 0.55,
    "block": 0.78
  },
  "decision": "REVIEW"
}