{
  "scores": {
    "clip": 0.8301155596971512,
    "vit": 0.3463002920150757,
    "slowfast": 0.0,
    "audio": 0.0,
    "text": 0.8000160455703735,
    "violence_stream": 0.0,
    "final": 0.3322975091636181
  },
  "fusion_weights": {
    "clip": 0.15,
    "vit": 0.6,
    "violence": 0.25,
    "audio": 0.0,
    "text": 0.0
  },
  "thresholds": {
    "allow": 0.3,
    "review": 0.55,
    "block": 0.78
  },
  "decision": "ALLOW"
}