{
  "scores": {
    "clip": 0.8694529503583908,
    "vit": 0.10160692855715751,
    "slowfast": 0.0,
    "audio": 0.0,
    "text": 0.0,
    "violence_stream": 0.0,
    "final": 0.7057230531424284
  },
  "fusion_weights": {
    "clip": 0.8,
    "vit": 0.1,
    "violence": 0.1,
    "audio": 0.0,
    "text": 0.0
  },
  "thresholds": {
    "allow": 0.3,
    "review": 0.55,
    "block": 0.78
  },
  "decision": "REVIEW"
}