{
  "model": "jaranohaal/vit-base-violence-detection",
  "frames_dir": "/home/jovyan/kau-muhayu-multimodal-harmful-content-detect/임영재/팀원_라벨링_모델선정/결과_데이터_training/팀원_데이터/video_frames/비디오/cBNVcBk3rjg_1",
  "num_frames_total": 120,
  "num_frames_used": 32,
  "per_frame": {
    "clip_000_frame_000.jpg": {
      "violence_prob": 0.08654125779867172
    },
    "clip_000_frame_003.jpg": {
      "violence_prob": 0.08812392503023148
    },
    "clip_000_frame_007.jpg": {
      "violence_prob": 0.0878203809261322
    },
    "clip_000_frame_011.jpg": {
      "violence_prob": 0.08745386451482773
    },
    "clip_000_frame_015.jpg": {
      "violence_prob": 0.0874752625823021
    },
    "clip_000_frame_019.jpg": {
      "violence_prob": 0.08621642738580704
    },
    "clip_000_frame_023.jpg": {
      "violence_prob": 0.08653496205806732
    },
    "clip_000_frame_026.jpg": {
      "violence_prob": 0.08586852252483368
    },
    "clip_000_frame_030.jpg": {
      "violence_prob": 0.08483684062957764
    },
    "clip_000_frame_034.jpg": {
      "violence_prob": 0.08771860599517822
    },
    "clip_000_frame_038.jpg": {
      "violence_prob": 0.08751977235078812
    },
    "clip_000_frame_042.jpg": {
      "violence_prob": 0.0876275897026062
    },
    "clip_000_frame_046.jpg": {
      "violence_prob": 0.08576885610818863
    },
    "clip_000_frame_049.jpg": {
      "violence_prob": 0.08694012463092804
    },
    "clip_000_frame_053.jpg": {
      "violence_prob": 0.08850403875112534
    },
    "clip_000_frame_057.jpg": {
      "violence_prob": 0.08908147364854813
    },
    "clip_001_frame_001.jpg": {
      "violence_prob": 0.08890990167856216
    },
    "clip_001_frame_005.jpg": {
      "violence_prob": 0.08861219882965088
    },
    "clip_001_frame_009.jpg": {
      "violence_prob": 0.08862639218568802
    },
    "clip_001_frame_012.jpg": {
      "violence_prob": 0.089845672249794
    },
    "clip_001_frame_016.jpg": {
      "violence_prob": 0.08800330758094788
    },
    "clip_001_frame_020.jpg": {
      "violence_prob": 0.08941047638654709
    },
    "clip_001_frame_024.jpg": {
      "violence_prob": 0.08887413889169693
    },
    "clip_001_frame_028.jpg": {
      "violence_prob": 0.08639161288738251
    },
    "clip_001_frame_032.jpg": {
      "violence_prob": 0.08723969757556915
    },
    "clip_001_frame_035.jpg": {
      "violence_prob": 0.08665505796670914
    },
    "clip_001_frame_039.jpg": {
      "violence_prob": 0.08754197508096695
    },
    "clip_001_frame_043.jpg": {
      "violence_prob": 0.0871206596493721
    },
    "clip_001_frame_047.jpg": {
      "violence_prob": 0.08739481121301651
    },
    "clip_001_frame_051.jpg": {
      "violence_prob": 0.08639959245920181
    },
    "clip_001_frame_055.jpg": {
      "violence_prob": 0.0870811715722084
    },
    "clip_001_frame_059.jpg": {
      "violence_prob": 0.08891244977712631
    }
  },
  "overall": {
    "avg_violence_prob": 0.08753284439444542,
    "max_violence_prob": 0.089845672249794,
    "p95_violence_prob": 0.08922952488064766
  }
}