{
  "scores": {
    "clip": 0.5077068567276001,
    "vit": 0.8782384514808654,
    "slowfast": 0.07348215579986572,
    "audio": 0.0,
    "text": 0.0,
    "violence_stream": 0.07348215579986572,
    "final": 0.6214696383476257
  },
  "fusion_weights": {
    "clip": 0.15,
    "vit": 0.6,
    "violence": 0.25,
    "audio": 0.0,
    "text": 0.0
  },
  "thresholds": {
    "allow": 0.3,
    "review": 0.55,
    "block": 0.78
  },
  "decision": "REVIEW"
}