{
  "scores": {
    "clip": 0.4973208397626877,
    "vit": 0.10157439783215523,
    "slowfast": 0.0,
    "audio": 0.0006414526142179966,
    "text": 0.0,
    "violence_stream": 0.0,
    "final": 0.4080141115933657
  },
  "fusion_weights": {
    "clip": 0.8,
    "vit": 0.1,
    "violence": 0.1,
    "audio": 0.0,
    "text": 0.0
  },
  "thresholds": {
    "allow": 0.3,
    "review": 0.55,
    "block": 0.78
  },
  "decision": "ALLOW"
}