{
  "model": "jaranohaal/vit-base-violence-detection",
  "frames_dir": "/home/jovyan/kau-muhayu-multimodal-harmful-content-detect/임영재/팀원_라벨링/팀원_데이터/video_frames/V_317",
  "num_frames_total": 119,
  "num_frames_used": 12,
  "per_frame": {
    "clip_000_frame_000.jpg": {
      "violence_prob": 0.5381218791007996
    },
    "clip_000_frame_010.jpg": {
      "violence_prob": 0.5443053245544434
    },
    "clip_000_frame_020.jpg": {
      "violence_prob": 0.49651747941970825
    },
    "clip_000_frame_030.jpg": {
      "violence_prob": 0.4915790855884552
    },
    "clip_000_frame_040.jpg": {
      "violence_prob": 0.40579459071159363
    },
    "clip_000_frame_050.jpg": {
      "violence_prob": 0.3897145688533783
    },
    "clip_001_frame_001.jpg": {
      "violence_prob": 0.40038755536079407
    },
    "clip_001_frame_011.jpg": {
      "violence_prob": 0.472129762172699
    },
    "clip_001_frame_021.jpg": {
      "violence_prob": 0.4181967079639435
    },
    "clip_001_frame_031.jpg": {
      "violence_prob": 0.4494909942150116
    },
    "clip_001_frame_041.jpg": {
      "violence_prob": 0.4189520478248596
    },
    "clip_001_frame_051.jpg": {
      "violence_prob": 0.510407030582428
    }
  },
  "overall": {
    "avg_violence_prob": 0.46129975219567615,
    "max_violence_prob": 0.5443053245544434,
    "p95_violence_prob": 0.5409044295549392
  }
}