{
  "scores": {
    "clip": 0.8916480481624603,
    "vit": 0.14804290756583213,
    "slowfast": 0.0,
    "audio": 0.0014715323923155665,
    "text": 0.0,
    "violence_stream": 0.0,
    "final": 0.7281227292865515
  },
  "fusion_weights": {
    "clip": 0.8,
    "vit": 0.1,
    "violence": 0.1,
    "audio": 0.0,
    "text": 0.0
  },
  "thresholds": {
    "allow": 0.3,
    "review": 0.55,
    "block": 0.78
  },
  "decision": "REVIEW"
}