{
  "model": "jaranohaal/vit-base-violence-detection",
  "frames_dir": "/home/jovyan/kau-muhayu-multimodal-harmful-content-detect/임영재/팀원_라벨링_모델선정/결과_데이터_training/팀원_데이터/video_frames/비디오/V_38",
  "num_frames_total": 100,
  "num_frames_used": 32,
  "per_frame": {
    "clip_000_frame_000.jpg": {
      "violence_prob": 0.12425266951322556
    },
    "clip_000_frame_003.jpg": {
      "violence_prob": 0.12346701323986053
    },
    "clip_000_frame_006.jpg": {
      "violence_prob": 0.13617576658725739
    },
    "clip_000_frame_009.jpg": {
      "violence_prob": 0.14062707126140594
    },
    "clip_000_frame_012.jpg": {
      "violence_prob": 0.14564961194992065
    },
    "clip_000_frame_015.jpg": {
      "violence_prob": 0.14100947976112366
    },
    "clip_000_frame_019.jpg": {
      "violence_prob": 0.1428171992301941
    },
    "clip_000_frame_022.jpg": {
      "violence_prob": 0.14883331954479218
    },
    "clip_000_frame_025.jpg": {
      "violence_prob": 0.13276085257530212
    },
    "clip_000_frame_028.jpg": {
      "violence_prob": 0.13666535913944244
    },
    "clip_000_frame_031.jpg": {
      "violence_prob": 0.13707822561264038
    },
    "clip_000_frame_035.jpg": {
      "violence_prob": 0.14204221963882446
    },
    "clip_000_frame_038.jpg": {
      "violence_prob": 0.13974350690841675
    },
    "clip_000_frame_041.jpg": {
      "violence_prob": 0.13141387701034546
    },
    "clip_000_frame_044.jpg": {
      "violence_prob": 0.13590162992477417
    },
    "clip_000_frame_047.jpg": {
      "violence_prob": 0.13873276114463806
    },
    "clip_001_frame_001.jpg": {
      "violence_prob": 0.14500248432159424
    },
    "clip_001_frame_004.jpg": {
      "violence_prob": 0.14581868052482605
    },
    "clip_001_frame_007.jpg": {
      "violence_prob": 0.14739620685577393
    },
    "clip_001_frame_010.jpg": {
      "violence_prob": 0.11070360243320465
    },
    "clip_001_frame_013.jpg": {
      "violence_prob": 0.12598668038845062
    },
    "clip_001_frame_017.jpg": {
      "violence_prob": 0.13933724164962769
    },
    "clip_001_frame_020.jpg": {
      "violence_prob": 0.1069430336356163
    },
    "clip_001_frame_023.jpg": {
      "violence_prob": 0.15041570365428925
    },
    "clip_001_frame_026.jpg": {
      "violence_prob": 0.13891103863716125
    },
    "clip_001_frame_029.jpg": {
      "violence_prob": 0.14052270352840424
    },
    "clip_001_frame_033.jpg": {
      "violence_prob": 0.14060969650745392
    },
    "clip_001_frame_036.jpg": {
      "violence_prob": 0.13449716567993164
    },
    "clip_001_frame_039.jpg": {
      "violence_prob": 0.13573241233825684
    },
    "clip_001_frame_042.jpg": {
      "violence_prob": 0.12120699882507324
    },
    "clip_001_frame_045.jpg": {
      "violence_prob": 0.13118763267993927
    },
    "clip_001_frame_049.jpg": {
      "violence_prob": 0.1387658268213272
    }
  },
  "overall": {
    "avg_violence_prob": 0.1359439897350967,
    "max_violence_prob": 0.15041570365428925,
    "p95_violence_prob": 0.14804290756583213
  }
}