{
  "scores": {
    "clip": 0.6858144372701644,
    "vit": 0.4606367915868759,
    "slowfast": 0.9998286962509155,
    "audio": 5.677190273445376e-08,
    "text": 0.0,
    "violence_stream": 0.9998286962509155,
    "final": 0.6946980985999107
  },
  "fusion_weights": {
    "clip": 0.8,
    "vit": 0.1,
    "violence": 0.1,
    "audio": 0.0,
    "text": 0.0
  },
  "thresholds": {
    "allow": 0.3,
    "review": 0.55,
    "block": 0.78
  },
  "decision": "REVIEW"
}