{
  "model": "jaranohaal/vit-base-violence-detection",
  "frames_dir": "/home/jovyan/kau-muhayu-multimodal-harmful-content-detect/임영재/팀원_라벨링_모델선정/결과_데이터_32/박상원/video_frames/비디오/video_118_substance_abuse",
  "num_frames_total": 350,
  "num_frames_used": 32,
  "per_frame": {
    "clip_000_frame_000.jpg": {
      "violence_prob": 0.13407805562019348
    },
    "clip_000_frame_011.jpg": {
      "violence_prob": 0.1353045105934143
    },
    "clip_000_frame_022.jpg": {
      "violence_prob": 0.13127246499061584
    },
    "clip_000_frame_033.jpg": {
      "violence_prob": 0.13238584995269775
    },
    "clip_000_frame_045.jpg": {
      "violence_prob": 0.13162335753440857
    },
    "clip_001_frame_006.jpg": {
      "violence_prob": 0.13254299759864807
    },
    "clip_001_frame_017.jpg": {
      "violence_prob": 0.13157063722610474
    },
    "clip_001_frame_028.jpg": {
      "violence_prob": 0.13142473995685577
    },
    "clip_001_frame_040.jpg": {
      "violence_prob": 0.13512538373470306
    },
    "clip_002_frame_001.jpg": {
      "violence_prob": 0.13126058876514435
    },
    "clip_002_frame_012.jpg": {
      "violence_prob": 0.13145151734352112
    },
    "clip_002_frame_023.jpg": {
      "violence_prob": 0.1287662535905838
    },
    "clip_002_frame_035.jpg": {
      "violence_prob": 0.12870313227176666
    },
    "clip_002_frame_046.jpg": {
      "violence_prob": 0.13234549760818481
    },
    "clip_003_frame_007.jpg": {
      "violence_prob": 0.1369875818490982
    },
    "clip_003_frame_018.jpg": {
      "violence_prob": 0.13534137606620789
    },
    "clip_003_frame_030.jpg": {
      "violence_prob": 0.1306450366973877
    },
    "clip_003_frame_041.jpg": {
      "violence_prob": 0.13095955550670624
    },
    "clip_004_frame_002.jpg": {
      "violence_prob": 0.12605680525302887
    },
    "clip_004_frame_013.jpg": {
      "violence_prob": 0.12733787298202515
    },
    "clip_004_frame_025.jpg": {
      "violence_prob": 0.12922403216362
    },
    "clip_004_frame_036.jpg": {
      "violence_prob": 0.12962205708026886
    },
    "clip_004_frame_047.jpg": {
      "violence_prob": 0.12710556387901306
    },
    "clip_005_frame_008.jpg": {
      "violence_prob": 0.1263001710176468
    },
    "clip_005_frame_020.jpg": {
      "violence_prob": 0.12571731209754944
    },
    "clip_005_frame_031.jpg": {
      "violence_prob": 0.12784349918365479
    },
    "clip_005_frame_042.jpg": {
      "violence_prob": 0.12766021490097046
    },
    "clip_006_frame_003.jpg": {
      "violence_prob": 0.12442023307085037
    },
    "clip_006_frame_015.jpg": {
      "violence_prob": 0.1270274519920349
    },
    "clip_006_frame_026.jpg": {
      "violence_prob": 0.12762336432933807
    },
    "clip_006_frame_037.jpg": {
      "violence_prob": 0.12610989809036255
    },
    "clip_006_frame_049.jpg": {
      "violence_prob": 0.12525740265846252
    }
  },
  "overall": {
    "avg_violence_prob": 0.12997170048765838,
    "max_violence_prob": 0.1369875818490982,
    "p95_violence_prob": 0.13532110005617143
  }
}