{
  "model": "jaranohaal/vit-base-violence-detection",
  "frames_dir": "/home/jovyan/kau-muhayu-multimodal-harmful-content-detect/임영재/팀원_라벨링_모델선정/결과_데이터_32/박상원/video_frames/비디오/video_222_gang_violence",
  "num_frames_total": 300,
  "num_frames_used": 32,
  "per_frame": {
    "clip_000_frame_000.jpg": {
      "violence_prob": 0.14445459842681885
    },
    "clip_000_frame_009.jpg": {
      "violence_prob": 0.1470520794391632
    },
    "clip_000_frame_019.jpg": {
      "violence_prob": 0.14358165860176086
    },
    "clip_000_frame_028.jpg": {
      "violence_prob": 0.14331133663654327
    },
    "clip_000_frame_038.jpg": {
      "violence_prob": 0.14613716304302216
    },
    "clip_000_frame_048.jpg": {
      "violence_prob": 0.14484255015850067
    },
    "clip_001_frame_007.jpg": {
      "violence_prob": 0.14687921106815338
    },
    "clip_001_frame_017.jpg": {
      "violence_prob": 0.14518441259860992
    },
    "clip_001_frame_027.jpg": {
      "violence_prob": 0.14888691902160645
    },
    "clip_001_frame_036.jpg": {
      "violence_prob": 0.14602825045585632
    },
    "clip_001_frame_046.jpg": {
      "violence_prob": 0.1435549408197403
    },
    "clip_002_frame_006.jpg": {
      "violence_prob": 0.14700375497341156
    },
    "clip_002_frame_015.jpg": {
      "violence_prob": 0.1481592208147049
    },
    "clip_002_frame_025.jpg": {
      "violence_prob": 0.14693178236484528
    },
    "clip_002_frame_035.jpg": {
      "violence_prob": 0.14647218585014343
    },
    "clip_002_frame_044.jpg": {
      "violence_prob": 0.14795266091823578
    },
    "clip_003_frame_004.jpg": {
      "violence_prob": 0.146052747964859
    },
    "clip_003_frame_013.jpg": {
      "violence_prob": 0.14730894565582275
    },
    "clip_003_frame_023.jpg": {
      "violence_prob": 0.1470690369606018
    },
    "clip_003_frame_033.jpg": {
      "violence_prob": 0.1475394368171692
    },
    "clip_003_frame_042.jpg": {
      "violence_prob": 0.1451900154352188
    },
    "clip_004_frame_002.jpg": {
      "violence_prob": 0.14845019578933716
    },
    "clip_004_frame_012.jpg": {
      "violence_prob": 0.14609433710575104
    },
    "clip_004_frame_021.jpg": {
      "violence_prob": 0.1458728015422821
    },
    "clip_004_frame_031.jpg": {
      "violence_prob": 0.146961510181427
    },
    "clip_004_frame_041.jpg": {
      "violence_prob": 0.1459917277097702
    },
    "clip_005_frame_000.jpg": {
      "violence_prob": 0.1456097662448883
    },
    "clip_005_frame_010.jpg": {
      "violence_prob": 0.143372043967247
    },
    "clip_005_frame_020.jpg": {
      "violence_prob": 0.14576324820518494
    },
    "clip_005_frame_029.jpg": {
      "violence_prob": 0.14767086505889893
    },
    "clip_005_frame_039.jpg": {
      "violence_prob": 0.14601969718933105
    },
    "clip_005_frame_049.jpg": {
      "violence_prob": 0.1465117186307907
    }
  },
  "overall": {
    "avg_violence_prob": 0.146184713114053,
    "max_violence_prob": 0.14888691902160645,
    "p95_violence_prob": 0.14829015955328942
  }
}