{
  "scores": {
    "clip": 0.4112835854291916,
    "vit": 0.14461973384022714,
    "slowfast": 0.045613694936037064,
    "audio": 0.0,
    "text": 0.0,
    "violence_stream": 0.045613694936037064,
    "final": 0.3480502112209797
  },
  "fusion_weights": {
    "clip": 0.8,
    "vit": 0.1,
    "violence": 0.1,
    "audio": 0.0,
    "text": 0.0
  },
  "thresholds": {
    "allow": 0.3,
    "review": 0.55,
    "block": 0.78
  },
  "decision": "ALLOW"
}