{
  "model": "jaranohaal/vit-base-violence-detection",
  "frames_dir": "/home/jovyan/kau-muhayu-multimodal-harmful-content-detect/임영재/팀원_라벨링_모델선정/결과_데이터_32/안지산/video_frames/안전비디오/clips__4076737-uhd_2160_3840_25fps_6.67_13.34",
  "num_frames_total": 257,
  "num_frames_used": 32,
  "per_frame": {
    "clip_000_frame_000.jpg": {
      "violence_prob": 0.14209862053394318
    },
    "clip_000_frame_008.jpg": {
      "violence_prob": 0.1414930820465088
    },
    "clip_000_frame_016.jpg": {
      "violence_prob": 0.14199405908584595
    },
    "clip_000_frame_024.jpg": {
      "violence_prob": 0.14179207384586334
    },
    "clip_000_frame_033.jpg": {
      "violence_prob": 0.14360247552394867
    },
    "clip_000_frame_041.jpg": {
      "violence_prob": 0.14407095313072205
    },
    "clip_000_frame_049.jpg": {
      "violence_prob": 0.14325445890426636
    },
    "clip_000_frame_057.jpg": {
      "violence_prob": 0.14396199584007263
    },
    "clip_000_frame_066.jpg": {
      "violence_prob": 0.14126504957675934
    },
    "clip_000_frame_074.jpg": {
      "violence_prob": 0.14232662320137024
    },
    "clip_000_frame_082.jpg": {
      "violence_prob": 0.14209714531898499
    },
    "clip_001_frame_005.jpg": {
      "violence_prob": 0.14333710074424744
    },
    "clip_001_frame_014.jpg": {
      "violence_prob": 0.14460237324237823
    },
    "clip_001_frame_022.jpg": {
      "violence_prob": 0.14360742270946503
    },
    "clip_001_frame_030.jpg": {
      "violence_prob": 0.1437927782535553
    },
    "clip_001_frame_038.jpg": {
      "violence_prob": 0.14278998970985413
    },
    "clip_001_frame_047.jpg": {
      "violence_prob": 0.1430218666791916
    },
    "clip_001_frame_055.jpg": {
      "violence_prob": 0.14278921484947205
    },
    "clip_001_frame_063.jpg": {
      "violence_prob": 0.14298580586910248
    },
    "clip_001_frame_071.jpg": {
      "violence_prob": 0.14261755347251892
    },
    "clip_001_frame_080.jpg": {
      "violence_prob": 0.14307042956352234
    },
    "clip_002_frame_002.jpg": {
      "violence_prob": 0.14280490577220917
    },
    "clip_002_frame_010.jpg": {
      "violence_prob": 0.14296743273735046
    },
    "clip_002_frame_018.jpg": {
      "violence_prob": 0.1427198052406311
    },
    "clip_002_frame_027.jpg": {
      "violence_prob": 0.14315877854824066
    },
    "clip_002_frame_035.jpg": {
      "violence_prob": 0.1428154855966568
    },
    "clip_002_frame_043.jpg": {
      "violence_prob": 0.14313237369060516
    },
    "clip_002_frame_051.jpg": {
      "violence_prob": 0.1446409523487091
    },
    "clip_002_frame_060.jpg": {
      "violence_prob": 0.1450960487127304
    },
    "clip_002_frame_068.jpg": {
      "violence_prob": 0.1423853486776352
    },
    "clip_002_frame_076.jpg": {
      "violence_prob": 0.14285433292388916
    },
    "clip_002_frame_085.jpg": {
      "violence_prob": 0.1425294429063797
    }
  },
  "overall": {
    "avg_violence_prob": 0.14298987435176969,
    "max_violence_prob": 0.1450960487127304,
    "p95_violence_prob": 0.14461973384022714
  }
}