{
  "scores": {
    "clip": 0.6982560366392135,
    "vit": 0.12326402515172959,
    "slowfast": 0.04276901111006737,
    "audio": 0.0,
    "text": 0.0,
    "violence_stream": 0.04276901111006737,
    "final": 0.5752081329375506
  },
  "fusion_weights": {
    "clip": 0.8,
    "vit": 0.1,
    "violence": 0.1,
    "audio": 0.0,
    "text": 0.0
  },
  "thresholds": {
    "allow": 0.3,
    "review": 0.55,
    "block": 0.78
  },
  "decision": "REVIEW"
}