{
  "scores": {
    "clip": 0.8340743184089661,
    "vit": 0.5056476593017578,
    "slowfast": 0.0,
    "audio": 0.0002900437393691391,
    "text": 0.0,
    "violence_stream": 0.0,
    "final": 0.4284997433423996
  },
  "fusion_weights": {
    "clip": 0.15,
    "vit": 0.6,
    "violence": 0.25,
    "audio": 0.0,
    "text": 0.0
  },
  "thresholds": {
    "allow": 0.3,
    "review": 0.55,
    "block": 0.78
  },
  "decision": "ALLOW"
}