{
  "model": "jaranohaal/vit-base-violence-detection",
  "frames_dir": "/home/jovyan/kau-muhayu-multimodal-harmful-content-detect/임영재/팀원_라벨링_모델선정/결과_데이터_32/임영재/video_frames/비디오/V_17",
  "num_frames_total": 179,
  "num_frames_used": 32,
  "per_frame": {
    "clip_000_frame_000.jpg": {
      "violence_prob": 0.1123846024274826
    },
    "clip_000_frame_005.jpg": {
      "violence_prob": 0.09694796055555344
    },
    "clip_000_frame_011.jpg": {
      "violence_prob": 0.0872245654463768
    },
    "clip_000_frame_017.jpg": {
      "violence_prob": 0.0913754478096962
    },
    "clip_000_frame_022.jpg": {
      "violence_prob": 0.09099134057760239
    },
    "clip_000_frame_028.jpg": {
      "violence_prob": 0.09828747063875198
    },
    "clip_000_frame_034.jpg": {
      "violence_prob": 0.09498216956853867
    },
    "clip_000_frame_040.jpg": {
      "violence_prob": 0.1013089045882225
    },
    "clip_000_frame_045.jpg": {
      "violence_prob": 0.10374897718429565
    },
    "clip_000_frame_051.jpg": {
      "violence_prob": 0.10730638355016708
    },
    "clip_000_frame_057.jpg": {
      "violence_prob": 0.1264490932226181
    },
    "clip_001_frame_004.jpg": {
      "violence_prob": 0.11457907408475876
    },
    "clip_001_frame_009.jpg": {
      "violence_prob": 0.12834680080413818
    },
    "clip_001_frame_015.jpg": {
      "violence_prob": 0.10465212911367416
    },
    "clip_001_frame_021.jpg": {
      "violence_prob": 0.09638528525829315
    },
    "clip_001_frame_027.jpg": {
      "violence_prob": 0.10854291915893555
    },
    "clip_001_frame_032.jpg": {
      "violence_prob": 0.10917899757623672
    },
    "clip_001_frame_038.jpg": {
      "violence_prob": 0.11636781692504883
    },
    "clip_001_frame_044.jpg": {
      "violence_prob": 0.12539266049861908
    },
    "clip_001_frame_050.jpg": {
      "violence_prob": 0.09727652370929718
    },
    "clip_001_frame_055.jpg": {
      "violence_prob": 0.15317200124263763
    },
    "clip_002_frame_001.jpg": {
      "violence_prob": 0.26029905676841736
    },
    "clip_002_frame_007.jpg": {
      "violence_prob": 0.09344208240509033
    },
    "clip_002_frame_013.jpg": {
      "violence_prob": 0.14788708090782166
    },
    "clip_002_frame_018.jpg": {
      "violence_prob": 0.12440651655197144
    },
    "clip_002_frame_024.jpg": {
      "violence_prob": 0.12129464745521545
    },
    "clip_002_frame_030.jpg": {
      "violence_prob": 0.10870848596096039
    },
    "clip_002_frame_036.jpg": {
      "violence_prob": 0.34617796540260315
    },
    "clip_002_frame_041.jpg": {
      "violence_prob": 0.3858805000782013
    },
    "clip_002_frame_047.jpg": {
      "violence_prob": 0.1110788956284523
    },
    "clip_002_frame_053.jpg": {
      "violence_prob": 0.103672094643116
    },
    "clip_002_frame_059.jpg": {
      "violence_prob": 0.11421940475702286
    }
  },
  "overall": {
    "avg_violence_prob": 0.13068649545311928,
    "max_violence_prob": 0.3858805000782013,
    "p95_violence_prob": 0.2989445656538009
  }
}