{
  "scores": {
    "clip": 0.5883148938417435,
    "vit": 0.14053367897868158,
    "slowfast": 0.055833205580711365,
    "audio": 0.0,
    "text": 0.0,
    "violence_stream": 0.055833205580711365,
    "final": 0.4902886035293341
  },
  "fusion_weights": {
    "clip": 0.8,
    "vit": 0.1,
    "violence": 0.1,
    "audio": 0.0,
    "text": 0.0
  },
  "thresholds": {
    "allow": 0.3,
    "review": 0.55,
    "block": 0.78
  },
  "decision": "ALLOW"
}