{
  "model": "jaranohaal/vit-base-violence-detection",
  "frames_dir": "/home/jovyan/kau-muhayu-multimodal-harmful-content-detect/임영재/팀원_라벨링_모델선정/결과_데이터_32/안지산/video_frames/비디오/smoking__clips__8427743-uhd_2160_3840_25fps_0.00_4.44",
  "num_frames_total": 100,
  "num_frames_used": 32,
  "per_frame": {
    "clip_000_frame_000.jpg": {
      "violence_prob": 0.13231639564037323
    },
    "clip_000_frame_003.jpg": {
      "violence_prob": 0.13296189904212952
    },
    "clip_000_frame_006.jpg": {
      "violence_prob": 0.13477739691734314
    },
    "clip_000_frame_009.jpg": {
      "violence_prob": 0.1345747709274292
    },
    "clip_000_frame_012.jpg": {
      "violence_prob": 0.13423101603984833
    },
    "clip_000_frame_015.jpg": {
      "violence_prob": 0.13341175019741058
    },
    "clip_000_frame_019.jpg": {
      "violence_prob": 0.13433964550495148
    },
    "clip_000_frame_022.jpg": {
      "violence_prob": 0.1342550665140152
    },
    "clip_000_frame_025.jpg": {
      "violence_prob": 0.13411466777324677
    },
    "clip_000_frame_028.jpg": {
      "violence_prob": 0.13359083235263824
    },
    "clip_000_frame_031.jpg": {
      "violence_prob": 0.13285799324512482
    },
    "clip_000_frame_035.jpg": {
      "violence_prob": 0.1327984482049942
    },
    "clip_000_frame_038.jpg": {
      "violence_prob": 0.1326017528772354
    },
    "clip_000_frame_041.jpg": {
      "violence_prob": 0.13250871002674103
    },
    "clip_000_frame_044.jpg": {
      "violence_prob": 0.13201603293418884
    },
    "clip_000_frame_047.jpg": {
      "violence_prob": 0.1315484195947647
    },
    "clip_001_frame_001.jpg": {
      "violence_prob": 0.13156375288963318
    },
    "clip_001_frame_004.jpg": {
      "violence_prob": 0.13185685873031616
    },
    "clip_001_frame_007.jpg": {
      "violence_prob": 0.13246531784534454
    },
    "clip_001_frame_010.jpg": {
      "violence_prob": 0.13532306253910065
    },
    "clip_001_frame_013.jpg": {
      "violence_prob": 0.13626925647258759
    },
    "clip_001_frame_017.jpg": {
      "violence_prob": 0.1391085386276245
    },
    "clip_001_frame_020.jpg": {
      "violence_prob": 0.14086931943893433
    },
    "clip_001_frame_023.jpg": {
      "violence_prob": 0.14051075279712677
    },
    "clip_001_frame_026.jpg": {
      "violence_prob": 0.13982883095741272
    },
    "clip_001_frame_029.jpg": {
      "violence_prob": 0.14056169986724854
    },
    "clip_001_frame_033.jpg": {
      "violence_prob": 0.13985824584960938
    },
    "clip_001_frame_036.jpg": {
      "violence_prob": 0.14008255302906036
    },
    "clip_001_frame_039.jpg": {
      "violence_prob": 0.14032675325870514
    },
    "clip_001_frame_042.jpg": {
      "violence_prob": 0.1404133141040802
    },
    "clip_001_frame_045.jpg": {
      "violence_prob": 0.1401815116405487
    },
    "clip_001_frame_049.jpg": {
      "violence_prob": 0.14002107083797455
    }
  },
  "overall": {
    "avg_violence_prob": 0.13569205114617944,
    "max_violence_prob": 0.14086931943893433,
    "p95_violence_prob": 0.14053367897868158
  }
}