{
  "scores": {
    "clip": 0.4920077115297318,
    "vit": 0.12197665758430958,
    "slowfast": 0.026653233915567398,
    "audio": 0.0,
    "text": 0.0,
    "violence_stream": 0.026653233915567398,
    "final": 0.4084691583737731
  },
  "fusion_weights": {
    "clip": 0.8,
    "vit": 0.1,
    "violence": 0.1,
    "audio": 0.0,
    "text": 0.0
  },
  "thresholds": {
    "allow": 0.3,
    "review": 0.55,
    "block": 0.78
  },
  "decision": "ALLOW"
}