{
  "model": "jaranohaal/vit-base-violence-detection",
  "frames_dir": "/home/jovyan/kau-muhayu-multimodal-harmful-content-detect/임영재/팀원_라벨링_모델선정/결과_데이터_32/안지산/video_frames/안전비디오/clips__14785179_2160_3840_24fps_7.51_10.01",
  "num_frames_total": 416,
  "num_frames_used": 32,
  "per_frame": {
    "clip_000_frame_000.jpg": {
      "violence_prob": 0.09975405782461166
    },
    "clip_000_frame_013.jpg": {
      "violence_prob": 0.10625576972961426
    },
    "clip_000_frame_026.jpg": {
      "violence_prob": 0.09438876807689667
    },
    "clip_000_frame_040.jpg": {
      "violence_prob": 0.09920170158147812
    },
    "clip_000_frame_053.jpg": {
      "violence_prob": 0.1292472630739212
    },
    "clip_000_frame_066.jpg": {
      "violence_prob": 0.10549971461296082
    },
    "clip_000_frame_080.jpg": {
      "violence_prob": 0.09268641471862793
    },
    "clip_000_frame_093.jpg": {
      "violence_prob": 0.09599205106496811
    },
    "clip_000_frame_107.jpg": {
      "violence_prob": 0.09878450632095337
    },
    "clip_000_frame_120.jpg": {
      "violence_prob": 0.09865158051252365
    },
    "clip_000_frame_133.jpg": {
      "violence_prob": 0.10255222767591476
    },
    "clip_000_frame_147.jpg": {
      "violence_prob": 0.10975002497434616
    },
    "clip_000_frame_160.jpg": {
      "violence_prob": 0.10532870143651962
    },
    "clip_001_frame_009.jpg": {
      "violence_prob": 0.09335440397262573
    },
    "clip_001_frame_022.jpg": {
      "violence_prob": 0.09716511517763138
    },
    "clip_001_frame_035.jpg": {
      "violence_prob": 0.10268834978342056
    },
    "clip_001_frame_049.jpg": {
      "violence_prob": 0.09988865256309509
    },
    "clip_001_frame_062.jpg": {
      "violence_prob": 0.0997694581747055
    },
    "clip_001_frame_075.jpg": {
      "violence_prob": 0.10713867843151093
    },
    "clip_001_frame_089.jpg": {
      "violence_prob": 0.10443075001239777
    },
    "clip_001_frame_102.jpg": {
      "violence_prob": 0.10110187530517578
    },
    "clip_001_frame_116.jpg": {
      "violence_prob": 0.1016901507973671
    },
    "clip_001_frame_129.jpg": {
      "violence_prob": 0.11104267090559006
    },
    "clip_001_frame_142.jpg": {
      "violence_prob": 0.10884710401296616
    },
    "clip_001_frame_156.jpg": {
      "violence_prob": 0.12248402088880539
    },
    "clip_002_frame_003.jpg": {
      "violence_prob": 0.10123065859079361
    },
    "clip_002_frame_017.jpg": {
      "violence_prob": 0.1048332005739212
    },
    "clip_002_frame_030.jpg": {
      "violence_prob": 0.10744587332010269
    },
    "clip_002_frame_043.jpg": {
      "violence_prob": 0.10879717022180557
    },
    "clip_002_frame_057.jpg": {
      "violence_prob": 0.12156154215335846
    },
    "clip_002_frame_070.jpg": {
      "violence_prob": 0.11079864203929901
    },
    "clip_002_frame_084.jpg": {
      "violence_prob": 0.11322148889303207
    }
  },
  "overall": {
    "avg_violence_prob": 0.10486195585690439,
    "max_violence_prob": 0.1292472630739212,
    "p95_violence_prob": 0.12197665758430958
  }
}