{
  "model": "jaranohaal/vit-base-violence-detection",
  "frames_dir": "/home/jovyan/kau-muhayu-multimodal-harmful-content-detect/임영재/팀원_라벨링_모델선정/결과_데이터_32/임영재/video_frames/비디오/V_332",
  "num_frames_total": 119,
  "num_frames_used": 32,
  "per_frame": {
    "clip_000_frame_000.jpg": {
      "violence_prob": 0.11547844111919403
    },
    "clip_000_frame_003.jpg": {
      "violence_prob": 0.099835604429245
    },
    "clip_000_frame_007.jpg": {
      "violence_prob": 0.09495512396097183
    },
    "clip_000_frame_011.jpg": {
      "violence_prob": 0.10233385860919952
    },
    "clip_000_frame_015.jpg": {
      "violence_prob": 0.10129020363092422
    },
    "clip_000_frame_019.jpg": {
      "violence_prob": 0.10311774909496307
    },
    "clip_000_frame_022.jpg": {
      "violence_prob": 0.10561451315879822
    },
    "clip_000_frame_026.jpg": {
      "violence_prob": 0.09921116381883621
    },
    "clip_000_frame_030.jpg": {
      "violence_prob": 0.10555797815322876
    },
    "clip_000_frame_034.jpg": {
      "violence_prob": 0.10735197365283966
    },
    "clip_000_frame_038.jpg": {
      "violence_prob": 0.11422651261091232
    },
    "clip_000_frame_041.jpg": {
      "violence_prob": 0.10771045833826065
    },
    "clip_000_frame_045.jpg": {
      "violence_prob": 0.09609139710664749
    },
    "clip_000_frame_049.jpg": {
      "violence_prob": 0.09771326184272766
    },
    "clip_000_frame_053.jpg": {
      "violence_prob": 0.09475244581699371
    },
    "clip_000_frame_057.jpg": {
      "violence_prob": 0.10316334664821625
    },
    "clip_001_frame_001.jpg": {
      "violence_prob": 0.09781954437494278
    },
    "clip_001_frame_005.jpg": {
      "violence_prob": 0.10062718391418457
    },
    "clip_001_frame_009.jpg": {
      "violence_prob": 0.09974674880504608
    },
    "clip_001_frame_013.jpg": {
      "violence_prob": 0.09614352136850357
    },
    "clip_001_frame_017.jpg": {
      "violence_prob": 0.09406595677137375
    },
    "clip_001_frame_020.jpg": {
      "violence_prob": 0.092902772128582
    },
    "clip_001_frame_024.jpg": {
      "violence_prob": 0.08372507244348526
    },
    "clip_001_frame_028.jpg": {
      "violence_prob": 0.09530751407146454
    },
    "clip_001_frame_032.jpg": {
      "violence_prob": 0.09420379996299744
    },
    "clip_001_frame_036.jpg": {
      "violence_prob": 0.0840347409248352
    },
    "clip_001_frame_039.jpg": {
      "violence_prob": 0.08329012244939804
    },
    "clip_001_frame_043.jpg": {
      "violence_prob": 0.09476383030414581
    },
    "clip_001_frame_047.jpg": {
      "violence_prob": 0.08654779195785522
    },
    "clip_001_frame_051.jpg": {
      "violence_prob": 0.08523381501436234
    },
    "clip_001_frame_055.jpg": {
      "violence_prob": 0.08737283945083618
    },
    "clip_001_frame_059.jpg": {
      "violence_prob": 0.09438823163509369
    }
  },
  "overall": {
    "avg_violence_prob": 0.09745554742403328,
    "max_violence_prob": 0.11547844111919403,
    "p95_violence_prob": 0.1106426827609539
  }
}