{
  "model": "jaranohaal/vit-base-violence-detection",
  "frames_dir": "/home/jovyan/kau-muhayu-multimodal-harmful-content-detect/임영재/팀원_라벨링_모델선정/결과_데이터_32/박상원/video_frames/안전비디오/safe_video_084_running_exercis",
  "num_frames_total": 500,
  "num_frames_used": 32,
  "per_frame": {
    "clip_000_frame_000.jpg": {
      "violence_prob": 0.44276657700538635
    },
    "clip_000_frame_016.jpg": {
      "violence_prob": 0.38083115220069885
    },
    "clip_000_frame_032.jpg": {
      "violence_prob": 0.4294453263282776
    },
    "clip_000_frame_048.jpg": {
      "violence_prob": 0.4478793442249298
    },
    "clip_001_frame_014.jpg": {
      "violence_prob": 0.3710065186023712
    },
    "clip_001_frame_030.jpg": {
      "violence_prob": 0.34260809421539307
    },
    "clip_001_frame_046.jpg": {
      "violence_prob": 0.3598523437976837
    },
    "clip_002_frame_012.jpg": {
      "violence_prob": 0.37584027647972107
    },
    "clip_002_frame_028.jpg": {
      "violence_prob": 0.372848778963089
    },
    "clip_002_frame_044.jpg": {
      "violence_prob": 0.4149673581123352
    },
    "clip_003_frame_010.jpg": {
      "violence_prob": 0.423263818025589
    },
    "clip_003_frame_027.jpg": {
      "violence_prob": 0.40155264735221863
    },
    "clip_003_frame_043.jpg": {
      "violence_prob": 0.3762458264827728
    },
    "clip_004_frame_009.jpg": {
      "violence_prob": 0.33881592750549316
    },
    "clip_004_frame_025.jpg": {
      "violence_prob": 0.33268287777900696
    },
    "clip_004_frame_041.jpg": {
      "violence_prob": 0.27392271161079407
    },
    "clip_005_frame_007.jpg": {
      "violence_prob": 0.3953249454498291
    },
    "clip_005_frame_023.jpg": {
      "violence_prob": 0.3836664855480194
    },
    "clip_005_frame_039.jpg": {
      "violence_prob": 0.4487842619419098
    },
    "clip_006_frame_005.jpg": {
      "violence_prob": 0.43410778045654297
    },
    "clip_006_frame_021.jpg": {
      "violence_prob": 0.4300481975078583
    },
    "clip_006_frame_038.jpg": {
      "violence_prob": 0.4032996892929077
    },
    "clip_007_frame_004.jpg": {
      "violence_prob": 0.39965611696243286
    },
    "clip_007_frame_020.jpg": {
      "violence_prob": 0.39322927594184875
    },
    "clip_007_frame_036.jpg": {
      "violence_prob": 0.4292425215244293
    },
    "clip_008_frame_002.jpg": {
      "violence_prob": 0.4588569402694702
    },
    "clip_008_frame_018.jpg": {
      "violence_prob": 0.42704471945762634
    },
    "clip_008_frame_034.jpg": {
      "violence_prob": 0.4317282736301422
    },
    "clip_009_frame_000.jpg": {
      "violence_prob": 0.37385761737823486
    },
    "clip_009_frame_016.jpg": {
      "violence_prob": 0.42601755261421204
    },
    "clip_009_frame_032.jpg": {
      "violence_prob": 0.4196408689022064
    },
    "clip_009_frame_049.jpg": {
      "violence_prob": 0.4766802489757538
    }
  },
  "overall": {
    "avg_violence_prob": 0.4004910960793495,
    "max_violence_prob": 0.4766802489757538,
    "p95_violence_prob": 0.45331696718931197
  }
}