{
  "model": "jaranohaal/vit-base-violence-detection",
  "frames_dir": "/home/jovyan/kau-muhayu-multimodal-harmful-content-detect/임영재/팀원_라벨링/팀원_데이터/video_frames/V_553",
  "num_frames_total": 148,
  "num_frames_used": 15,
  "per_frame": {
    "clip_000_frame_000.jpg": {
      "violence_prob": 0.18987329304218292
    },
    "clip_000_frame_010.jpg": {
      "violence_prob": 0.22673533856868744
    },
    "clip_000_frame_020.jpg": {
      "violence_prob": 0.19385147094726562
    },
    "clip_000_frame_030.jpg": {
      "violence_prob": 0.17493030428886414
    },
    "clip_000_frame_040.jpg": {
      "violence_prob": 0.18019412457942963
    },
    "clip_000_frame_050.jpg": {
      "violence_prob": 0.2246140092611313
    },
    "clip_000_frame_060.jpg": {
      "violence_prob": 0.23771627247333527
    },
    "clip_000_frame_070.jpg": {
      "violence_prob": 0.21019446849822998
    },
    "clip_001_frame_006.jpg": {
      "violence_prob": 0.23892952501773834
    },
    "clip_001_frame_016.jpg": {
      "violence_prob": 0.2933681905269623
    },
    "clip_001_frame_026.jpg": {
      "violence_prob": 0.2644985616207123
    },
    "clip_001_frame_036.jpg": {
      "violence_prob": 0.2612612843513489
    },
    "clip_001_frame_046.jpg": {
      "violence_prob": 0.24848482012748718
    },
    "clip_001_frame_056.jpg": {
      "violence_prob": 0.18136060237884521
    },
    "clip_001_frame_066.jpg": {
      "violence_prob": 0.15203090012073517
    }
  },
  "overall": {
    "avg_violence_prob": 0.21853621105353038,
    "max_violence_prob": 0.2933681905269623,
    "p95_violence_prob": 0.27315945029258726
  }
}