{
  "model": "jaranohaal/vit-base-violence-detection",
  "frames_dir": "/home/jovyan/kau-muhayu-multimodal-harmful-content-detect/임영재/팀원_라벨링/팀원_데이터/video_frames/V_242",
  "num_frames_total": 60,
  "num_frames_used": 6,
  "per_frame": {
    "clip_000_frame_000.jpg": {
      "violence_prob": 0.7779915928840637
    },
    "clip_000_frame_010.jpg": {
      "violence_prob": 0.780362069606781
    },
    "clip_000_frame_020.jpg": {
      "violence_prob": 0.7824801206588745
    },
    "clip_000_frame_030.jpg": {
      "violence_prob": 0.7771463394165039
    },
    "clip_000_frame_040.jpg": {
      "violence_prob": 0.7914166450500488
    },
    "clip_000_frame_050.jpg": {
      "violence_prob": 0.7925604581832886
    }
  },
  "overall": {
    "avg_violence_prob": 0.7836595376332601,
    "max_violence_prob": 0.7925604581832886,
    "p95_violence_prob": 0.7922745048999786
  }
}