{
  "model": "jaranohaal/vit-base-violence-detection",
  "frames_dir": "/home/jovyan/kau-muhayu-multimodal-harmful-content-detect/임영재/팀원_라벨링_모델선정/결과_데이터_training/팀원_데이터/video_frames/비디오/V_20",
  "num_frames_total": 119,
  "num_frames_used": 32,
  "per_frame": {
    "clip_000_frame_000.jpg": {
      "violence_prob": 0.14503981173038483
    },
    "clip_000_frame_003.jpg": {
      "violence_prob": 0.14849810302257538
    },
    "clip_000_frame_007.jpg": {
      "violence_prob": 0.15757541358470917
    },
    "clip_000_frame_011.jpg": {
      "violence_prob": 0.15525394678115845
    },
    "clip_000_frame_015.jpg": {
      "violence_prob": 0.15563634037971497
    },
    "clip_000_frame_019.jpg": {
      "violence_prob": 0.15130047500133514
    },
    "clip_000_frame_022.jpg": {
      "violence_prob": 0.15403211116790771
    },
    "clip_000_frame_026.jpg": {
      "violence_prob": 0.15319083631038666
    },
    "clip_000_frame_030.jpg": {
      "violence_prob": 0.1566552221775055
    },
    "clip_000_frame_034.jpg": {
      "violence_prob": 0.15965665876865387
    },
    "clip_000_frame_038.jpg": {
      "violence_prob": 0.1552441567182541
    },
    "clip_000_frame_041.jpg": {
      "violence_prob": 0.1554349958896637
    },
    "clip_000_frame_045.jpg": {
      "violence_prob": 0.16570620238780975
    },
    "clip_000_frame_049.jpg": {
      "violence_prob": 0.16061149537563324
    },
    "clip_000_frame_053.jpg": {
      "violence_prob": 0.163103848695755
    },
    "clip_000_frame_057.jpg": {
      "violence_prob": 0.15877149999141693
    },
    "clip_001_frame_001.jpg": {
      "violence_prob": 0.1614418476819992
    },
    "clip_001_frame_005.jpg": {
      "violence_prob": 0.15324638783931732
    },
    "clip_001_frame_009.jpg": {
      "violence_prob": 0.15645353496074677
    },
    "clip_001_frame_013.jpg": {
      "violence_prob": 0.14410051703453064
    },
    "clip_001_frame_017.jpg": {
      "violence_prob": 0.1361003965139389
    },
    "clip_001_frame_020.jpg": {
      "violence_prob": 0.1402195543050766
    },
    "clip_001_frame_024.jpg": {
      "violence_prob": 0.1390189677476883
    },
    "clip_001_frame_028.jpg": {
      "violence_prob": 0.14670729637145996
    },
    "clip_001_frame_032.jpg": {
      "violence_prob": 0.13976816833019257
    },
    "clip_001_frame_036.jpg": {
      "violence_prob": 0.1401626169681549
    },
    "clip_001_frame_039.jpg": {
      "violence_prob": 0.1118137538433075
    },
    "clip_001_frame_043.jpg": {
      "violence_prob": 0.137853741645813
    },
    "clip_001_frame_047.jpg": {
      "violence_prob": 0.15425243973731995
    },
    "clip_001_frame_051.jpg": {
      "violence_prob": 0.12922312319278717
    },
    "clip_001_frame_055.jpg": {
      "violence_prob": 0.12840977311134338
    },
    "clip_001_frame_059.jpg": {
      "violence_prob": 0.11466676741838455
    }
  },
  "overall": {
    "avg_violence_prob": 0.1477859376464039,
    "max_violence_prob": 0.16570620238780975,
    "p95_violence_prob": 0.16218974813818932
  }
}