{
  "pexels-2152765384-34913001.jpg": {
    "label": 0,
    "category": "safe",
    "clip": 0.37344,
    "vit": 0.19726,
    "fused": 0.3382,
    "pred_label": 0
  },
  "pexels-236636281-34867292.jpg": {
    "label": 0,
    "category": "safe",
    "clip": 0.53582,
    "vit": 0.15818,
    "fused": 0.46029,
    "pred_label": 1
  },
  "pexels-adonyi-foto-1479710.jpg": {
    "label": 0,
    "category": "safe",
    "clip": 0.30699,
    "vit": 0.09609,
    "fused": 0.26481,
    "pred_label": 0
  },
  "pexels-airwanderers-3130392.jpg": {
    "label": 0,
    "category": "safe",
    "clip": 0.49573,
    "vit": 0.13478,
    "fused": 0.42354,
    "pred_label": 1
  },
  "pexels-aishdreamer-2163751.jpg": {
    "label": 0,
    "category": "safe",
    "clip": 0.27957,
    "vit": 0.10016,
    "fused": 0.24369,
    "pred_label": 0
  },
  "pexels-alla-dokova-485485010-34905034.jpg": {
    "label": 0,
    "category": "safe",
    "clip": 0.279,
    "vit": 0.10995,
    "fused": 0.24519,
    "pred_label": 0
  },
  "pexels-alyona-nagel-1468385055-34910776.jpg": {
    "label": 0,
    "category": "safe",
    "clip": 0.1942,
    "vit": 0.1163,
    "fused": 0.17862,
    "pred_label": 0
  },
  "pexels-andrey-du-2157697052-34906762.jpg": {
    "label": 0,
    "category": "safe",
    "clip": 0.34661,
    "vit": 0.20795,
    "fused": 0.31888,
    "pred_label": 0
  },
  "pexels-andrey-du-2157697052-34906797.jpg": {
    "label": 0,
    "category": "safe",
    "clip": 0.45843,
    "vit": 0.37619,
    "fused": 0.44198,
    "pred_label": 1
  },
  "pexels-aziz-el-gasmi-2157218777-34910107.jpg": {
    "label": 0,
    "category": "safe",
    "clip": 0.14724,
    "vit": 0.1361,
    "fused": 0.14501,
    "pred_label": 0
  },
  "pexels-belle-co-99483-847393.jpg": {
    "label": 0,
    "category": "safe",
    "clip": 0.3513,
    "vit": 0.14415,
    "fused": 0.30987,
    "pred_label": 0
  },
  "pexels-blackboy-joy-338723713-34913142.jpg": {
    "label": 0,
    "category": "safe",
    "clip": 0.4295,
    "vit": 0.1305,
    "fused": 0.3697,
    "pred_label": 1
  },
  "pexels-brigitte-tohm-36757-378007.jpg": {
    "label": 0,
    "category": "safe",
    "clip": 0.35227,
    "vit": 0.29411,
    "fused": 0.34064,
    "pred_label": 0
  },
  "pexels-coralbellestudios-811575.jpg": {
    "label": 0,
    "category": "safe",
    "clip": 0.31239,
    "vit": 0.20314,
    "fused": 0.29054,
    "pred_label": 0
  },
  "pexels-d123x-946290.jpg": {
    "label": 0,
    "category": "safe",
    "clip": 0.4096,
    "vit": 0.12489,
    "fused": 0.35266,
    "pred_label": 1
  },
  "pexels-david-alberto-carmona-coto-434794-1151418.jpg": {
    "label": 0,
    "category": "safe",
    "clip": 0.39708,
    "vit": 0.15016,
    "fused": 0.3477,
    "pred_label": 0
  },
  "pexels-ella-olsson-572949-1640773.jpg": {
    "label": 0,
    "category": "safe",
    "clip": 0.3009,
    "vit": 0.41326,
    "fused": 0.32337,
    "pred_label": 0
  },
  "pexels-ella-wimer-1986760150-34916145.jpg": {
    "label": 0,
    "category": "safe",
    "clip": 0.19111,
    "vit": 0.44827,
    "fused": 0.24254,
    "pred_label": 0
  },
  "pexels-elletakesphotos-1660041.jpg": {
    "label": 0,
    "category": "safe",
    "clip": 0.30118,
    "vit": 0.4321,
    "fused": 0.32736,
    "pred_label": 0
  },
  "pexels-elly-fairytale-3811074.jpg": {
    "label": 0,
    "category": "safe",
    "clip": 0.24151,
    "vit": 0.42654,
    "fused": 0.27852,
    "pred_label": 0
  },
  "pexels-emptymirror-34912040.jpg": {
    "label": 0,
    "category": "safe",
    "clip": 0.31639,
    "vit": 0.06631,
    "fused": 0.26637,
    "pred_label": 0
  },
  "pexels-enginakyurt-1435833.jpg": {
    "label": 0,
    "category": "safe",
    "clip": 0.45516,
    "vit": 0.16276,
    "fused": 0.39668,
    "pred_label": 1
  },
  "pexels-enginakyurt-1677275.jpg": {
    "label": 0,
    "category": "safe",
    "clip": 0.41251,
    "vit": 0.14858,
    "fused": 0.35972,
    "pred_label": 1
  },
  "pexels-erwin-bosman-118283-34910008.jpg": {
    "label": 0,
    "category": "safe",
    "clip": 0.347,
    "vit": 0.09429,
    "fused": 0.29646,
    "pred_label": 0
  },
  "pexels-evie-shaffer-1259279-2395255.jpg": {
    "label": 0,
    "category": "safe",
    "clip": 0.41955,
    "vit": 0.46983,
    "fused": 0.42961,
    "pred_label": 1
  },
  "pexels-fecundap6-359989.jpg": {
    "label": 0,
    "category": "safe",
    "clip": 0.4052,
    "vit": 0.10999,
    "fused": 0.34616,
    "pred_label": 0
  },
  "pexels-fotios-photos-1036372.jpg": {
    "label": 0,
    "category": "safe",
    "clip": 0.37955,
    "vit": 0.1296,
    "fused": 0.32956,
    "pred_label": 0
  },
  "pexels-freddy-1663967361-34908788.jpg": {
    "label": 0,
    "category": "safe",
    "clip": 0.2008,
    "vit": 0.14863,
    "fused": 0.19037,
    "pred_label": 0
  },
  "pexels-freestockpro-322483.jpg": {
    "label": 0,
    "category": "safe",
    "clip": 0.28331,
    "vit": 0.1547,
    "fused": 0.25759,
    "pred_label": 0
  },
  "pexels-freestocks-127713.jpg": {
    "label": 0,
    "category": "safe",
    "clip": 0.42614,
    "vit": 0.13657,
    "fused": 0.36823,
    "pred_label": 1
  },
  "pexels-good-lock-322733055-13715892.jpg": {
    "label": 0,
    "category": "safe",
    "clip": 0.36756,
    "vit": 0.16461,
    "fused": 0.32697,
    "pred_label": 0
  },
  "pexels-good-lock-322733055-14103507.jpg": {
    "label": 0,
    "category": "safe",
    "clip": 0.22923,
    "vit": 0.17646,
    "fused": 0.21868,
    "pred_label": 0
  },
  "pexels-ira-2300811-34910010.jpg": {
    "label": 0,
    "category": "safe",
    "clip": 0.32647,
    "vit": 0.49636,
    "fused": 0.36045,
    "pred_label": 1
  },
  "pexels-jedeson-faveri-2157629805-34845183.jpg": {
    "label": 0,
    "category": "safe",
    "clip": 0.47981,
    "vit": 0.12965,
    "fused": 0.40978,
    "pred_label": 1
  },
  "pexels-jolanta-krawczyk-2157630176-34848161.jpg": {
    "label": 0,
    "category": "safe",
    "clip": 0.34222,
    "vit": 0.11514,
    "fused": 0.2968,
    "pred_label": 0
  },
  "pexels-jonnylew-1236523.jpg": {
    "label": 0,
    "category": "safe",
    "clip": 0.2789,
    "vit": 0.14693,
    "fused": 0.25251,
    "pred_label": 0
  },
  "pexels-karola-g-4210905.jpg": {
    "label": 0,
    "category": "safe",
    "clip": 0.42414,
    "vit": 0.15081,
    "fused": 0.36947,
    "pred_label": 1
  },
  "pexels-karola-g-4210914.jpg": {
    "label": 0,
    "category": "safe",
    "clip": 0.37883,
    "vit": 0.16727,
    "fused": 0.33652,
    "pred_label": 0
  },
  "pexels-karola-g-4210919.jpg": {
    "label": 0,
    "category": "safe",
    "clip": 0.30378,
    "vit": 0.46,
    "fused": 0.33502,
    "pred_label": 0
  },
  "pexels-kizhakke-vdu-2148428619-34905616.jpg": {
    "label": 0,
    "category": "safe",
    "clip": 0.43031,
    "vit": 0.13196,
    "fused": 0.37064,
    "pred_label": 1
  },
  "pexels-kowalievska-3993178.jpg": {
    "label": 0,
    "category": "safe",
    "clip": 0.12388,
    "vit": 0.37505,
    "fused": 0.17411,
    "pred_label": 0
  },
  "pexels-lastly-1671643.jpg": {
    "label": 0,
    "category": "safe",
    "clip": 0.59904,
    "vit": 0.16547,
    "fused": 0.51233,
    "pred_label": 1
  },
  "pexels-leah-newhouse-50725-185933.jpg": {
    "label": 0,
    "category": "safe",
    "clip": 0.29605,
    "vit": 0.49755,
    "fused": 0.33635,
    "pred_label": 0
  },
  "pexels-lukas-rodriguez-1845331-3680219.jpg": {
    "label": 0,
    "category": "safe",
    "clip": 0.26887,
    "vit": 0.13883,
    "fused": 0.24286,
    "pred_label": 0
  },
  "pexels-marleneleppanen-1426620.jpg": {
    "label": 0,
    "category": "safe",
    "clip": 0.46522,
    "vit": 0.14008,
    "fused": 0.40019,
    "pred_label": 1
  },
  "pexels-matvalina-34912353.jpg": {
    "label": 0,
    "category": "safe",
    "clip": 0.23663,
    "vit": 0.41936,
    "fused": 0.27318,
    "pred_label": 0
  },
  "pexels-matvalina-34912447.jpg": {
    "label": 0,
    "category": "safe",
    "clip": 0.40917,
    "vit": 0.20763,
    "fused": 0.36886,
    "pred_label": 1
  },