{
  "scores": {
    "clip": 0.8141874969005585,
    "vit": 0.15046855583786964,
    "slowfast": 0.035558123141527176,
    "audio": 0.0,
    "text": 0.0,
    "violence_stream": 0.035558123141527176,
    "final": 0.6699526654183865
  },
  "fusion_weights": {
    "clip": 0.8,
    "vit": 0.1,
    "violence": 0.1,
    "audio": 0.0,
    "text": 0.0
  },
  "thresholds": {
    "allow": 0.3,
    "review": 0.55,
    "block": 0.78
  },
  "decision": "REVIEW"
}