{
  "model": "jaranohaal/vit-base-violence-detection",
  "frames_dir": "/home/jovyan/kau-muhayu-multimodal-harmful-content-detect/임영재/팀원_라벨링_모델선정/결과_데이터_training/팀원_데이터/video_frames/비디오/_q5Nwh4Z6ao_8",
  "num_frames_total": 120,
  "num_frames_used": 32,
  "per_frame": {
    "clip_000_frame_000.jpg": {
      "violence_prob": 0.15049931406974792
    },
    "clip_000_frame_003.jpg": {
      "violence_prob": 0.1518733948469162
    },
    "clip_000_frame_007.jpg": {
      "violence_prob": 0.15022240579128265
    },
    "clip_000_frame_011.jpg": {
      "violence_prob": 0.15044339001178741
    },
    "clip_000_frame_015.jpg": {
      "violence_prob": 0.1475936621427536
    },
    "clip_000_frame_019.jpg": {
      "violence_prob": 0.1480182707309723
    },
    "clip_000_frame_023.jpg": {
      "violence_prob": 0.14574605226516724
    },
    "clip_000_frame_026.jpg": {
      "violence_prob": 0.1448322981595993
    },
    "clip_000_frame_030.jpg": {
      "violence_prob": 0.14869587123394012
    },
    "clip_000_frame_034.jpg": {
      "violence_prob": 0.1489333063364029
    },
    "clip_000_frame_038.jpg": {
      "violence_prob": 0.1493385285139084
    },
    "clip_000_frame_042.jpg": {
      "violence_prob": 0.15013781189918518
    },
    "clip_000_frame_046.jpg": {
      "violence_prob": 0.14726752042770386
    },
    "clip_000_frame_049.jpg": {
      "violence_prob": 0.14919954538345337
    },
    "clip_000_frame_053.jpg": {
      "violence_prob": 0.14606760442256927
    },
    "clip_000_frame_057.jpg": {
      "violence_prob": 0.1486053168773651
    },
    "clip_001_frame_001.jpg": {
      "violence_prob": 0.1477544605731964
    },
    "clip_001_frame_005.jpg": {
      "violence_prob": 0.1462240219116211
    },
    "clip_001_frame_009.jpg": {
      "violence_prob": 0.14613495767116547
    },
    "clip_001_frame_012.jpg": {
      "violence_prob": 0.14818793535232544
    },
    "clip_001_frame_016.jpg": {
      "violence_prob": 0.1473536193370819
    },
    "clip_001_frame_020.jpg": {
      "violence_prob": 0.14593279361724854
    },
    "clip_001_frame_024.jpg": {
      "violence_prob": 0.14945118129253387
    },
    "clip_001_frame_028.jpg": {
      "violence_prob": 0.14707733690738678
    },
    "clip_001_frame_032.jpg": {
      "violence_prob": 0.1460973024368286
    },
    "clip_001_frame_035.jpg": {
      "violence_prob": 0.14673006534576416
    },
    "clip_001_frame_039.jpg": {
      "violence_prob": 0.14869466423988342
    },
    "clip_001_frame_043.jpg": {
      "violence_prob": 0.15007928013801575
    },
    "clip_001_frame_047.jpg": {
      "violence_prob": 0.1503039300441742
    },
    "clip_001_frame_051.jpg": {
      "violence_prob": 0.1493263989686966
    },
    "clip_001_frame_055.jpg": {
      "violence_prob": 0.14977529644966125
    },
    "clip_001_frame_059.jpg": {
      "violence_prob": 0.1474800407886505
    }
  },
  "overall": {
    "avg_violence_prob": 0.1482524243183434,
    "max_violence_prob": 0.1518733948469162,
    "p95_violence_prob": 0.15046855583786964
  }
}