{
  "scores": {
    "clip": 0.8771462202072143,
    "vit": 0.16809896975755692,
    "slowfast": 0.0,
    "audio": 0.0691320076584816,
    "text": 0.0,
    "violence_stream": 0.0,
    "final": 0.7185268731415273
  },
  "fusion_weights": {
    "clip": 0.8,
    "vit": 0.1,
    "violence": 0.1,
    "audio": 0.0,
    "text": 0.0
  },
  "thresholds": {
    "allow": 0.3,
    "review": 0.55,
    "block": 0.78
  },
  "decision": "REVIEW"
}