{
  "model": "jaranohaal/vit-base-violence-detection",
  "frames_dir": "/home/jovyan/kau-muhayu-multimodal-harmful-content-detect/임영재/팀원_라벨링_모델선정/결과_데이터_training/팀원_데이터/video_frames/비디오/V_467",
  "num_frames_total": 119,
  "num_frames_used": 32,
  "per_frame": {
    "clip_000_frame_000.jpg": {
      "violence_prob": 0.16931357979774475
    },
    "clip_000_frame_003.jpg": {
      "violence_prob": 0.16244499385356903
    },
    "clip_000_frame_007.jpg": {
      "violence_prob": 0.16798093914985657
    },
    "clip_000_frame_011.jpg": {
      "violence_prob": 0.1559385508298874
    },
    "clip_000_frame_015.jpg": {
      "violence_prob": 0.15170468389987946
    },
    "clip_000_frame_019.jpg": {
      "violence_prob": 0.16439026594161987
    },
    "clip_000_frame_022.jpg": {
      "violence_prob": 0.16824322938919067
    },
    "clip_000_frame_026.jpg": {
      "violence_prob": 0.140543133020401
    },
    "clip_000_frame_030.jpg": {
      "violence_prob": 0.14921356737613678
    },
    "clip_000_frame_034.jpg": {
      "violence_prob": 0.1648595780134201
    },
    "clip_000_frame_038.jpg": {
      "violence_prob": 0.1383727490901947
    },
    "clip_000_frame_041.jpg": {
      "violence_prob": 0.1382717341184616
    },
    "clip_000_frame_045.jpg": {
      "violence_prob": 0.12105200439691544
    },
    "clip_000_frame_049.jpg": {
      "violence_prob": 0.13344888389110565
    },
    "clip_000_frame_053.jpg": {
      "violence_prob": 0.1344580054283142
    },
    "clip_000_frame_057.jpg": {
      "violence_prob": 0.15503786504268646
    },
    "clip_001_frame_001.jpg": {
      "violence_prob": 0.1469249427318573
    },
    "clip_001_frame_005.jpg": {
      "violence_prob": 0.1520380675792694
    },
    "clip_001_frame_009.jpg": {
      "violence_prob": 0.09376745671033859
    },
    "clip_001_frame_013.jpg": {
      "violence_prob": 0.10097779333591461
    },
    "clip_001_frame_017.jpg": {
      "violence_prob": 0.10897943377494812
    },
    "clip_001_frame_020.jpg": {
      "violence_prob": 0.1259201020002365
    },
    "clip_001_frame_024.jpg": {
      "violence_prob": 0.1395336240530014
    },
    "clip_001_frame_028.jpg": {
      "violence_prob": 0.13037176430225372
    },
    "clip_001_frame_032.jpg": {
      "violence_prob": 0.12058081477880478
    },
    "clip_001_frame_036.jpg": {
      "violence_prob": 0.10382899641990662
    },
    "clip_001_frame_039.jpg": {
      "violence_prob": 0.1158139556646347
    },
    "clip_001_frame_043.jpg": {
      "violence_prob": 0.13591735064983368
    },
    "clip_001_frame_047.jpg": {
      "violence_prob": 0.12847860157489777
    },
    "clip_001_frame_051.jpg": {
      "violence_prob": 0.1205718070268631
    },
    "clip_001_frame_055.jpg": {
      "violence_prob": 0.11646377295255661
    },
    "clip_001_frame_059.jpg": {
      "violence_prob": 0.14634543657302856
    }
  },
  "overall": {
    "avg_violence_prob": 0.13755586510524154,
    "max_violence_prob": 0.16931357979774475,
    "p95_violence_prob": 0.16809896975755692
  }
}