{
  "scores": {
    "clip": 0.5731619715690612,
    "vit": 0.17032235935330392,
    "slowfast": 0.025404350832104683,
    "audio": 0.0,
    "text": 0.0,
    "violence_stream": 0.025404350832104683,
    "final": 0.47810224827378983
  },
  "fusion_weights": {
    "clip": 0.8,
    "vit": 0.1,
    "violence": 0.1,
    "audio": 0.0,
    "text": 0.0
  },
  "thresholds": {
    "allow": 0.3,
    "review": 0.55,
    "block": 0.78
  },
  "decision": "ALLOW"
}