{
  "model": "jaranohaal/vit-base-violence-detection",
  "frames_dir": "/home/jovyan/kau-muhayu-multimodal-harmful-content-detect/임영재/팀원_라벨링/팀원_데이터/video_frames/V_628",
  "num_frames_total": 150,
  "num_frames_used": 15,
  "per_frame": {
    "clip_000_frame_000.jpg": {
      "violence_prob": 0.71403568983078
    },
    "clip_000_frame_010.jpg": {
      "violence_prob": 0.7666081190109253
    },
    "clip_000_frame_020.jpg": {
      "violence_prob": 0.7779361009597778
    },
    "clip_000_frame_030.jpg": {
      "violence_prob": 0.7964587211608887
    },
    "clip_000_frame_040.jpg": {
      "violence_prob": 0.7603394985198975
    },
    "clip_000_frame_050.jpg": {
      "violence_prob": 0.7407812476158142
    },
    "clip_001_frame_001.jpg": {
      "violence_prob": 0.731386125087738
    },
    "clip_001_frame_011.jpg": {
      "violence_prob": 0.7051816582679749
    },
    "clip_001_frame_021.jpg": {
      "violence_prob": 0.7281894683837891
    },
    "clip_001_frame_031.jpg": {
      "violence_prob": 0.7868842482566833
    },
    "clip_001_frame_041.jpg": {
      "violence_prob": 0.7501547336578369
    },
    "clip_001_frame_051.jpg": {
      "violence_prob": 0.7964503169059753
    },
    "clip_002_frame_001.jpg": {
      "violence_prob": 0.708656370639801
    },
    "clip_002_frame_011.jpg": {
      "violence_prob": 0.6758706569671631
    },
    "clip_002_frame_021.jpg": {
      "violence_prob": 0.7111473083496094
    }
  },
  "overall": {
    "avg_violence_prob": 0.7433386842409769,
    "max_violence_prob": 0.7964587211608887,
    "p95_violence_prob": 0.7964528381824494
  }
}