{
  "scores": {
    "clip": 0.7950285464525223,
    "vit": 0.12407307885587215,
    "slowfast": 0.045004017651081085,
    "audio": 0.0,
    "text": 0.0,
    "violence_stream": 0.045004017651081085,
    "final": 0.6529305468127132
  },
  "fusion_weights": {
    "clip": 0.8,
    "vit": 0.1,
    "violence": 0.1,
    "audio": 0.0,
    "text": 0.0
  },
  "thresholds": {
    "allow": 0.3,
    "review": 0.55,
    "block": 0.78
  },
  "decision": "REVIEW"
}