{
  "model": "jaranohaal/vit-base-violence-detection",
  "frames_dir": "/home/jovyan/kau-muhayu-multimodal-harmful-content-detect/임영재/팀원_라벨링/팀원_데이터/video_frames/NV_746",
  "num_frames_total": 119,
  "num_frames_used": 12,
  "per_frame": {
    "clip_000_frame_000.jpg": {
      "violence_prob": 0.838415265083313
    },
    "clip_000_frame_010.jpg": {
      "violence_prob": 0.8385762572288513
    },
    "clip_000_frame_020.jpg": {
      "violence_prob": 0.8409977555274963
    },
    "clip_000_frame_030.jpg": {
      "violence_prob": 0.8392491340637207
    },
    "clip_000_frame_040.jpg": {
      "violence_prob": 0.8394774198532104
    },
    "clip_000_frame_050.jpg": {
      "violence_prob": 0.8401672840118408
    },
    "clip_001_frame_001.jpg": {
      "violence_prob": 0.8397690653800964
    },
    "clip_001_frame_011.jpg": {
      "violence_prob": 0.839362382888794
    },
    "clip_001_frame_021.jpg": {
      "violence_prob": 0.8384701609611511
    },
    "clip_001_frame_031.jpg": {
      "violence_prob": 0.8387376666069031
    },
    "clip_001_frame_041.jpg": {
      "violence_prob": 0.8395276665687561
    },
    "clip_001_frame_051.jpg": {
      "violence_prob": 0.8380123376846313
    }
  },
  "overall": {
    "avg_violence_prob": 0.8392301996548971,
    "max_violence_prob": 0.8409977555274963,
    "p95_violence_prob": 0.8405409961938858
  }
}