{
  "scores": {
    "clip": 0.5560451477766037,
    "vit": 0.1118731651455164,
    "slowfast": 0.6553552150726318,
    "audio": 0.0,
    "text": 0.0,
    "violence_stream": 0.6553552150726318,
    "final": 0.5215589562430978
  },
  "fusion_weights": {
    "clip": 0.8,
    "vit": 0.1,
    "violence": 0.1,
    "audio": 0.0,
    "text": 0.0
  },
  "thresholds": {
    "allow": 0.3,
    "review": 0.55,
    "block": 0.78
  },
  "decision": "ALLOW"
}