{
  "model": "jaranohaal/vit-base-violence-detection",
  "frames_dir": "/home/jovyan/kau-muhayu-multimodal-harmful-content-detect/임영재/팀원_라벨링_모델선정/결과_데이터_32/박상원/video_frames/비디오/video_097_alcohol_abuse",
  "num_frames_total": 600,
  "num_frames_used": 32,
  "per_frame": {
    "clip_000_frame_000.jpg": {
      "violence_prob": 0.16206173598766327
    },
    "clip_000_frame_019.jpg": {
      "violence_prob": 0.16167022287845612
    },
    "clip_000_frame_038.jpg": {
      "violence_prob": 0.1616073101758957
    },
    "clip_001_frame_007.jpg": {
      "violence_prob": 0.162458598613739
    },
    "clip_001_frame_027.jpg": {
      "violence_prob": 0.160945326089859
    },
    "clip_001_frame_046.jpg": {
      "violence_prob": 0.16035489737987518
    },
    "clip_002_frame_015.jpg": {
      "violence_prob": 0.16061358153820038
    },
    "clip_002_frame_035.jpg": {
      "violence_prob": 0.16053825616836548
    },
    "clip_003_frame_004.jpg": {
      "violence_prob": 0.1612517088651657
    },
    "clip_003_frame_023.jpg": {
      "violence_prob": 0.1610264927148819
    },
    "clip_003_frame_043.jpg": {
      "violence_prob": 0.16064254939556122
    },
    "clip_004_frame_012.jpg": {
      "violence_prob": 0.16069868206977844
    },
    "clip_004_frame_031.jpg": {
      "violence_prob": 0.15979717671871185
    },
    "clip_005_frame_001.jpg": {
      "violence_prob": 0.15963250398635864
    },
    "clip_005_frame_020.jpg": {
      "violence_prob": 0.1597266048192978
    },
    "clip_005_frame_039.jpg": {
      "violence_prob": 0.15938369929790497
    },
    "clip_006_frame_009.jpg": {
      "violence_prob": 0.15938864648342133
    },
    "clip_006_frame_028.jpg": {
      "violence_prob": 0.15891030430793762
    },
    "clip_006_frame_047.jpg": {
      "violence_prob": 0.15880510210990906
    },
    "clip_007_frame_017.jpg": {
      "violence_prob": 0.15911489725112915
    },
    "clip_007_frame_036.jpg": {
      "violence_prob": 0.15930305421352386
    },
    "clip_008_frame_005.jpg": {
      "violence_prob": 0.1590031087398529
    },
    "clip_008_frame_025.jpg": {
      "violence_prob": 0.15835507214069366
    },
    "clip_008_frame_044.jpg": {
      "violence_prob": 0.15771602094173431
    },
    "clip_009_frame_013.jpg": {
      "violence_prob": 0.15876466035842896
    },
    "clip_009_frame_033.jpg": {
      "violence_prob": 0.1585484743118286
    },
    "clip_010_frame_002.jpg": {
      "violence_prob": 0.15857306122779846
    },
    "clip_010_frame_021.jpg": {
      "violence_prob": 0.15959283709526062
    },
    "clip_010_frame_041.jpg": {
      "violence_prob": 0.15936478972434998
    },
    "clip_011_frame_010.jpg": {
      "violence_prob": 0.15925940871238708
    },
    "clip_011_frame_029.jpg": {
      "violence_prob": 0.15766775608062744
    },
    "clip_011_frame_049.jpg": {
      "violence_prob": 0.15886364877223969
    }
  },
  "overall": {
    "avg_violence_prob": 0.15980125591158867,
    "max_violence_prob": 0.162458598613739,
    "p95_violence_prob": 0.16184640377759935
  }
}