{
  "model": "jaranohaal/vit-base-violence-detection",
  "frames_dir": "/home/jovyan/kau-muhayu-multimodal-harmful-content-detect/임영재/팀원_라벨링/팀원_데이터/video_frames/V_453",
  "num_frames_total": 120,
  "num_frames_used": 12,
  "per_frame": {
    "clip_000_frame_000.jpg": {
      "violence_prob": 0.49956563115119934
    },
    "clip_000_frame_010.jpg": {
      "violence_prob": 0.4746675491333008
    },
    "clip_000_frame_020.jpg": {
      "violence_prob": 0.47078680992126465
    },
    "clip_000_frame_030.jpg": {
      "violence_prob": 0.4587484300136566
    },
    "clip_000_frame_040.jpg": {
      "violence_prob": 0.4710976481437683
    },
    "clip_000_frame_050.jpg": {
      "violence_prob": 0.4513654410839081
    },
    "clip_001_frame_000.jpg": {
      "violence_prob": 0.4710620939731598
    },
    "clip_001_frame_010.jpg": {
      "violence_prob": 0.5252933502197266
    },
    "clip_001_frame_020.jpg": {
      "violence_prob": 0.5300439596176147
    },
    "clip_001_frame_030.jpg": {
      "violence_prob": 0.534771203994751
    },
    "clip_001_frame_040.jpg": {
      "violence_prob": 0.5291063785552979
    },
    "clip_001_frame_050.jpg": {
      "violence_prob": 0.5456117987632751
    }
  },
  "overall": {
    "avg_violence_prob": 0.4968433578809102,
    "max_violence_prob": 0.5456117987632751,
    "p95_violence_prob": 0.5396494716405869
  }
}