{
  "scores": {
    "clip": 0.7923294425010681,
    "vit": 0.45246452689170835,
    "slowfast": 0.0,
    "audio": 0.0008565546595491469,
    "text": 0.0,
    "violence_stream": 0.0,
    "final": 0.6791100066900253
  },
  "fusion_weights": {
    "clip": 0.8,
    "vit": 0.1,
    "violence": 0.1,
    "audio": 0.0,
    "text": 0.0
  },
  "thresholds": {
    "allow": 0.3,
    "review": 0.55,
    "block": 0.78
  },
  "decision": "REVIEW"
}