{
  "scores": {
    "clip": 0.8803697943687439,
    "vit": 0.13889283016324044,
    "slowfast": 0.0,
    "audio": 0.0018524855840951204,
    "text": 0.0,
    "violence_stream": 0.0,
    "final": 0.7181851185113192
  },
  "fusion_weights": {
    "clip": 0.8,
    "vit": 0.1,
    "violence": 0.1,
    "audio": 0.0,
    "text": 0.0
  },
  "thresholds": {
    "allow": 0.3,
    "review": 0.55,
    "block": 0.78
  },
  "decision": "REVIEW"
}