{
  "model": "jaranohaal/vit-base-violence-detection",
  "frames_dir": "/home/jovyan/kau-muhayu-multimodal-harmful-content-detect/임영재/팀원_라벨링/팀원_데이터/video_frames/QaIY5Au8yOc_2",
  "num_frames_total": 150,
  "num_frames_used": 15,
  "per_frame": {
    "clip_000_frame_000.jpg": {
      "violence_prob": 0.22846688330173492
    },
    "clip_000_frame_010.jpg": {
      "violence_prob": 0.22295308113098145
    },
    "clip_000_frame_020.jpg": {
      "violence_prob": 0.2256082445383072
    },
    "clip_000_frame_030.jpg": {
      "violence_prob": 0.22533482313156128
    },
    "clip_000_frame_040.jpg": {
      "violence_prob": 0.22675344347953796
    },
    "clip_000_frame_050.jpg": {
      "violence_prob": 0.21792031824588776
    },
    "clip_001_frame_000.jpg": {
      "violence_prob": 0.21537701785564423
    },
    "clip_001_frame_010.jpg": {
      "violence_prob": 0.2193610668182373
    },
    "clip_001_frame_020.jpg": {
      "violence_prob": 0.22129996120929718
    },
    "clip_001_frame_030.jpg": {
      "violence_prob": 0.23442508280277252
    },
    "clip_001_frame_040.jpg": {
      "violence_prob": 0.23350830376148224
    },
    "clip_001_frame_050.jpg": {
      "violence_prob": 0.22761690616607666
    },
    "clip_002_frame_000.jpg": {
      "violence_prob": 0.23270311951637268
    },
    "clip_002_frame_010.jpg": {
      "violence_prob": 0.23533496260643005
    },
    "clip_002_frame_020.jpg": {
      "violence_prob": 0.22923913598060608
    }
  },
  "overall": {
    "avg_violence_prob": 0.22639349003632864,
    "max_violence_prob": 0.23533496260643005,
    "p95_violence_prob": 0.2346980467438698
  }
}