{
  "scores": {
    "clip": 0.5670917153358459,
    "vit": 0.27739158421754817,
    "slowfast": 0.1947818100452423,
    "audio": 0.0,
    "text": 0.0,
    "violence_stream": 0.1947818100452423,
    "final": 0.5008907116949558
  },
  "fusion_weights": {
    "clip": 0.8,
    "vit": 0.1,
    "violence": 0.1,
    "audio": 0.0,
    "text": 0.0
  },
  "thresholds": {
    "allow": 0.3,
    "review": 0.55,
    "block": 0.78
  },
  "decision": "ALLOW"
}