{
  "scores": {
    "clip": 0.6634603798389435,
    "vit": 0.11983811147511006,
    "slowfast": 0.03583545237779617,
    "audio": 0.0,
    "text": 0.0,
    "violence_stream": 0.03583545237779617,
    "final": 0.5463356602564454
  },
  "fusion_weights": {
    "clip": 0.8,
    "vit": 0.1,
    "violence": 0.1,
    "audio": 0.0,
    "text": 0.0
  },
  "thresholds": {
    "allow": 0.3,
    "review": 0.55,
    "block": 0.78
  },
  "decision": "ALLOW"
}