{
  "scores": {
    "clip": 0.3986265167593956,
    "vit": 0.5065177708864212,
    "slowfast": 0.0,
    "audio": 0.011541560292243958,
    "text": 0.0,
    "violence_stream": 0.0,
    "final": 0.36955299049615864
  },
  "fusion_weights": {
    "clip": 0.8,
    "vit": 0.1,
    "violence": 0.1,
    "audio": 0.0,
    "text": 0.0
  },
  "thresholds": {
    "allow": 0.3,
    "review": 0.55,
    "block": 0.78
  },
  "decision": "ALLOW"
}