{
  "scores": {
    "clip": 0.627557799220085,
    "vit": 0.5309982806444168,
    "slowfast": 0.0,
    "audio": 0.0011982006253674626,
    "text": 0.48210209608078003,
    "violence_stream": 0.0,
    "final": 0.41273263826966283
  },
  "fusion_weights": {
    "clip": 0.15,
    "vit": 0.6,
    "violence": 0.25,
    "audio": 0.0,
    "text": 0.0
  },
  "thresholds": {
    "allow": 0.3,
    "review": 0.55,
    "block": 0.78
  },
  "decision": "ALLOW"
}