{
  "scores": {
    "clip": 0.7198247462511062,
    "vit": 0.2232044130563736,
    "slowfast": 0.0,
    "audio": 0.0,
    "text": 0.015045362524688244,
    "violence_stream": 0.0,
    "final": 0.24189635977149007
  },
  "fusion_weights": {
    "clip": 0.15,
    "vit": 0.6,
    "violence": 0.25,
    "audio": 0.0,
    "text": 0.0
  },
  "thresholds": {
    "allow": 0.3,
    "review": 0.55,
    "block": 0.78
  },
  "decision": "ALLOW"
}