{
  "model": "jaranohaal/vit-base-violence-detection",
  "frames_dir": "/home/jovyan/kau-muhayu-multimodal-harmful-content-detect/임영재/팀원_라벨링/팀원_데이터/video_frames/ykI6keNQ_0",
  "num_frames_total": 120,
  "num_frames_used": 12,
  "per_frame": {
    "clip_000_frame_000.jpg": {
      "violence_prob": 0.5220140218734741
    },
    "clip_000_frame_010.jpg": {
      "violence_prob": 0.45410311222076416
    },
    "clip_000_frame_020.jpg": {
      "violence_prob": 0.3883964717388153
    },
    "clip_000_frame_030.jpg": {
      "violence_prob": 0.40773865580558777
    },
    "clip_000_frame_040.jpg": {
      "violence_prob": 0.5193244814872742
    },
    "clip_000_frame_050.jpg": {
      "violence_prob": 0.4790293872356415
    },
    "clip_001_frame_000.jpg": {
      "violence_prob": 0.5135948061943054
    },
    "clip_001_frame_010.jpg": {
      "violence_prob": 0.5533007979393005
    },
    "clip_001_frame_020.jpg": {
      "violence_prob": 0.5891479849815369
    },
    "clip_001_frame_030.jpg": {
      "violence_prob": 0.5984213352203369
    },
    "clip_001_frame_040.jpg": {
      "violence_prob": 0.5879578590393066
    },
    "clip_001_frame_050.jpg": {
      "violence_prob": 0.5925856828689575
    }
  },
  "overall": {
    "avg_violence_prob": 0.5171345497171084,
    "max_violence_prob": 0.5984213352203369,
    "p95_violence_prob": 0.5952117264270782
  }
}