{
  "scores": {
    "clip": 0.8071286529302597,
    "vit": 0.602617210149765,
    "slowfast": 0.0,
    "audio": 0.0,
    "text": 0.12754783034324646,
    "violence_stream": 0.0,
    "final": 0.482639624029398
  },
  "fusion_weights": {
    "clip": 0.15,
    "vit": 0.6,
    "violence": 0.25,
    "audio": 0.0,
    "text": 0.0
  },
  "thresholds": {
    "allow": 0.3,
    "review": 0.55,
    "block": 0.78
  },
  "decision": "ALLOW"
}