{
  "scores": {
    "clip": 0.3523659065365791,
    "vit": 0.13797511979937555,
    "slowfast": 0.024826521053910255,
    "audio": 0.0,
    "text": 0.0,
    "violence_stream": 0.024826521053910255,
    "final": 0.29817288931459185
  },
  "fusion_weights": {
    "clip": 0.8,
    "vit": 0.1,
    "violence": 0.1,
    "audio": 0.0,
    "text": 0.0
  },
  "thresholds": {
    "allow": 0.3,
    "review": 0.55,
    "block": 0.78
  },
  "decision": "ALLOW"
}