{
  "model": "jaranohaal/vit-base-violence-detection",
  "frames_dir": "/home/jovyan/kau-muhayu-multimodal-harmful-content-detect/임영재/팀원_라벨링_모델선정/결과_데이터_training/팀원_데이터/video_frames/안전비디오/NV_878",
  "num_frames_total": 100,
  "num_frames_used": 32,
  "per_frame": {
    "clip_000_frame_000.jpg": {
      "violence_prob": 0.11898093670606613
    },
    "clip_000_frame_003.jpg": {
      "violence_prob": 0.11241903156042099
    },
    "clip_000_frame_006.jpg": {
      "violence_prob": 0.1291307508945465
    },
    "clip_000_frame_009.jpg": {
      "violence_prob": 0.12993039190769196
    },
    "clip_000_frame_012.jpg": {
      "violence_prob": 0.11976683139801025
    },
    "clip_000_frame_015.jpg": {
      "violence_prob": 0.11118695139884949
    },
    "clip_000_frame_019.jpg": {
      "violence_prob": 0.11689074337482452
    },
    "clip_000_frame_022.jpg": {
      "violence_prob": 0.11319193243980408
    },
    "clip_000_frame_025.jpg": {
      "violence_prob": 0.13037724792957306
    },
    "clip_000_frame_028.jpg": {
      "violence_prob": 0.12673543393611908
    },
    "clip_000_frame_031.jpg": {
      "violence_prob": 0.11988002806901932
    },
    "clip_000_frame_035.jpg": {
      "violence_prob": 0.1313144713640213
    },
    "clip_000_frame_038.jpg": {
      "violence_prob": 0.12379179894924164
    },
    "clip_000_frame_041.jpg": {
      "violence_prob": 0.1298041045665741
    },
    "clip_000_frame_044.jpg": {
      "violence_prob": 0.11290951073169708
    },
    "clip_000_frame_047.jpg": {
      "violence_prob": 0.112342968583107
    },
    "clip_001_frame_001.jpg": {
      "violence_prob": 0.13545292615890503
    },
    "clip_001_frame_004.jpg": {
      "violence_prob": 0.12606140971183777
    },
    "clip_001_frame_007.jpg": {
      "violence_prob": 0.12411203980445862
    },
    "clip_001_frame_010.jpg": {
      "violence_prob": 0.12257752567529678
    },
    "clip_001_frame_013.jpg": {
      "violence_prob": 0.12742677330970764
    },
    "clip_001_frame_017.jpg": {
      "violence_prob": 0.12602713704109192
    },
    "clip_001_frame_020.jpg": {
      "violence_prob": 0.11224222183227539
    },
    "clip_001_frame_023.jpg": {
      "violence_prob": 0.2875576317310333
    },
    "clip_001_frame_026.jpg": {
      "violence_prob": 0.31991952657699585
    },
    "clip_001_frame_029.jpg": {
      "violence_prob": 0.3199716806411743
    },
    "clip_001_frame_033.jpg": {
      "violence_prob": 0.32269540429115295
    },
    "clip_001_frame_036.jpg": {
      "violence_prob": 0.3319845199584961
    },
    "clip_001_frame_039.jpg": {
      "violence_prob": 0.3463296890258789
    },
    "clip_001_frame_042.jpg": {
      "violence_prob": 0.32011741399765015
    },
    "clip_001_frame_045.jpg": {
      "violence_prob": 0.2800835967063904
    },
    "clip_001_frame_049.jpg": {
      "violence_prob": 0.2710864543914795
    }
  },
  "overall": {
    "avg_violence_prob": 0.17538434639573097,
    "max_violence_prob": 0.3463296890258789,
    "p95_violence_prob": 0.32687550634145734
  }
}