{
  "scores": {
    "clip": 0.7519149452447891,
    "vit": 0.36898190826177596,
    "slowfast": 0.055511049926280975,
    "audio": 0.0,
    "text": 0.0,
    "violence_stream": 0.055511049926280975,
    "final": 0.34805414922535416
  },
  "fusion_weights": {
    "clip": 0.15,
    "vit": 0.6,
    "violence": 0.25,
    "audio": 0.0,
    "text": 0.0
  },
  "thresholds": {
    "allow": 0.3,
    "review": 0.55,
    "block": 0.78
  },
  "decision": "ALLOW"
}