{
  "model": "jaranohaal/vit-base-violence-detection",
  "frames_dir": "/home/jovyan/kau-muhayu-multimodal-harmful-content-detect/임영재/팀원_라벨링/팀원_데이터/video_frames/umOs1WLBkuo_0",
  "num_frames_total": 120,
  "num_frames_used": 12,
  "per_frame": {
    "clip_000_frame_000.jpg": {
      "violence_prob": 0.3722025156021118
    },
    "clip_000_frame_010.jpg": {
      "violence_prob": 0.3663468658924103
    },
    "clip_000_frame_020.jpg": {
      "violence_prob": 0.35843992233276367
    },
    "clip_000_frame_030.jpg": {
      "violence_prob": 0.3513328731060028
    },
    "clip_000_frame_040.jpg": {
      "violence_prob": 0.35073500871658325
    },
    "clip_000_frame_050.jpg": {
      "violence_prob": 0.35417744517326355
    },
    "clip_001_frame_000.jpg": {
      "violence_prob": 0.3221268355846405
    },
    "clip_001_frame_010.jpg": {
      "violence_prob": 0.27956393361091614
    },
    "clip_001_frame_020.jpg": {
      "violence_prob": 0.3346059024333954
    },
    "clip_001_frame_030.jpg": {
      "violence_prob": 0.3621484637260437
    },
    "clip_001_frame_040.jpg": {
      "violence_prob": 0.3496790826320648
    },
    "clip_001_frame_050.jpg": {
      "violence_prob": 0.350288987159729
    }
  },
  "overall": {
    "avg_violence_prob": 0.34597065299749374,
    "max_violence_prob": 0.3722025156021118,
    "p95_violence_prob": 0.36898190826177596
  }
}