{
  "scores": {
    "clip": 0.5875769764184952,
    "vit": 0.42004570215940473,
    "slowfast": 0.8686606287956238,
    "audio": 0.0,
    "text": 0.0,
    "violence_stream": 0.8686606287956238,
    "final": 0.557329124957323
  },
  "fusion_weights": {
    "clip": 0.15,
    "vit": 0.6,
    "violence": 0.25,
    "audio": 0.0,
    "text": 0.0
  },
  "thresholds": {
    "allow": 0.3,
    "review": 0.55,
    "block": 0.78
  },
  "decision": "REVIEW"
}