{
  "model": "jaranohaal/vit-base-violence-detection",
  "frames_dir": "/home/jovyan/kau-muhayu-multimodal-harmful-content-detect/임영재/팀원_라벨링_모델선정/결과_데이터_32/안지산/video_frames/안전비디오/clips__4769802-hd_1920_1080_25fps_0.00_2.27",
  "num_frames_total": 116,
  "num_frames_used": 32,
  "per_frame": {
    "clip_000_frame_000.jpg": {
      "violence_prob": 0.5121834874153137
    },
    "clip_000_frame_003.jpg": {
      "violence_prob": 0.5136322379112244
    },
    "clip_000_frame_007.jpg": {
      "violence_prob": 0.5142431855201721
    },
    "clip_000_frame_011.jpg": {
      "violence_prob": 0.5136938691139221
    },
    "clip_000_frame_014.jpg": {
      "violence_prob": 0.5042299628257751
    },
    "clip_000_frame_018.jpg": {
      "violence_prob": 0.5132029056549072
    },
    "clip_000_frame_022.jpg": {
      "violence_prob": 0.515576958656311
    },
    "clip_000_frame_025.jpg": {
      "violence_prob": 0.5126816630363464
    },
    "clip_000_frame_029.jpg": {
      "violence_prob": 0.5115798115730286
    },
    "clip_000_frame_033.jpg": {
      "violence_prob": 0.5034690499305725
    },
    "clip_000_frame_037.jpg": {
      "violence_prob": 0.5056970715522766
    },
    "clip_000_frame_040.jpg": {
      "violence_prob": 0.5052400231361389
    },
    "clip_000_frame_044.jpg": {
      "violence_prob": 0.5054892897605896
    },
    "clip_000_frame_048.jpg": {
      "violence_prob": 0.5075147747993469
    },
    "clip_000_frame_051.jpg": {
      "violence_prob": 0.5131251811981201
    },
    "clip_000_frame_055.jpg": {
      "violence_prob": 0.5131523609161377
    },
    "clip_000_frame_059.jpg": {
      "violence_prob": 0.5126767158508301
    },
    "clip_000_frame_063.jpg": {
      "violence_prob": 0.5042299628257751
    },
    "clip_000_frame_066.jpg": {
      "violence_prob": 0.5070456862449646
    },
    "clip_000_frame_070.jpg": {
      "violence_prob": 0.5048087239265442
    },
    "clip_000_frame_074.jpg": {
      "violence_prob": 0.5035092830657959
    },
    "clip_000_frame_077.jpg": {
      "violence_prob": 0.5070650577545166
    },
    "clip_000_frame_081.jpg": {
      "violence_prob": 0.5065739750862122
    },
    "clip_000_frame_085.jpg": {
      "violence_prob": 0.5046075582504272
    },
    "clip_000_frame_089.jpg": {
      "violence_prob": 0.5040855407714844
    },
    "clip_000_frame_092.jpg": {
      "violence_prob": 0.5014528036117554
    },
    "clip_000_frame_096.jpg": {
      "violence_prob": 0.5121834874153137
    },
    "clip_000_frame_100.jpg": {
      "violence_prob": 0.5149657726287842
    },
    "clip_000_frame_103.jpg": {
      "violence_prob": 0.5142431855201721
    },
    "clip_000_frame_107.jpg": {
      "violence_prob": 0.5136938691139221
    },
    "clip_000_frame_111.jpg": {
      "violence_prob": 0.5031061768531799
    },
    "clip_000_frame_115.jpg": {
      "violence_prob": 0.5063014030456543
    }
  },
  "overall": {
    "avg_violence_prob": 0.5089144073426723,
    "max_violence_prob": 0.515576958656311,
    "p95_violence_prob": 0.5145683497190475
  }
}