{
  "scores": {
    "clip": 0.3171196937561035,
    "vit": 0.36634223759174345,
    "slowfast": 0.05656582862138748,
    "audio": 0.0,
    "text": 0.0,
    "violence_stream": 0.05656582862138748,
    "final": 0.2959865616261959
  },
  "fusion_weights": {
    "clip": 0.8,
    "vit": 0.1,
    "violence": 0.1,
    "audio": 0.0,
    "text": 0.0
  },
  "thresholds": {
    "allow": 0.3,
    "review": 0.55,
    "block": 0.78
  },
  "decision": "ALLOW"
}