{
  "model": "jaranohaal/vit-base-violence-detection",
  "frames_dir": "/home/jovyan/kau-muhayu-multimodal-harmful-content-detect/임영재/팀원_라벨링_모델선정/결과_데이터_32/박상원/video_frames/안전비디오/safe_video_070_children_playgr",
  "num_frames_total": 240,
  "num_frames_used": 32,
  "per_frame": {
    "clip_000_frame_000.jpg": {
      "violence_prob": 0.3590995669364929
    },
    "clip_000_frame_007.jpg": {
      "violence_prob": 0.37199634313583374
    },
    "clip_000_frame_015.jpg": {
      "violence_prob": 0.37690383195877075
    },
    "clip_000_frame_023.jpg": {
      "violence_prob": 0.3617161512374878
    },
    "clip_000_frame_030.jpg": {
      "violence_prob": 0.3476223945617676
    },
    "clip_000_frame_038.jpg": {
      "violence_prob": 0.3347046971321106
    },
    "clip_000_frame_046.jpg": {
      "violence_prob": 0.29889586567878723
    },
    "clip_000_frame_053.jpg": {
      "violence_prob": 0.2760935127735138
    },
    "clip_001_frame_001.jpg": {
      "violence_prob": 0.23136891424655914
    },
    "clip_001_frame_009.jpg": {
      "violence_prob": 0.2076219916343689
    },
    "clip_001_frame_017.jpg": {
      "violence_prob": 0.21392041444778442
    },
    "clip_001_frame_024.jpg": {
      "violence_prob": 0.2089235633611679
    },
    "clip_001_frame_032.jpg": {
      "violence_prob": 0.20126290619373322
    },
    "clip_001_frame_040.jpg": {
      "violence_prob": 0.18095730245113373
    },
    "clip_001_frame_047.jpg": {
      "violence_prob": 0.1724189668893814
    },
    "clip_001_frame_055.jpg": {
      "violence_prob": 0.17068301141262054
    },
    "clip_002_frame_003.jpg": {
      "violence_prob": 0.16604171693325043
    },
    "clip_002_frame_011.jpg": {
      "violence_prob": 0.16690176725387573
    },
    "clip_002_frame_018.jpg": {
      "violence_prob": 0.17121835052967072
    },
    "clip_002_frame_026.jpg": {
      "violence_prob": 0.16329193115234375
    },
    "clip_002_frame_034.jpg": {
      "violence_prob": 0.15698543190956116
    },
    "clip_002_frame_041.jpg": {
      "violence_prob": 0.15346497297286987
    },
    "clip_002_frame_049.jpg": {
      "violence_prob": 0.15644589066505432
    },
    "clip_002_frame_057.jpg": {
      "violence_prob": 0.15460167825222015
    },
    "clip_003_frame_005.jpg": {
      "violence_prob": 0.15725718438625336
    },
    "clip_003_frame_012.jpg": {
      "violence_prob": 0.1552795022726059
    },
    "clip_003_frame_020.jpg": {
      "violence_prob": 0.15993180871009827
    },
    "clip_003_frame_028.jpg": {
      "violence_prob": 0.15550971031188965
    },
    "clip_003_frame_035.jpg": {
      "violence_prob": 0.16061045229434967
    },
    "clip_003_frame_043.jpg": {
      "violence_prob": 0.15523146092891693
    },
    "clip_003_frame_051.jpg": {
      "violence_prob": 0.15985934436321259
    },
    "clip_003_frame_059.jpg": {
      "violence_prob": 0.16322480142116547
    }
  },
  "overall": {
    "avg_violence_prob": 0.2146889199502766,
    "max_violence_prob": 0.37690383195877075,
    "p95_violence_prob": 0.36634223759174345
  }
}