{
  "model": "jaranohaal/vit-base-violence-detection",
  "frames_dir": "/home/jovyan/kau-muhayu-multimodal-harmful-content-detect/임영재/팀원_라벨링_모델선정/결과_데이터_training/팀원_데이터/video_frames/비디오/V_515",
  "num_frames_total": 59,
  "num_frames_used": 32,
  "per_frame": {
    "clip_000_frame_000.jpg": {
      "violence_prob": 0.12521730363368988
    },
    "clip_000_frame_001.jpg": {
      "violence_prob": 0.12531591951847076
    },
    "clip_000_frame_003.jpg": {
      "violence_prob": 0.14315854012966156
    },
    "clip_000_frame_005.jpg": {
      "violence_prob": 0.1316581666469574
    },
    "clip_000_frame_007.jpg": {
      "violence_prob": 0.1279793083667755
    },
    "clip_000_frame_009.jpg": {
      "violence_prob": 0.12610170245170593
    },
    "clip_000_frame_011.jpg": {
      "violence_prob": 0.12992964684963226
    },
    "clip_000_frame_013.jpg": {
      "violence_prob": 0.13100212812423706
    },
    "clip_000_frame_014.jpg": {
      "violence_prob": 0.1297001838684082
    },
    "clip_000_frame_016.jpg": {
      "violence_prob": 0.13164296746253967
    },
    "clip_000_frame_018.jpg": {
      "violence_prob": 0.13258443772792816
    },
    "clip_000_frame_020.jpg": {
      "violence_prob": 0.1255767047405243
    },
    "clip_000_frame_022.jpg": {
      "violence_prob": 0.1299973875284195
    },
    "clip_000_frame_024.jpg": {
      "violence_prob": 0.13030129671096802
    },
    "clip_000_frame_026.jpg": {
      "violence_prob": 0.13008849322795868
    },
    "clip_000_frame_028.jpg": {
      "violence_prob": 0.133393332362175
    },
    "clip_000_frame_029.jpg": {
      "violence_prob": 0.12752129137516022
    },
    "clip_000_frame_031.jpg": {
      "violence_prob": 0.12705804407596588
    },
    "clip_000_frame_033.jpg": {
      "violence_prob": 0.13371556997299194
    },
    "clip_000_frame_035.jpg": {
      "violence_prob": 0.12257619947195053
    },
    "clip_000_frame_037.jpg": {
      "violence_prob": 0.12832589447498322
    },
    "clip_000_frame_039.jpg": {
      "violence_prob": 0.14147356152534485
    },
    "clip_000_frame_041.jpg": {
      "violence_prob": 0.13511992990970612
    },
    "clip_000_frame_043.jpg": {
      "violence_prob": 0.14132361114025116
    },
    "clip_000_frame_044.jpg": {
      "violence_prob": 0.14017148315906525
    },
    "clip_000_frame_046.jpg": {
      "violence_prob": 0.11713702231645584
    },
    "clip_000_frame_048.jpg": {
      "violence_prob": 0.13113369047641754
    },
    "clip_000_frame_050.jpg": {
      "violence_prob": 0.10004086047410965
    },
    "clip_000_frame_052.jpg": {
      "violence_prob": 0.1144021525979042
    },
    "clip_000_frame_054.jpg": {
      "violence_prob": 0.12039035558700562
    },
    "clip_000_frame_056.jpg": {
      "violence_prob": 0.11864583194255829
    },
    "clip_000_frame_058.jpg": {
      "violence_prob": 0.13370536267757416
    }
  },
  "overall": {
    "avg_violence_prob": 0.12863713689148426,
    "max_violence_prob": 0.14315854012966156,
    "p95_violence_prob": 0.14139108881354331
  }
}