{
  "model": "jaranohaal/vit-base-violence-detection",
  "frames_dir": "/home/jovyan/kau-muhayu-multimodal-harmful-content-detect/임영재/팀원_라벨링_모델선정/결과_데이터_32/박상원/video_frames/비디오/video_188_blood_injury",
  "num_frames_total": 239,
  "num_frames_used": 32,
  "per_frame": {
    "clip_000_frame_000.jpg": {
      "violence_prob": 0.13699840009212494
    },
    "clip_000_frame_007.jpg": {
      "violence_prob": 0.13671033084392548
    },
    "clip_000_frame_015.jpg": {
      "violence_prob": 0.1354665905237198
    },
    "clip_000_frame_023.jpg": {
      "violence_prob": 0.1364959180355072
    },
    "clip_000_frame_030.jpg": {
      "violence_prob": 0.1371867060661316
    },
    "clip_000_frame_038.jpg": {
      "violence_prob": 0.13685137033462524
    },
    "clip_000_frame_046.jpg": {
      "violence_prob": 0.1364353448152542
    },
    "clip_000_frame_053.jpg": {
      "violence_prob": 0.1367388218641281
    },
    "clip_001_frame_002.jpg": {
      "violence_prob": 0.1373978555202484
    },
    "clip_001_frame_010.jpg": {
      "violence_prob": 0.13985471427440643
    },
    "clip_001_frame_017.jpg": {
      "violence_prob": 0.13811896741390228
    },
    "clip_001_frame_025.jpg": {
      "violence_prob": 0.13712593913078308
    },
    "clip_001_frame_033.jpg": {
      "violence_prob": 0.13925999402999878
    },
    "clip_001_frame_040.jpg": {
      "violence_prob": 0.1379442662000656
    },
    "clip_001_frame_048.jpg": {
      "violence_prob": 0.13478973507881165
    },
    "clip_001_frame_056.jpg": {
      "violence_prob": 0.13479474186897278
    },
    "clip_002_frame_003.jpg": {
      "violence_prob": 0.13769346475601196
    },
    "clip_002_frame_011.jpg": {
      "violence_prob": 0.13619835674762726
    },
    "clip_002_frame_019.jpg": {
      "violence_prob": 0.1333020031452179
    },
    "clip_002_frame_026.jpg": {
      "violence_prob": 0.13219526410102844
    },
    "clip_002_frame_034.jpg": {
      "violence_prob": 0.1414366066455841
    },
    "clip_002_frame_042.jpg": {
      "violence_prob": 0.1368720680475235
    },
    "clip_002_frame_049.jpg": {
      "violence_prob": 0.14051829278469086
    },
    "clip_002_frame_057.jpg": {
      "violence_prob": 0.14240561425685883
    },
    "clip_003_frame_005.jpg": {
      "violence_prob": 0.13887344300746918
    },
    "clip_003_frame_012.jpg": {
      "violence_prob": 0.13925479352474213
    },
    "clip_003_frame_020.jpg": {
      "violence_prob": 0.13696087896823883
    },
    "clip_003_frame_028.jpg": {
      "violence_prob": 0.136509969830513
    },
    "clip_003_frame_035.jpg": {
      "violence_prob": 0.13945865631103516
    },
    "clip_003_frame_043.jpg": {
      "violence_prob": 0.13522674143314362
    },
    "clip_003_frame_051.jpg": {
      "violence_prob": 0.13956253230571747
    },
    "clip_003_frame_059.jpg": {
      "violence_prob": 0.14021769165992737
    }
  },
  "overall": {
    "avg_violence_prob": 0.13746425230056047,
    "max_violence_prob": 0.14240561425685883,
    "p95_violence_prob": 0.14093153402209282
  }
}