{
  "model": "jaranohaal/vit-base-violence-detection",
  "frames_dir": "/home/jovyan/kau-muhayu-multimodal-harmful-content-detect/임영재/팀원_라벨링/팀원_데이터/video_frames/NV_826",
  "num_frames_total": 100,
  "num_frames_used": 10,
  "per_frame": {
    "clip_000_frame_000.jpg": {
      "violence_prob": 0.6380553245544434
    },
    "clip_000_frame_010.jpg": {
      "violence_prob": 0.6321754455566406
    },
    "clip_000_frame_020.jpg": {
      "violence_prob": 0.6408136487007141
    },
    "clip_000_frame_030.jpg": {
      "violence_prob": 0.6203038692474365
    },
    "clip_000_frame_040.jpg": {
      "violence_prob": 0.6476012468338013
    },
    "clip_001_frame_000.jpg": {
      "violence_prob": 0.6358082294464111
    },
    "clip_001_frame_010.jpg": {
      "violence_prob": 0.6312664151191711
    },
    "clip_001_frame_020.jpg": {
      "violence_prob": 0.7868236899375916
    },
    "clip_001_frame_030.jpg": {
      "violence_prob": 0.7925928831100464
    },
    "clip_001_frame_040.jpg": {
      "violence_prob": 0.7971227169036865
    }
  },
  "overall": {
    "avg_violence_prob": 0.6822563469409942,
    "max_violence_prob": 0.7971227169036865,
    "p95_violence_prob": 0.7950842916965485
  }
}