{
  "model": "jaranohaal/vit-base-violence-detection",
  "frames_dir": "/home/jovyan/kau-muhayu-multimodal-harmful-content-detect/임영재/팀원_라벨링/팀원_데이터/video_frames/NV_905",
  "num_frames_total": 150,
  "num_frames_used": 15,
  "per_frame": {
    "clip_000_frame_000.jpg": {
      "violence_prob": 0.35634511709213257
    },
    "clip_000_frame_010.jpg": {
      "violence_prob": 0.3823632299900055
    },
    "clip_000_frame_020.jpg": {
      "violence_prob": 0.37084734439849854
    },
    "clip_000_frame_030.jpg": {
      "violence_prob": 0.3673444390296936
    },
    "clip_000_frame_040.jpg": {
      "violence_prob": 0.3606272041797638
    },
    "clip_000_frame_050.jpg": {
      "violence_prob": 0.7577995657920837
    },
    "clip_001_frame_000.jpg": {
      "violence_prob": 0.7992281317710876
    },
    "clip_001_frame_010.jpg": {
      "violence_prob": 0.7291173338890076
    },
    "clip_001_frame_020.jpg": {
      "violence_prob": 0.5991864800453186
    },
    "clip_001_frame_030.jpg": {
      "violence_prob": 0.6872668266296387
    },
    "clip_001_frame_040.jpg": {
      "violence_prob": 0.7131035327911377
    },
    "clip_001_frame_050.jpg": {
      "violence_prob": 0.7472821474075317
    },
    "clip_002_frame_000.jpg": {
      "violence_prob": 0.7449593544006348
    },
    "clip_002_frame_010.jpg": {
      "violence_prob": 0.7050090432167053
    },
    "clip_002_frame_020.jpg": {
      "violence_prob": 0.7264450788497925
    }
  },
  "overall": {
    "avg_violence_prob": 0.6031283219655355,
    "max_violence_prob": 0.7992281317710876,
    "p95_violence_prob": 0.7702281355857848
  }
}