{
  "model": "jaranohaal/vit-base-violence-detection",
  "frames_dir": "/home/jovyan/kau-muhayu-multimodal-harmful-content-detect/임영재/팀원_라벨링_모델선정/결과_데이터_32/박상원/video_frames/비디오/video_023_armed_robbery",
  "num_frames_total": 600,
  "num_frames_used": 32,
  "per_frame": {
    "clip_000_frame_000.jpg": {
      "violence_prob": 0.15692247450351715
    },
    "clip_000_frame_019.jpg": {
      "violence_prob": 0.15685445070266724
    },
    "clip_000_frame_038.jpg": {
      "violence_prob": 0.15356630086898804
    },
    "clip_001_frame_007.jpg": {
      "violence_prob": 0.1561168134212494
    },
    "clip_001_frame_027.jpg": {
      "violence_prob": 0.15913352370262146
    },
    "clip_001_frame_046.jpg": {
      "violence_prob": 0.15686605870723724
    },
    "clip_002_frame_015.jpg": {
      "violence_prob": 0.15791842341423035
    },
    "clip_002_frame_035.jpg": {
      "violence_prob": 0.15459075570106506
    },
    "clip_003_frame_004.jpg": {
      "violence_prob": 0.15068399906158447
    },
    "clip_003_frame_023.jpg": {
      "violence_prob": 0.14868296682834625
    },
    "clip_003_frame_043.jpg": {
      "violence_prob": 0.14081507921218872
    },
    "clip_004_frame_012.jpg": {
      "violence_prob": 0.14760081470012665
    },
    "clip_004_frame_031.jpg": {
      "violence_prob": 0.1403757929801941
    },
    "clip_005_frame_001.jpg": {
      "violence_prob": 0.14143630862236023
    },
    "clip_005_frame_020.jpg": {
      "violence_prob": 0.14165692031383514
    },
    "clip_005_frame_039.jpg": {
      "violence_prob": 0.14406558871269226
    },
    "clip_006_frame_009.jpg": {
      "violence_prob": 0.14671824872493744
    },
    "clip_006_frame_028.jpg": {
      "violence_prob": 0.1442742645740509
    },
    "clip_006_frame_047.jpg": {
      "violence_prob": 0.1477324515581131
    },
    "clip_007_frame_017.jpg": {
      "violence_prob": 0.13991814851760864
    },
    "clip_007_frame_036.jpg": {
      "violence_prob": 0.13424162566661835
    },
    "clip_008_frame_005.jpg": {
      "violence_prob": 0.1364111602306366
    },
    "clip_008_frame_025.jpg": {
      "violence_prob": 0.1218293160200119
    },
    "clip_008_frame_044.jpg": {
      "violence_prob": 0.1161954402923584
    },
    "clip_009_frame_013.jpg": {
      "violence_prob": 0.12263926863670349
    },
    "clip_009_frame_033.jpg": {
      "violence_prob": 0.1325032114982605
    },
    "clip_010_frame_002.jpg": {
      "violence_prob": 0.13761547207832336
    },
    "clip_010_frame_021.jpg": {
      "violence_prob": 0.14318203926086426
    },
    "clip_010_frame_041.jpg": {
      "violence_prob": 0.14616510272026062
    },
    "clip_011_frame_010.jpg": {
      "violence_prob": 0.1516871601343155
    },
    "clip_011_frame_029.jpg": {
      "violence_prob": 0.15443329513072968
    },
    "clip_011_frame_049.jpg": {
      "violence_prob": 0.1554383784532547
    }
  },
  "overall": {
    "avg_violence_prob": 0.14494596421718597,
    "max_violence_prob": 0.15913352370262146,
    "p95_violence_prob": 0.1573706515133381
  }
}