{
  "scores": {
    "clip": 0.19953702837228776,
    "vit": 0.4625414445996284,
    "slowfast": 0.016643213108181953,
    "audio": 0.0,
    "text": 0.0,
    "violence_stream": 0.016643213108181953,
    "final": 0.20754808846861125
  },
  "fusion_weights": {
    "clip": 0.8,
    "vit": 0.1,
    "violence": 0.1,
    "audio": 0.0,
    "text": 0.0
  },
  "thresholds": {
    "allow": 0.3,
    "review": 0.55,
    "block": 0.78
  },
  "decision": "ALLOW"
}