{
  "model": "jaranohaal/vit-base-violence-detection",
  "frames_dir": "/home/jovyan/kau-muhayu-multimodal-harmful-content-detect/임영재/팀원_라벨링/팀원_데이터/video_frames/NV_846",
  "num_frames_total": 100,
  "num_frames_used": 10,
  "per_frame": {
    "clip_000_frame_000.jpg": {
      "violence_prob": 0.2281462848186493
    },
    "clip_000_frame_010.jpg": {
      "violence_prob": 0.22511769831180573
    },
    "clip_000_frame_020.jpg": {
      "violence_prob": 0.22820940613746643
    },
    "clip_000_frame_030.jpg": {
      "violence_prob": 0.21991172432899475
    },
    "clip_000_frame_040.jpg": {
      "violence_prob": 0.2476138025522232
    },
    "clip_001_frame_000.jpg": {
      "violence_prob": 0.2579684853553772
    },
    "clip_001_frame_010.jpg": {
      "violence_prob": 0.24658294022083282
    },
    "clip_001_frame_020.jpg": {
      "violence_prob": 0.22115111351013184
    },
    "clip_001_frame_030.jpg": {
      "violence_prob": 0.2404325306415558
    },
    "clip_001_frame_040.jpg": {
      "violence_prob": 0.18871773779392242
    }
  },
  "overall": {
    "avg_violence_prob": 0.23038517236709594,
    "max_violence_prob": 0.2579684853553772,
    "p95_violence_prob": 0.2533088780939579
  }
}