{
  "scores": {
    "clip": 0.8682372868061066,
    "vit": 0.5234812676906586,
    "slowfast": 0.0,
    "audio": 0.0,
    "text": 0.005159466527402401,
    "violence_stream": 0.0,
    "final": 0.44432435363531114
  },
  "fusion_weights": {
    "clip": 0.15,
    "vit": 0.6,
    "violence": 0.25,
    "audio": 0.0,
    "text": 0.0
  },
  "thresholds": {
    "allow": 0.3,
    "review": 0.55,
    "block": 0.78
  },
  "decision": "ALLOW"
}